0x010042d0	eol_letters_ramp
0x01004298	eol_letters_can_advance
0x01004238	eol_extra_ball_check
0x0100415c	eol_letters_clear
0x01004198	eol_game_reset
0x01004bb0	eol_light_multiball
0x01004b9c	eol_multiball_lit
0x0100461c	deff_055_eol_letters
0x01004cc0	eol_multiball_start
0x01004ddc	eol_vuk_start_if_lit
0x01004c68	eol_multiball_can_start
0x01004be8	eol_multiball_running
0x01004bfc	eol_running_or_grace_a
0x01004c30	eol_running_or_grace
0x01004e94	eol_jackpot_shot
0x01004b38	eol_jackpot_shot_entry
0x01004e10	eol_jackpot_value
0x01004e50	eol_double_jackpot_value
0x01004e60	eol_disc_value
0x01004e6c	eol_switch_value_add
0x01005074	eol_shot_score
0x010050b8	eol_restart_from_grace
0x010050f8	task_b0_eol_grace
0x01005124	eol_end_of_ball
0x01005154	eol_down_to_one_ball
0x01005198	eol_lit_rule
0x010055d8	eol_background_rule
0x01005610	eol_background_deff_music
0x01006240	eol_show_total
0x01006298	eol_init_rules
0x01004c94	task_a6_eol_intro
0x01005260	deff_056_eol_intro
0x01005524	deff_057_eol_switches
0x010057e0	deff_058_eol_jackpot
0x01005a48	deff_059_eol_double_jackpot
0x01005d44	deff_060_eol_disc_add_a_ball
0x01006010	deff_061_eol_total
0x010051c4	leff_057_eol_lit_flashers
0x01005658	leff_060_eol_disc_flashers
0x010056b8	tubeshow_088_eol_ramps_lit
