0x010246fc	sos_stage0_flynn_setup
0x010248ec	sos_stage0_flynn_shot
0x010249b8	sos_stage0_flynn_spot
0x010249c0	sos_stage1_gem_setup
0x01024bb0	sos_stage1_gem_shot
0x01024c84	sos_stage2_clu_setup
0x01024f34	sos_stage2_clu_shot
0x01025158	sos_stage3_zuse_setup
0x01025324	sos_stage3_zuse_shot
0x01025458	sos_stage4_quorra_setup
0x0102564c	sos_stage4_quorra_shot
0x01025720	sos_stage5_disc_setup
0x010258f0	sos_stage5_disc_shot
0x01025a74	sos_stage6_light_cycle_setup
0x01025c50	sos_stage6_light_cycle_shot
0x01025df8	sos_stage7_recognizer_setup
0x01025f64	sos_stage7_recognizer_shot
0x01026058	sos_stage8_tron_setup
0x01026228	sos_stage8_tron_shot
0x01026430	sos_complete
0x01026490	sos_stage_setup
0x01026520	sos_start
0x010265f4	sos_try_start_at_vuk
0x010266c0	sos_spot_current_stage
0x01026794	sos_tilt_pay_skip_bonuses
