0x0102a188	base_score_if_not_tilted
0x0102a728	left_orbit_shot_hooks
0x0102a794	right_orbit_shot_hooks
0x0102a940	on_left_ramp_made
0x0102aa50	on_right_ramp_made
0x0102a9bc	left_ramp_delayed_unused
0x0102aad8	right_ramp_delayed_unused
0x01029ba4	left_spinner_spin_and_lil_shot
0x01029b54	task64_left_spinner_queue
0x01029ab0	left_spinner_score_spin
0x01029f20	right_orbit_spinner_spin
0x01029ed0	task65_right_spinner_queue
0x01029e2c	right_spinner_score_spin
0x010299bc	spinner_values_ball_start_reset
0x01029a5c	left_spinner_value_advance_unused
0x01029dd8	right_spinner_value_advance_unused
0x0101c3a4	pop_bumper_hit
0x0101c244	pop_hits_for_next_level
0x0101c28c	pop_first_ball_reset
0x0101c30c	pop_value_ball_reset
0x0100f75c	bumper_busy_window_start
0x01017128	sling_lamp_rotate
0x0100b050	tron_target_hit
0x01016e58	outlane_special_or_sound
0x010127c0	outlane_insult_speech
0x00019b34	outlane_ball_save_check
0x0103129c	zen_award
0x01013a08	gem_qualify_right_inner_loop
0x01013eac	gem_hurryup_spin_hook
0x01000b28	ril_counter_add
0x0100ddb0	light_flynns_arcade
0x0102eddc	on_vuk_hooks
0x01005074	eol_switch_score
0x0000e85c	switch_dispatch_debounce
0x00010c70	switch_timeout_obj_add
0x00010c34	switch_timeout_obj_expire
0x00010c08	switch_timeout_obj_clear
0x00007304	flipper_buttons_held
0x0100a614	orbit_post_raise
0x0100f8b0	multiball_count
0x0100f918	any_multiball_running
