deff,text,status,call_site,tag,ds_font,font,observed_font,ds_font_list,font_list,ds_font_table,ds_flags,flags,ds_x,x,ds_y,y,observed_xy,ds_max_width
2,USE -/+ TO ADJUST VOLUME,match,0x1038208,observed,,,2,0x040d9194,0x40d9194=2,,2,2,64,64,31,31,"64,31",128
2,VOLUME %d,match,0x103823c,observed,12,12,12,,,,2,2,64,64,10,10,"64,10",
3,TECHNICIAN ALERT - (%d/%d),match,0x1037b10,code,2,2,,,,,2,2,64,64,4,4,,
3,NO,match,0x1037b4c,code,8,8,,,,,2,2,64,64,14,14,,
3,TECHNICIAN ALERTS,match,0x1037b74,code,8,8,,,,,2,2,64,64,23,23,,
3,%s,match,0x1037bcc,code,0,,,,0x40d917c=2,,2,2,64,64,31,31,,
4,50V / 20V DISABLED,match,0x1036f80,observed,8,8,8,,,,2,2,64,64,9,9,"64,9",
5,%s,match,0x1037260,code,2,2,,,,,2,2,64,64,21,21,,
6,%06d,match,0x103753c,observed,8,8,8,,,,2,2,64,64,12,12,"64,12",
6,%d HZ,match,0x103756c,observed,8,8,8,,,,2,2,64,64,25,25,"64,25",
7,THIS MACHINE WILL NOT,match,0x1036c50,observed,2,2,2,,,,2,2,64,64,7,7,"64,7",
7,OPERATE IN THIS COUNTRY,match,0x1036c74,observed,2,2,2,,,,2,2,64,64,14,14,"64,14",
7,PLEASE,match,0x1036c98,observed,2,2,2,,,,2,2,64,64,21,21,"64,21",
7,CONTACT YOUR DISTRIBUTOR,match,0x1036cc0,observed,2,2,2,,,,2,2,64,64,28,28,"64,28",
8,THIS GAME HAS A,match,0x1036ddc,observed,2,2,2,,,,2,2,64,64,7,7,"64,7",
8,HARDWARE/SOFTWARE,match,0x1036e00,observed,2,2,2,,,,2,2,64,64,14,14,"64,14",
8,MISMATCH,match,0x1036e24,observed,2,2,2,,,,2,2,64,64,21,21,"64,21",
8,PLEASE CONTACT STERN PINBALL,match,0x1036e4c,observed,2,2,2,,,,2,2,64,64,28,28,"64,28",
13,PINBALL MISSING,match,0x1035248,observed,12,12,12,,,,2,2,64,64,13,13,"64,13",
13,PLEASE WAIT...,match,0x103526c,observed,12,12,12,,,,2,2,64,64,25,25,"64,25",
19,BALL %d,match,0x1023618,observed,0,0,0,,,,1,1,42,42,30,30,"42,30",
20,BALL SAVED,match,0x103455c,observed,15,15,15,,,,2,2,64,64,15,15,"64,15",
20,KEEP SHOOTING,match,0x1034588,observed,2,2,2,,,,2,2,64,64,25,25,"64,25",
25,TOTAL BONUS,match,0x1000dd4,observed,12,12,12,,,,2,2,84,84,12,12,"84,12",
25,"%,02lu",match,0x1000f38,observed,15,15,15,,,,2,2,84,84,26,26,"84,26",
26,PLAYER %d,match,0x10125b4,observed,12,12,12,,,,2,2,84,84,13,13,"84,13",
26,SHOOT AGAIN,match,0x10125d8,observed,12,12,12,,,,2,2,84,84,25,25,"84,25",
28,%s,match,0x101269c,observed,12,12,12,,,,2,2,84,84,20,20,"84,20",
29,BUMP 'N' WIN,match,0x101271c,observed,12,12,12,,,,2,2,84,84,20,20,"84,20",
30,%u,match,0x1012a64,observed,39,39,39,,,,2,2,54,54,20,20,"54,20",
30,TICKET%P1//S/%,match,0x1012aa0,observed,37,37,37,,,,2,2,100,100,20,20,"100,20",
32,PLAYER %d - ENTER INITIALS,match,0x1034820,observed,,,2,0x040d89f8,0x40d89f8=2,,2,2,64,64,4,4,"64,4",128
32,%u,match,0x10348a4,code,2,2,,,,,1,1,0,0,21,21,,
32,%u,match,0x10348d8,code,2,2,,,,,4,4,127,127,21,21,,
33,PLAYER %d,match,0x1035040,observed,2,2,2,,,,2,2,64,64,6,6,"64,6",
35,YOU QUALIFIED!,differs: font_list(guess 12),0x10362a0,observed,,,12,0x040d8a80,"0x40d8a80=12,10,2",,2,2,64,64,24,24,"64,24",116
36,%P1/FIRST/SECOND/THIRD/FOURTH/FIFTH//% PLACE,match,0x10365e8,observed,2,2,2,,,,2,2,64,64,10,10,"64,10",
37,PLAYER %d,match,0x1036980,observed,12,12,12,,,,2,2,64,64,15,15,"64,15",
37,YOU ARE IN %P1/1ST/2ND/3RD/4TH/5TH//% PLACE!,match,0x10369a8,observed,2,2,2,,,,2,2,64,64,23,23,"64,23",
38,"%,02lu",match,0x102cfac,observed,30,30,30,,,,2,2,84,84,23,23,"84,23",
39,COMPETITION MODE,match,0x10352f0,observed,12,12,12,,,,2,2,64,64,11,11,"64,11",
39,READY,match,0x1035314,observed,12,12,12,,,,2,2,64,64,20,20,"64,20",
39,PRESS START NOW,match,0x1035338,observed,2,2,2,,,,2,2,64,64,27,27,"64,27",
39,%d,match,0x103535c,observed,12,12,12,,,,1,1,2,2,29,29,"2,29",
39,%d,match,0x1035380,observed,12,12,12,,,,4,4,125,125,29,29,"125,29",
40,PLAYER %d,match,0x100f678,observed,12,12,12,,,,2,2,84,84,13,13,"84,13",
40,YOU'RE UP,differs: font_list(guess 15),0x100f6b0,observed,,,15,0x040d2aa4,"0x40d2aa4=15,12,10,8,4",,2,2,84,84,25,25,"84,25",85
41,LEFT SPINNER =,match,0x1029cdc,observed,2,2,2,,,,2,2,84,84,7,7,"84,7",
41,"%,02lu",match,0x1029d0c,observed,2,2,2,,,,2,2,84,84,15,15,"84,15",
41,"%,02lu",match,0x1029d4c,observed,15,15,15,,,,2,2,84,84,28,28,"84,28",
42,RIGHT SPINNER =,match,0x102a040,observed,2,2,2,,,,2,2,84,84,7,7,"84,7",
42,"%,02lu",match,0x102a070,observed,2,2,2,,,,2,2,84,84,15,15,"84,15",
42,"%,02lu",match,0x102a0b0,observed,15,15,15,,,,2,2,84,84,28,28,"84,28",
43,%d MORE,match,0x101c6b4,observed,15,15,15,,,,2,2,84,84,11,11,"84,11",
43,POP BUMPERS =,match,0x101c6d8,observed,2,2,2,,,,2,2,84,84,17,17,"84,17",
43,"%,02lu",match,0x101c708,observed,2,2,2,,,,2,2,84,84,23,23,"84,23",
43,"%,02lu",match,0x101c738,observed,4,4,4,,,,2,2,84,84,29,29,"84,29",
44,LEVEL %d COMPLETED,match,0x101c868,observed,2,2,2,,,0x040d31bc,2,2,84,84,10,10,"84,10",
44,"%,02lu",match,0x101c8a0,observed,15,15,15,,,,2,2,84,84,25,25,"84,25",
45,LIGHT CYCLE MAZE,match,0x102d6b4,code,2,2,,,,,2,2,64,64,7,7,,
45,LEFT FLIPPER MOVES,match,0x102d6dc,code,2,2,,,,,2,2,64,64,14,14,,
45,RIGHT FLIPPER TURNS,match,0x102d700,code,2,2,,,,,2,2,64,64,21,21,,
45,FINISH BEFORE TIME RUNS OUT,match,0x102d724,code,2,2,,,,,2,2,64,64,28,28,,
45,WAVE %d COMPLETE,match,0x102d808,code,10,10,,,,,2,2,64,64,17,17,,
45,"%,02lu",match,0x102d834,code,15,15,,,,,2,2,64,64,29,29,,
45,LIGHT CYCLE MAZE END,match,0x102dac4,code,2,2,,,,,2,2,64,64,7,7,,
45,"%,02lu",match,0x102d9ac,code,15,15,,,,,2,2,64,64,21,21,,
45,LIGHT CYCLE MAZE,match,0x102d50c,code,2,2,,,,,2,2,64,64,8,8,,
45,"%,02lu",match,0x102d538,code,15,15,,,,,2,2,64,64,20,20,,
45,%d WAVE%P1//S/% / %d ITEM%P1//S/% COLLECTED,match,0x102d574,code,2,2,,,,,2,2,64,64,29,29,,
45,LIGHT CYCLE MAZE AWARD,match,0x102d8fc,code,2,2,,,,,2,2,64,64,7,7,,
45,EXTRA BALL IS LIT,match,0x102d974,code,14,14,,,,,2,2,64,64,21,21,,
45,%s COLLECTED,match,0x102d9f0,code,14,14,,,,,2,2,64,64,21,21,,
45,QUIT,match,0x102da30,code,14,14,,,,,2,2,64,64,21,21,,
46,DISC,match,0x1007b70,observed,39,39,39,,,,2,2,84,84,14,14,"84,14",
46,MULTIBALL,match,0x1007b94,observed,39,39,39,,,,2,2,84,84,26,26,"84,26",
47,DISC MULTIBALL,match,0x1007fac,observed,33,33,33,,,,2,2,84,84,7,7,"84,7",
47,%d,match,0x1008020,observed,33,33,33,,,,2,2,84,84,16,16,"84,16",
47,SHOOT RECOGNIZER,match,0x10080dc,code,1,1,,,,,2,2,84,84,23,23,,
47,SHOOT SPINNING DISC,match,0x1008050,observed,1,1,1,,,,2,2,84,84,23,23,"84,23",
47,"SUPER=%,02lu",match,0x1008170,code,1,1,,,,,2,2,84,84,30,30,,
48,DISC MULTIBALL,match,0x1008a28,observed,3,3,3,,,,2,2,84,84,8,8,"84,8",
48,JACKPOT,match,0x1008a4c,observed,3,3,3,,,,2,2,84,84,15,15,"84,15",
48,"%,02lu",match,0x1008a94,observed,16,16,16,,,,2,2,84,84,27,27,"84,27",
49,DISC MULTIBALL,match,0x1008d24,observed,3,3,3,,,,2,2,84,84,8,8,"84,8",
49,JACKPOT,match,0x1008d48,observed,3,3,3,,,,2,2,84,84,15,15,"84,15",
49,"%,02lu",match,0x1008d90,observed,16,16,16,,,,2,2,84,84,27,27,"84,27",
50,SUPER JACKPOT,match,0x1009004,observed,11,11,11,,,,2,2,84,84,13,13,"84,13",
50,"%,02lu",match,0x1009048,observed,18,18,18,,,,2,2,84,84,27,27,"84,27",
51,DISC MULTIBALL,differs: font_list(guess 33),0x1009268,observed,,,33,0x040d2834,"0x40d2834=33,1",,2,2,84,84,8,8,"84,8",87
51,TOTAL:,match,0x100928c,observed,33,33,33,,,,2,2,84,84,16,16,"84,16",
51,"%,02lu",match,0x10092d0,observed,38,38,38,,,,2,2,84,84,29,29,"84,29",
52,DISC,match,0x1009510,observed,39,39,39,,,,2,2,84,84,10,10,"84,10",
52,MULTIBALL,match,0x1009534,observed,39,39,39,,,,2,2,84,84,20,20,"84,20",
52,RESTART,match,0x1009558,observed,39,39,39,,,,2,2,84,84,30,30,"84,30",
53,DISC MULTIBALL,match,0x100973c,observed,33,33,33,,,,2,2,84,84,7,7,"84,7",
53,RESTART,match,0x1009760,observed,39,39,39,,,,2,2,84,84,16,16,"84,16",
53,SHOOT DISC,match,0x1009784,observed,33,33,33,,,,2,2,84,84,23,23,"84,23",
53,%d,match,0x10097ac,observed,33,33,33,,,,2,2,84,84,30,30,"84,30",
54,DISC,match,0x1009a0c,observed,39,39,39,,,,2,2,84,84,14,14,"84,14",
54,MULTIBALL,match,0x1009a30,observed,39,39,39,,,,2,2,84,84,26,26,"84,26",
55,MULTIBALL + E.B.,match,0x10048bc,code,33,33,,,,,2,2,84,84,26,26,,
55,%s,match,0x1004958,observed,33,33,33,,,,2,2,84,84,32,32,"84,32",
55,EXTRA BALL,match,0x1004924,observed,33,33,33,,,,2,2,84,84,26,26,"84,26",
55,%u MORE TO,match,0x1004a0c,observed,33,33,33,,,,2,2,84,84,26,26,"84,26",
55,LIGHT MULTIBALL,match,0x1004a94,observed,33,33,33,,,,2,2,84,84,32,32,"84,32",
55,MULTIBALL,match,0x1004994,code,33,33,,,,,2,2,84,84,26,26,,
55,IS LIT,match,0x10049c0,code,33,33,,,,,2,2,84,84,32,32,,
56,END OF LINE,match,0x10053b4,observed,37,37,37,,,,2,2,84,84,14,14,"84,14",
56,MULTIBALL,match,0x10053e8,observed,40,40,40,,,,2,2,84,84,25,25,"84,25",
57,"SWITCHES=%,02lu",match,0x10055a4,observed,3,3,3,,,,2,2,84,84,31,31,"84,31",
58,JACKPOT,match,0x10058c8,observed,33,33,33,,,,2,2,84,84,11,11,"84,11",
58,"%,02lu",match,0x1005910,observed,18,18,18,,,,2,2,84,84,26,26,"84,26",
59,DOUBLE JACKPOT,match,0x1005b30,observed,33,33,33,,,,2,2,84,84,11,11,"84,11",
59,"%,02lu",match,0x1005b78,observed,18,18,18,,,,2,2,84,84,26,26,"84,26",
60,"%,02lu",match,0x1005e4c,observed,18,18,18,,,,2,2,84,84,18,18,"84,18",
60,BALL ADDED,match,0x1005e74,observed,33,33,33,,,,2,2,84,84,26,26,"84,26",
60,"%,02lu",match,0x1005ec0,observed,18,18,18,,,,2,2,84,84,15,15,"84,15",
60,%u MORE FOR,match,0x1005eec,observed,33,33,33,,,,2,2,84,84,22,22,"84,22",
60,ADD-A-BALL,match,0x1005f14,observed,33,33,33,,,,2,2,84,84,29,29,"84,29",
61,END OF LINE,match,0x1006084,observed,33,33,33,,,,2,2,84,84,8,8,"84,8",
61,MULTIBALL,match,0x10060a8,observed,33,33,33,,,,2,2,84,84,14,14,"84,14",
61,TOTAL:,match,0x10060cc,observed,33,33,33,,,,2,2,84,84,20,20,"84,20",
61,"%,02lu",match,0x1006104,observed,12,12,12,,,,2,2,84,84,28,28,"84,28",
62,%d,match,0x101d3f4,observed,28,28,28,,,,2,2,100,100,14,14,"100,14",
62,TO LIGHT,match,0x101d418,observed,33,33,33,,,,2,2,100,100,20,20,"100,20",
62,QUORRA,match,0x101d43c,observed,33,33,33,,,,2,2,100,100,26,26,"100,26",
62,MULTIBALL,match,0x101d460,observed,33,33,33,,,,2,2,100,100,32,32,"100,32",
63,QUORRA,match,0x101d790,observed,33,33,33,,,,2,2,100,100,8,8,"100,8",
63,MULTIBALL,match,0x101d7b4,observed,33,33,33,,,,2,2,100,100,15,15,"100,15",
63,IS LIT,match,0x101d7e4,observed,39,39,39,,,0x040d3238,2,2,100,100,27,27,"100,27",
64,QUORRA,match,0x101daa0,observed,39,39,39,,,,2,2,84,84,13,13,"84,13",
64,MULTIBALL,match,0x101dad0,observed,39,39,39,,,,2,2,84,84,25,25,"84,25",
65,QUORRA MULTIBALL,match,0x101ded0,observed,1,1,1,,,,2,2,84,84,7,7,"84,7",
65,%s,match,0x101e01c,observed,1,1,1,,,,2,2,84,84,18,18,"84,18",
65,%s,match,0x101e04c,observed,1,1,1,,,,2,2,84,84,24,24,"84,24",
65,"SUPER=%,02lu",match,0x101dfe4,code,1,1,,,,,2,2,84,84,30,30,,
65,%d,match,0x101df1c,code,3,3,,,,,1,1,43,43,13,13,,
65,%d,match,0x101df50,code,3,3,,,,,4,4,125,125,13,13,,
65,ALL JACKPOTS,match,0x101df7c,code,1,1,,,,,2,2,84,84,18,18,,
65,DOUBLED,match,0x101dfac,code,1,1,,,,,2,2,84,84,24,24,,
66,QUORRA MULTIBALL,match,0x101ece8,observed,2,2,2,,,,2,2,84,84,7,7,"84,7",
66,%d MORE TO,match,0x101ed20,observed,39,39,39,,,0x040d3290,2,2,84,84,19,19,"84,19",
66,ADD BALL,match,0x101ed48,observed,39,39,39,,,0x040d3290,2,2,84,84,29,29,"84,29",
67,QUORRA MULTIBALL,match,0x101ef44,observed,2,2,2,,,,2,2,84,84,8,8,"84,8",
67,BALL,match,0x101ef74,observed,39,39,39,,,,2,2,84,84,20,20,"84,20",
67,ADDED,match,0x101ef9c,observed,39,39,39,,,,2,2,84,84,30,30,"84,30",
68,DOUBLE,match,0x101e418,observed,39,39,39,,,,2,2,84,84,10,10,"84,10",
68,JACKPOT,match,0x101e440,observed,33,33,33,,,,2,2,84,84,17,17,"84,17",
68,"%,02lu",match,0x101e484,observed,16,16,16,,,,2,2,84,84,29,29,"84,29",
68,JACKPOT,match,0x101e4c0,observed,39,39,39,,,,2,2,84,84,13,13,"84,13",
68,"%,02lu",match,0x101e504,observed,16,16,16,,,,2,2,84,84,27,27,"84,27",
69,DOUBLE,match,0x101e748,observed,39,39,39,,,,2,2,84,84,10,10,"84,10",
69,SUPER JACKPOT,match,0x101e76c,observed,33,33,33,,,,2,2,84,84,17,17,"84,17",
69,"%,02lu",match,0x101e7b0,observed,16,16,16,,,,2,2,84,84,29,29,"84,29",
69,SUPER,match,0x101e7e8,observed,39,39,39,,,,2,2,84,84,10,10,"84,10",
69,JACKPOT,match,0x101e80c,observed,33,33,33,,,,2,2,84,84,17,17,"84,17",
70,QUORRA,match,0x101ea5c,observed,33,33,33,,,,4,4,127,127,8,8,"127,8",
70,MULTIBALL,match,0x101ea80,observed,33,33,33,,,,4,4,127,127,14,14,"127,14",
70,TOTAL:,match,0x101eaa4,observed,33,33,33,,,,4,4,127,127,20,20,"127,20",
70,"%,02lu",match,0x101eae0,observed,34,34,34,,,,4,4,127,127,30,30,"127,30",
71,TERMINATE CLU,match,0x1002424,observed,11,11,11,,,,2,2,84,84,14,14,"84,14",
71,SHOOT,match,0x1002448,observed,1,1,1,,,,2,2,84,84,20,20,"84,20",
71,CLU HELMET SHOTS,match,0x100246c,observed,1,1,1,,,,2,2,84,84,26,26,"84,26",
72,TERMINATE CLU,match,0x10027c0,observed,10,10,10,,,,2,2,84,84,10,10,"84,10",
72,%d,match,0x10027f0,observed,14,14,14,,,,1,1,42,42,21,21,"42,21",
72,SHOOT CLU HELMET SHOTS,match,0x1002818,observed,0,0,0,,,,2,2,85,85,28,28,"85,28",
72,"%,02lu",match,0x100286c,observed,12,12,12,,,,4,4,127,127,20,20,"127,20",
73,"%,02lu",match,0x1002b38,observed,17,17,17,,,,2,2,84,84,21,21,"84,21",
74,TERMINATE,match,0x1002dd0,observed,33,33,33,,,,4,4,127,127,8,8,"127,8",
74,CLU,match,0x1002df4,observed,33,33,33,,,,4,4,127,127,14,14,"127,14",
74,TOTAL:,match,0x1002e18,observed,33,33,33,,,,4,4,127,127,20,20,"127,20",
74,"%,02lu",match,0x1002e54,observed,36,36,36,,,,4,4,127,127,30,30,"127,30",
75,%d,match,0x1014210,observed,12,12,12,,,,2,2,75,75,9,9,"75,9",
75,MORE TO START,match,0x1014238,observed,2,2,2,,,,2,2,75,75,15,15,"75,15",
75,FOLLOW GEM,match,0x101425c,observed,2,2,2,,,,2,2,75,75,21,21,"75,21",
76,FOLLOW GEM,match,0x1014460,observed,15,15,15,,,,2,2,84,84,12,12,"84,12",
76,SHOOT,match,0x1014488,observed,2,2,2,,,,2,2,84,84,21,21,"84,21",
76,RIGHT INNER LOOP,match,0x10144ac,observed,2,2,2,,,,2,2,84,84,28,28,"84,28",
77,FOLLOW GEM,match,0x101466c,observed,12,12,12,,,,2,2,84,84,10,10,"84,10",
77,%d,match,0x10146a0,observed,14,14,14,,,,1,1,42,42,21,21,"42,21",
77,SHOOT RIGHT INNER LOOP,match,0x10146c4,observed,0,0,0,,,,2,2,84,84,28,28,"84,28",
77,"%,02lu",match,0x101471c,observed,12,12,12,,,,4,4,127,127,20,20,"127,20",
78,FOLLOW GEM,match,0x1014838,observed,2,2,2,,,,2,2,84,84,7,7,"84,7",
78,%d FOLLOWING%P1//S/%,match,0x1014874,observed,12,12,12,,,0x040d2bec,2,2,84,84,17,17,"84,17",
78,"%,02lu",match,0x10148b0,observed,12,12,12,,,,2,2,84,84,27,27,"84,27",
79,FOLLOW,match,0x1014ba0,observed,33,33,33,,,,1,1,42,42,8,8,"42,8",
79,GEM,match,0x1014bc4,observed,33,33,33,,,,1,1,42,42,14,14,"42,14",
79,TOTAL:,match,0x1014be8,observed,33,33,33,,,,1,1,42,42,20,20,"42,20",
79,"%,02lu",match,0x1014c24,observed,36,36,36,,,,1,1,42,42,30,30,"42,30",
80,%d MORE,match,0x10173c4,observed,2,2,2,,,,2,2,84,84,4,4,"84,4",
80,TO LIGHT HURRY-UP,match,0x10173f0,observed,2,2,2,,,0x040d2ee8,2,2,84,84,31,31,"84,31",
80,HURRY-UP,match,0x101734c,observed,2,2,2,,,,2,2,84,84,4,4,"84,4",
80,IS LIT,match,0x101737c,observed,2,2,2,,,,2,2,84,84,31,31,"84,31",
81,SPECIAL IS LIT,match,0x1017550,observed,2,2,2,,,,2,2,84,84,16,16,"84,16",
82,SPECIAL,match,0x10175d8,observed,2,2,2,,,,2,2,84,84,16,16,"84,16",
83,%d MORE,match,0x1018cb0,observed,39,39,39,,,,2,2,84,84,10,10,"84,10",
83,TO LIGHT,differs: font_list(guess 39),0x1018ce0,observed,,,39,0x040d302c,"0x40d302c=39,38,37,36,34,33",,2,2,84,84,20,20,"84,20",85
83,LIGHT CYCLE,match,0x1018d08,observed,0,0,0,,,,2,2,84,84,27,27,"84,27",
84,LIGHT CYCLE,match,0x1018f58,observed,37,37,37,,,,2,2,84,84,8,8,"84,8",
84,MULTIBALL,differs: font_list(guess 39),0x1018f88,observed,,,39,0x040d302c,"0x40d302c=39,38,37,36,34,33",,2,2,84,84,18,18,"84,18",85
84,IS LIT,match,0x1018fac,observed,37,37,37,,,,2,2,84,84,28,28,"84,28",
85,LIGHT CYCLE,match,0x1019340,observed,37,37,37,,,,2,2,84,84,14,14,"84,14",
85,MULTIBALL,differs: font_list(guess 39),0x101937c,observed,,,39,0x040d302c,"0x40d302c=39,38,37,36,34,33",,2,2,84,84,25,25,"84,25",85
86,LIGHT CYCLE,match,0x1019830,observed,33,33,33,,,,2,2,84,84,6,6,"84,6",
86,MULTIBALL,match,0x1019854,observed,33,33,33,,,,2,2,84,84,12,12,"84,12",
87,JACKPOT,match,0x1019fd0,observed,33,33,33,,,,2,2,84,84,8,8,"84,8",
87,"%,02lu",match,0x101a018,observed,18,18,18,,,,2,2,84,84,26,26,"84,26",
88,SUPER JACKPOT,match,0x101a368,observed,33,33,33,,,,2,2,84,84,10,10,"84,10",
88,"%,02lu",match,0x101a3b0,observed,18,18,18,,,,2,2,84,84,27,27,"84,27",
89,DOUBLE,match,0x101a6e0,observed,33,33,33,,,,2,2,84,84,8,8,"84,8",
89,SUPER JACKPOT,match,0x101a704,observed,33,33,33,,,,2,2,84,84,14,14,"84,14",
89,"%,02lu",match,0x101a74c,observed,18,18,18,,,,2,2,84,84,28,28,"84,28",
90,LIGHT CYCLE,match,0x101aa40,observed,33,33,33,,,,2,2,84,84,6,6,"84,6",
90,MULTIBALL,match,0x101aa6c,observed,33,33,33,,,,2,2,84,84,12,12,"84,12",
90,TOTAL:,match,0x101aa98,observed,33,33,33,,,,2,2,84,84,20,20,"84,20",
90,"%,02lu",match,0x101aadc,observed,12,12,12,,,,2,2,84,84,30,30,"84,30",
91,COLLECT,match,0x1033be4,observed,33,33,33,,,,2,2,84,84,5,5,"84,5",
91,FOR FASTSCORING,match,0x1033c18,observed,33,33,33,,,,2,2,84,84,32,32,"84,32",
91,FOR SOS ITEM,match,0x1033c84,observed,33,33,33,,,,2,2,84,84,32,32,"84,32",
92,%d MORE,match,0x1034054,observed,33,33,33,,,,2,2,84,84,5,5,"84,5",
92,FOR FASTSCORING,match,0x1034084,observed,33,33,33,,,,2,2,84,84,32,32,"84,32",
93,ZUSE,match,0x10322a4,observed,4,4,4,,,0x040d6f50,2,2,84,84,8,8,"84,8",
93,FAST SCORING,match,0x10322c8,observed,4,4,4,,,0x040d6f50,2,2,84,84,15,15,"84,15",
93,READY,match,0x10322fc,observed,16,16,16,,,,2,2,84,84,28,28,"84,28",
94,FAST SCORING,match,0x10325fc,observed,34,34,34,,,0x040d6f98,2,2,84,84,30,30,"84,30",
95,%u,match,0x1032878,observed,1,1,1,,,,1,1,42,42,6,6,"42,6",
95,%u,match,0x10328a0,observed,1,1,1,,,,4,4,127,127,6,6,"127,6",
95,"ALL TARGETS=%,02lu",match,0x10328cc,observed,0,0,0,,,,2,2,85,85,31,31,"85,31",
96,%u,match,0x1032b10,observed,1,1,1,,,,1,1,42,42,6,6,"42,6",
96,%u,match,0x1032b3c,observed,1,1,1,,,,4,4,127,127,6,6,"127,6",
96,"ALL TARGETS=%,02lu",match,0x1032b70,observed,0,0,0,,,,2,2,85,85,31,31,"85,31",
97,ALL,match,0x1032e14,observed,39,39,39,,,,2,2,84,84,10,10,"84,10",
97,TARGETS,match,0x1032e38,observed,39,39,39,,,,2,2,84,84,20,20,"84,20",
97,"%,02lu",match,0x1032e78,observed,39,39,39,,,,2,2,84,84,30,30,"84,30",
98,%u,match,0x1032fd0,observed,1,1,1,,,,1,1,42,42,6,6,"42,6",
98,%u,match,0x1033004,observed,1,1,1,,,,4,4,127,127,6,6,"127,6",
98,"ALL TARGETS=%,02lu",match,0x1033034,observed,0,0,0,,,,2,2,85,85,31,31,"85,31",
98,TIME,match,0x1033068,observed,39,39,39,,,0x040d6fdc,2,2,84,84,11,11,"84,11",
98,EXTENDED,match,0x103309c,observed,39,39,39,,,0x040d6fdc,2,2,84,84,23,23,"84,23",
99,FAST SCORING,match,0x1033250,observed,7,7,7,,,,2,2,98,98,10,10,"98,10",
99,TOTAL:,match,0x1033274,observed,3,3,3,,,0x040d700c,2,2,98,98,17,17,"98,17",
99,"%,02lu","differs: font_list(guess 15,12,2)",0x10332c0,observed,,,16,0x040d6ff4,"0x40d6ff4=16,13,11,7,1",,2,2,98,98,29,29,"98,29",57
100,ZEN,match,0x10313ac,observed,17,17,17,,,,2,2,84,84,20,20,"84,20",
101,SKILL SHOT,match,0x1029344,observed,37,37,37,,,0x040d39a8,2,2,84,84,13,13,"84,13",
101,"%,02lu",match,0x1029380,observed,39,39,39,,,,2,2,84,84,26,26,"84,26",
102,SKILL SHOT,match,0x1029550,observed,37,37,37,,,0x040d39a8,2,2,84,84,13,13,"84,13",
102,"%,02lu",match,0x102958c,observed,39,39,39,,,,2,2,84,84,26,26,"84,26",
103,SKILL SHOT,match,0x10296e8,observed,37,37,37,,,0x040d39a8,2,2,84,84,13,13,"84,13",
103,"%,02lu",match,0x1029724,observed,39,39,39,,,,2,2,84,84,26,26,"84,26",
104,ARCADE IS LIT,match,0x100e460,observed,3,3,3,,,,2,2,84,84,27,27,"84,27",
106,%d TRON,match,0x102ca84,observed,14,14,14,,,,2,2,84,84,12,12,"84,12",
106,COMPLETED,match,0x102caa8,observed,14,14,14,,,,2,2,84,84,24,24,"84,24",
107,COLLECT,match,0x102c904,observed,33,33,33,,,,2,2,84,84,5,5,"84,5",
107,FOR TIMED AWARD,match,0x102c934,observed,33,33,33,,,,2,2,84,84,32,32,"84,32",
108,%u MORE,match,0x102045c,observed,39,39,39,,,0x040d32c4,2,2,84,84,10,10,"84,10",
108,TO ACCESS,match,0x1020484,observed,39,39,39,,,0x040d32c4,2,2,84,84,20,20,"84,20",
108,DISC,match,0x10204a8,observed,39,39,39,,,,2,2,84,84,30,30,"84,30",
109,DISC,match,0x1021330,observed,39,39,39,,,,2,2,84,84,9,9,"84,9",
109,BATTLE,match,0x1021358,observed,39,39,39,,,,2,2,84,84,20,20,"84,20",
109,READY,match,0x1021380,observed,39,39,39,,,,2,2,84,84,31,31,"84,31",
110,RECOGNIZER BATTLE!,match,0x1021650,observed,1,1,1,,,,2,2,84,84,6,6,"84,6",
110,SHOOT RECOGNIZER,match,0x1021674,observed,1,1,1,,,,2,2,84,84,31,31,"84,31",
111,%d,match,0x1021cac,observed,16,16,16,,,,2,2,84,84,12,12,"84,12",
111,MORE TO START,match,0x1021cd0,observed,3,3,3,,,,2,2,84,84,19,19,"84,19",
111,DISC MULTIBALL,differs: font_list(guess 11),0x1021d00,observed,,,11,0x040d33a8,"0x40d33a8=11,5,3,7,1",,2,2,84,84,29,29,"84,29",85
112,SUPER,match,0x100ce44,observed,39,39,39,,,0x040d2900,2,2,84,84,11,11,"84,11",
112,POPS,match,0x100ce74,observed,39,39,39,,,0x040d2900,2,2,84,84,29,29,"84,29",
112,DOUBLE,match,0x100cc28,observed,39,39,39,,,0x040d2900,2,2,84,84,11,11,"84,11",
112,SCORING,match,0x100cc58,observed,39,39,39,,,0x040d2900,2,2,84,84,29,29,"84,29",
112,SPINNERS,match,0x100d094,observed,39,39,39,,,0x040d2900,2,2,84,84,29,29,"84,29",
112,POPS SCORE,match,0x100cd24,observed,10,10,10,,,,2,2,84,84,12,12,"84,12",
112,3X,match,0x100cd54,observed,17,17,17,,,,2,2,84,84,26,26,"84,26",
112,ALL SCORES,match,0x100cb0c,observed,10,10,10,,,,2,2,84,84,12,12,"84,12",
112,DOUBLED,match,0x100cb3c,observed,17,17,17,,,,2,2,84,84,26,26,"84,26",
112,SPINNERS SCORE,match,0x100cf4c,observed,10,10,10,,,0x040d2918,2,2,84,84,12,12,"84,12",
113,SEA OF,match,0x1026a20,observed,36,36,36,,,,2,2,84,84,14,14,"84,14",
113,SIMULATION,match,0x1026a50,observed,36,36,36,,,,2,2,84,84,26,26,"84,26",
113,COMPLETE,match,0x1026adc,observed,33,33,33,,,,2,2,84,84,8,8,"84,8",
113,ALL STAGES,match,0x1026b0c,observed,33,33,33,,,,2,2,84,84,15,15,"84,15",
113,TO REACH,match,0x1026b3c,observed,33,33,33,,,,2,2,84,84,22,22,"84,22",
113,THE PORTAL,match,0x1026b6c,observed,33,33,33,,,,2,2,84,84,29,29,"84,29",
114,SEA OF,match,0x1026cd8,observed,33,33,33,,,,2,2,84,84,8,8,"84,8",
114,SIMULATION,match,0x1026cfc,observed,33,33,33,,,,2,2,84,84,14,14,"84,14",
114,%s,match,0x1026d34,observed,33,33,33,,,,2,2,84,84,23,23,"84,23",
114,%s,match,0x1026d64,observed,33,33,33,,,,2,2,84,84,29,29,"84,29",
115,%s,match,0x10271e4,observed,33,33,33,,,,2,2,84,84,8,8,"84,8",
115,%s,match,0x1027208,observed,33,33,33,,,,2,2,84,84,15,15,"84,15",
115,"%,02lu",match,0x1027248,observed,16,16,16,,,,2,2,84,84,28,28,"84,28",
116,"%,02lu",match,0x1027544,observed,18,18,18,,,,2,2,84,84,22,22,"84,22",
117,"%,02lu",match,0x1027544,code,18,18,,,,,2,2,84,84,22,22,,
118,"%,02lu",match,0x1027544,code,18,18,,,,,2,2,84,84,22,22,,
119,"%,02lu",match,0x1027544,code,18,18,,,,,2,2,84,84,22,22,,
120,"%,02lu",match,0x1027544,code,18,18,,,,,2,2,84,84,22,22,,
121,"%,02lu",match,0x1027544,code,18,18,,,,,2,2,84,84,22,22,,
122,"%,02lu",match,0x1027544,code,18,18,,,,,2,2,84,84,22,22,,
123,"%,02lu",match,0x1027544,code,18,18,,,,,2,2,84,84,22,22,,
124,"%,02lu",match,0x1027544,code,18,18,,,,,2,2,84,84,22,22,,
125,SEA OF,match,0x1028258,observed,33,33,33,,,,2,2,84,84,8,8,"84,8",
125,SIMULATION,match,0x102827c,observed,33,33,33,,,,2,2,84,84,14,14,"84,14",
125,COMPLETED,match,0x10282a0,observed,33,33,33,,,,2,2,84,84,20,20,"84,20",
125,"%,02lu",match,0x10282e8,observed,36,36,36,,,,2,2,84,84,29,29,"84,29",
126,SEA OF,match,0x1028494,observed,33,33,33,,,,2,2,81,81,8,8,"81,8",
126,SIMULATION,match,0x10284b8,observed,33,33,33,,,,2,2,81,81,14,14,"81,14",
126,TOTAL:,match,0x10284dc,observed,33,33,33,,,,2,2,81,81,20,20,"81,20",
126,"%,02lu",match,0x102851c,observed,36,36,36,,,,2,2,81,81,29,29,"81,29",
127,%u,match,0x1010c1c,observed,5,5,5,,,,1,1,0,0,31,31,"0,31",
130,GAME OVER,match,0x1011eac,observed,12,12,12,,,,2,2,84,84,21,21,"84,21",
130,%u MORE,match,0x1011ef4,observed,39,39,39,,,,2,2,84,84,10,10,"84,10",
130,TO ACCESS,match,0x1011f18,observed,39,39,39,,,,2,2,84,84,20,20,"84,20",
130,DISC,match,0x1011f3c,observed,39,39,39,,,,2,2,84,84,30,30,"84,30",
132,EXTRA BALL,match,0x1012310,observed,14,14,14,,,,2,2,84,84,14,14,"84,14",
132,IS LIT,match,0x1012334,observed,14,14,14,,,,2,2,84,84,26,26,"84,26",
133,EXTRA,match,0x101243c,observed,13,13,13,,,,4,4,127,127,10,10,"127,10",
133,BALL,match,0x1012460,observed,13,13,13,,,,4,4,127,127,20,20,"127,20",
133,"%,02lu",match,0x1012494,observed,13,13,13,,,,4,4,127,127,30,30,"127,30",
133,EXTRA,match,0x10124c8,observed,13,13,13,,,,4,4,127,127,14,14,"127,14",
133,BALL,match,0x10124ec,observed,13,13,13,,,,4,4,127,127,26,26,"127,26",
134,LEFT RAMP MADE,"differs: font_list(guess 10,6)",0x101c9a4,observed,,,10,0x040d31d4,"0x40d31d4=10,4,6",,2,2,84,84,9,9,"84,9",85
134,SHOOT LEFT ORBIT,"differs: font_list(guess 10,6)",0x101c9cc,observed,,,6,0x040d31d4,"0x40d31d4=10,4,6",,2,2,84,84,19,19,"84,19",85
134,FOR BIG BUMPS,"differs: font_list(guess 10,6)",0x101c9f4,observed,,,10,0x040d31d4,"0x40d31d4=10,4,6",,2,2,84,84,29,29,"84,29",85
135,%d BIG BUMP%P1//S/%,match,0x101cab4,observed,10,10,10,,,,2,2,84,84,9,9,"84,9",
135,"%,02lu",match,0x101caec,observed,22,22,22,,,,2,2,84,84,31,31,"84,31",
136,SHOOT,match,0x100d92c,observed,33,33,33,,,,4,4,127,127,6,6,"127,6",
136,ROVING,match,0x100d950,observed,33,33,33,,,,4,4,127,127,12,12,"127,12",
136,RED ARROW,match,0x100d974,observed,33,33,33,,,,4,4,127,127,18,18,"127,18",
136,TO,match,0x100d998,observed,33,33,33,,,,4,4,127,127,24,24,"127,24",
136,FIND FLYNN,match,0x100d9bc,observed,33,33,33,,,,4,4,127,127,30,30,"127,30",
137,FLYNN,match,0x100db90,observed,33,33,33,,,,4,4,127,127,10,10,"127,10",
137,FOUND,match,0x100dbb4,observed,33,33,33,,,,4,4,127,127,17,17,"127,17",
137,"%,02lu",match,0x100dbf8,observed,36,36,36,,,,4,4,127,127,27,27,"127,27",
138,WAY,match,0x1003d24,observed,33,33,33,,,,1,1,85,85,6,6,"85,6",
138,COMBO,match,0x1003d4c,observed,33,33,33,,,,1,1,85,85,12,12,"85,12",
138,"%,02lu",match,0x1003d80,observed,33,33,33,,,,1,1,85,85,18,18,"85,18",
138,%s,match,0x1003db0,observed,0,0,0,,,,2,2,84,84,24,24,"84,24",
138,"JACKPOT=%,02lu",match,0x1003dfc,observed,0,0,0,,,,2,2,84,84,30,30,"84,30",
139,END OF LINE,match,0x1003f64,observed,33,33,33,,,,2,2,84,84,11,11,"84,11",
139,JACKPOT,match,0x1003f8c,observed,33,33,33,,,,2,2,84,84,17,17,"84,17",
139,"%,02lu",match,0x1003fd0,observed,36,36,36,,,,2,2,84,84,27,27,"84,27",
140,"%,02lu",match,0x102fbe0,observed,13,13,13,,,,2,2,84,84,13,13,"84,13",
140,SEA OF SIMULATION,match,0x102fc08,observed,1,1,1,,,,2,2,84,84,21,21,"84,21",
140,BONUS,match,0x102fc30,observed,1,1,1,,,,2,2,84,84,27,27,"84,27",
140,PORTAL,match,0x102fcc0,observed,39,39,39,,,,2,2,84,84,14,14,"84,14",
140,MULTIBALL,match,0x102fcf0,observed,39,39,39,,,,2,2,84,84,26,26,"84,26",
140,COMPLETE ALL SHOTS,match,0x102fd84,observed,1,1,1,,,,2,2,84,84,10,10,"84,10",
140,FOR,match,0x102fdb4,observed,1,1,1,,,,2,2,84,84,17,17,"84,17",
140,SUPER JACKPOT,match,0x102fde4,observed,11,11,11,,,,2,2,84,84,27,27,"84,27",
141,PORTAL MULTIBALL,match,0x102fff4,observed,0,0,0,,,,2,2,84,84,7,7,"84,7",
141,SUPER JACKPOT LIT,match,0x1030098,code,0,0,,,,,2,2,84,84,16,16,,
141,SHOOT DISC,match,0x10300c0,code,0,0,,,,,2,2,84,84,22,22,,
141,"NEXT SHOT=%,02lu",match,0x103004c,observed,0,0,0,,,,2,2,84,84,22,22,"84,22",
141,"ALL SHOTS=%,02lu",match,0x1030128,code,0,"one of {(loop_var@0x1030004 & 4), (loop_var@0x10300f4 & 4)}",,,,,2,2,84,84,22,22,,
142,"%,02lu",match,0x1030678,observed,18,18,18,,,,2,2,84,84,22,22,"84,22",
143,SUPER,match,0x1030908,observed,1,1,1,,,,2,2,84,84,8,8,"84,8",
143,JACKPOT,match,0x1030930,observed,1,1,1,,,,2,2,84,84,14,14,"84,14",
143,"%,02lu",match,0x1030978,observed,18,18,18,,,,2,2,84,84,28,28,"84,28",
144,"%,02lu",match,0x1030bb0,observed,18,18,18,,,,2,2,84,84,22,22,"84,22",
145,PORTAL MULTIBALL,match,0x1030d90,observed,1,1,1,,,,2,2,84,84,11,11,"84,11",
145,TOTAL:,match,0x1030db4,observed,1,1,1,,,,2,2,84,84,17,17,"84,17",
145,"%,02lu",match,0x1030df4,observed,13,13,13,,,,2,2,84,84,26,26,"84,26",
,FONT_LISTS 0x040d2834,differs,,code,,,,33,"0x040d2834=33,1",,,,,,,,,
,FONT_LISTS 0x040d2aa4,differs,,code,,,,15,"0x040d2aa4=15,12,10,8,4",,,,,,,,,
,FONT_LISTS 0x040d302c,differs,,code,,,,39,"0x040d302c=39,38,37,36,34,33",,,,,,,,,
,FONT_LISTS 0x040d31d4,differs,,code,,,,"10,6","0x040d31d4=10,4,6",,,,,,,,,
,FONT_LISTS 0x040d33a8,differs,,code,,,,11,"0x040d33a8=11,5,3,7,1",,,,,,,,,
,FONT_LISTS 0x040d8a80,differs,,code,,,,12,"0x040d8a80=12,10,2",,,,,,,,,
,FONT_LISTS 0x040d9194,match,,code,,,,2,0x040d9194=2,,,,,,,,,
,FONT_LISTS 0x040d89f8,match,,code,,,,2,0x040d89f8=2,,,,,,,,,
,FONT_LISTS 0x040d6ff4,differs,,code,,,,"15,12,2","0x040d6ff4=16,13,11,7,1",,,,,,,,,
,FONT_TABLES 0x040d31bc,match,,code,2,"2 (by language 2,2,2,2,0)",,,,,,,,,,,,
,FONT_TABLES 0x040d3238,match,,code,39,"39 (by language 39,39,39,38,38)",,,,,,,,,,,,
,FONT_TABLES 0x040d3290,match,,code,39,"39 (by language 39,37,33,39,33)",,,,,,,,,,,,
,FONT_TABLES 0x040d2bec,match,,code,12,"12 (by language 12,12,12,12,10)",,,,,,,,,,,,
,FONT_TABLES 0x040d2ee8,match,,code,2,"2 (by language 2,0,2,2,2)",,,,,,,,,,,,
,FONT_TABLES 0x040d6f50,match,,code,4,"4 (by language 4,4,4,4,0)",,,,,,,,,,,,
,FONT_TABLES 0x040d6f98,match,,code,34,"34 (by language 34,33,34,33,7)",,,,,,,,,,,,
,FONT_TABLES 0x040d6fdc,match,,code,39,"39 (by language 39,37,39,39,38)",,,,,,,,,,,,
,FONT_TABLES 0x040d700c,match,,code,3,"3 (by language 3,3,1,3,1)",,,,,,,,,,,,
,FONT_TABLES 0x040d39a8,match,,code,37,"37 (by language 37,35,37,37,33)",,,,,,,,,,,,
,FONT_TABLES 0x040d32c4,match,,code,39,"39 (by language 39,35,35,39,35)",,,,,,,,,,,,
,FONT_TABLES 0x040d2900,match,,code,39,"39 (by language 39,39,39,39,39)",,,,,,,,,,,,
,FONT_TABLES 0x040d2918,match,,code,10,"10 (by language 10,10,10,4,6)",,,,,,,,,,,,
