deff,call_site,function,rng_fn,rng_name,range,picks,table_addr,entry,result,how_to_force,observed_results,tag
38,0x102cf54,0x102cdd8,0xc6b4,random_below,10,"spinning match digits: random_below(10)*10, redrawn each 4-tick frame for 64 frames, never equal to the previous value; the final match number is task+0x34 chosen by match() 0x1b660 (random_below(10) at 0x1b6ac)",,0..9,match value shown = 10*k,deff_trace -rng 0x102cf58=<value>; or hook pc 0xc6d0 (return of random_below) and set r0 when [sp+4] == 0x102cf58,"{""0"": 29, ""5"": 15, ""7"": 14, ""1"": 14, ""4"": 15, ""9"": 9, ""6"": 18, ""8"": 19, ""2"": 11, ""3"": 10}",observed
48,0x1008974,0x1008920,0xc6b4,random_below,12,clip played before the text screen; the returned last frame stays as the background,"0x40d2804 (u32 function pointers, 12 entries)",0,"fn 0x1008544: anim 4629..4639 at 4 ticks/frame; returns image 4639 (held as background under the text) | observed images 4629..4639 (11 distinct) | observed text [""00"", ""DISC MULTIBALL"", ""JACKPOT"", ""1,234,560""]",deff_trace -rng 0x1008978=<value>; or hook pc 0xc6d0 (return of random_below) and set r0 when [sp+4] == 0x1008978,"{""4"": 2, ""0"": 2, ""1"": 1, ""2"": 1, ""3"": 1, ""5"": 1, ""6"": 1, ""7"": 1, ""8"": 1, ""9"": 1, ""10"": 1, ""11"": 1}",observed
48,0x1008974,0x1008920,0xc6b4,random_below,12,clip played before the text screen; the returned last frame stays as the background,"0x40d2804 (u32 function pointers, 12 entries)",1,"fn 0x1008590: anim 4742..4752 at 4 ticks/frame; returns image 4752 (held as background under the text) | observed images 4742..4752 (11 distinct) | observed text [""00"", ""DISC MULTIBALL"", ""JACKPOT""]",deff_trace -rng 0x1008978=<value>; or hook pc 0xc6d0 (return of random_below) and set r0 when [sp+4] == 0x1008978,"{""4"": 2, ""0"": 2, ""1"": 1, ""2"": 1, ""3"": 1, ""5"": 1, ""6"": 1, ""7"": 1, ""8"": 1, ""9"": 1, ""10"": 1, ""11"": 1}",observed
48,0x1008974,0x1008920,0xc6b4,random_below,12,clip played before the text screen; the returned last frame stays as the background,"0x40d2804 (u32 function pointers, 12 entries)",2,"fn 0x10085dc: anim 4753..4789 at 3 ticks/frame; returns image 4789 (held as background under the text) | observed images 4753..4789 (37 distinct) | observed text [""00"", ""DISC MULTIBALL"", ""JACKPOT""]",deff_trace -rng 0x1008978=<value>; or hook pc 0xc6d0 (return of random_below) and set r0 when [sp+4] == 0x1008978,"{""4"": 2, ""0"": 2, ""1"": 1, ""2"": 1, ""3"": 1, ""5"": 1, ""6"": 1, ""7"": 1, ""8"": 1, ""9"": 1, ""10"": 1, ""11"": 1}",observed
48,0x1008974,0x1008920,0xc6b4,random_below,12,clip played before the text screen; the returned last frame stays as the background,"0x40d2804 (u32 function pointers, 12 entries)",3,"fn 0x1008628: anim 4790..4821 at 3 ticks/frame; returns image 4821 (held as background under the text) | observed images 4790..4821 (32 distinct) | observed text [""00"", ""DISC MULTIBALL"", ""JACKPOT""]",deff_trace -rng 0x1008978=<value>; or hook pc 0xc6d0 (return of random_below) and set r0 when [sp+4] == 0x1008978,"{""4"": 2, ""0"": 2, ""1"": 1, ""2"": 1, ""3"": 1, ""5"": 1, ""6"": 1, ""7"": 1, ""8"": 1, ""9"": 1, ""10"": 1, ""11"": 1}",observed
48,0x1008974,0x1008920,0xc6b4,random_below,12,clip played before the text screen; the returned last frame stays as the background,"0x40d2804 (u32 function pointers, 12 entries)",4,"fn 0x1008678: anim 4822..4863 at 3 ticks/frame; returns image 4863 (held as background under the text) | observed images 4822..4863 (42 distinct) | observed text [""00"", ""DISC MULTIBALL"", ""JACKPOT""]",deff_trace -rng 0x1008978=<value>; or hook pc 0xc6d0 (return of random_below) and set r0 when [sp+4] == 0x1008978,"{""4"": 2, ""0"": 2, ""1"": 1, ""2"": 1, ""3"": 1, ""5"": 1, ""6"": 1, ""7"": 1, ""8"": 1, ""9"": 1, ""10"": 1, ""11"": 1}",observed
48,0x1008974,0x1008920,0xc6b4,random_below,12,clip played before the text screen; the returned last frame stays as the background,"0x40d2804 (u32 function pointers, 12 entries)",5,"fn 0x10086c4: anim 4845..4883 at 3 ticks/frame; returns image 4883 (held as background under the text) | observed images 4845..4883 (39 distinct) | observed text [""00"", ""DISC MULTIBALL"", ""JACKPOT""]",deff_trace -rng 0x1008978=<value>; or hook pc 0xc6d0 (return of random_below) and set r0 when [sp+4] == 0x1008978,"{""4"": 2, ""0"": 2, ""1"": 1, ""2"": 1, ""3"": 1, ""5"": 1, ""6"": 1, ""7"": 1, ""8"": 1, ""9"": 1, ""10"": 1, ""11"": 1}",observed
48,0x1008974,0x1008920,0xc6b4,random_below,12,clip played before the text screen; the returned last frame stays as the background,"0x40d2804 (u32 function pointers, 12 entries)",6,"fn 0x1008714: anim 4884..4915 at 3 ticks/frame; returns image 4915 (held as background under the text) | observed images 4884..4915 (32 distinct) | observed text [""00"", ""DISC MULTIBALL"", ""JACKPOT""]",deff_trace -rng 0x1008978=<value>; or hook pc 0xc6d0 (return of random_below) and set r0 when [sp+4] == 0x1008978,"{""4"": 2, ""0"": 2, ""1"": 1, ""2"": 1, ""3"": 1, ""5"": 1, ""6"": 1, ""7"": 1, ""8"": 1, ""9"": 1, ""10"": 1, ""11"": 1}",observed
48,0x1008974,0x1008920,0xc6b4,random_below,12,clip played before the text screen; the returned last frame stays as the background,"0x40d2804 (u32 function pointers, 12 entries)",7,"fn 0x1008760: anim 4916..4980 at 3 ticks/frame; returns image 4980 (held as background under the text) | observed images 4916..4980 (65 distinct) | observed text [""00"", ""DISC MULTIBALL"", ""JACKPOT""]",deff_trace -rng 0x1008978=<value>; or hook pc 0xc6d0 (return of random_below) and set r0 when [sp+4] == 0x1008978,"{""4"": 2, ""0"": 2, ""1"": 1, ""2"": 1, ""3"": 1, ""5"": 1, ""6"": 1, ""7"": 1, ""8"": 1, ""9"": 1, ""10"": 1, ""11"": 1}",observed
48,0x1008974,0x1008920,0xc6b4,random_below,12,clip played before the text screen; the returned last frame stays as the background,"0x40d2804 (u32 function pointers, 12 entries)",8,"fn 0x10087b0: anim 4981..5009 at 4 ticks/frame; returns image 5009 (held as background under the text) | observed images 4981..5009 (29 distinct) | observed text [""00"", ""DISC MULTIBALL"", ""JACKPOT""]",deff_trace -rng 0x1008978=<value>; or hook pc 0xc6d0 (return of random_below) and set r0 when [sp+4] == 0x1008978,"{""4"": 2, ""0"": 2, ""1"": 1, ""2"": 1, ""3"": 1, ""5"": 1, ""6"": 1, ""7"": 1, ""8"": 1, ""9"": 1, ""10"": 1, ""11"": 1}",observed
48,0x1008974,0x1008920,0xc6b4,random_below,12,clip played before the text screen; the returned last frame stays as the background,"0x40d2804 (u32 function pointers, 12 entries)",9,"fn 0x1008800: anim 4640..4668 at 3 ticks/frame; returns image 4668 (held as background under the text) | observed images 4640..4668 (29 distinct) | observed text [""00"", ""DISC MULTIBALL"", ""JACKPOT""]",deff_trace -rng 0x1008978=<value>; or hook pc 0xc6d0 (return of random_below) and set r0 when [sp+4] == 0x1008978,"{""4"": 2, ""0"": 2, ""1"": 1, ""2"": 1, ""3"": 1, ""5"": 1, ""6"": 1, ""7"": 1, ""8"": 1, ""9"": 1, ""10"": 1, ""11"": 1}",observed
48,0x1008974,0x1008920,0xc6b4,random_below,12,clip played before the text screen; the returned last frame stays as the background,"0x40d2804 (u32 function pointers, 12 entries)",10,"fn 0x100884c: anim 4669..4691 at 3 ticks/frame; anim 4692..4707 at 3 ticks/frame; returns image 4707 (held as background under the text) | observed images 4669..4707 (39 distinct) | observed text [""00"", ""DISC MULTIBALL"", ""JACKPOT""]",deff_trace -rng 0x1008978=<value>; or hook pc 0xc6d0 (return of random_below) and set r0 when [sp+4] == 0x1008978,"{""4"": 2, ""0"": 2, ""1"": 1, ""2"": 1, ""3"": 1, ""5"": 1, ""6"": 1, ""7"": 1, ""8"": 1, ""9"": 1, ""10"": 1, ""11"": 1}",observed
48,0x1008974,0x1008920,0xc6b4,random_below,12,clip played before the text screen; the returned last frame stays as the background,"0x40d2804 (u32 function pointers, 12 entries)",11,"fn 0x10088b8: anim 4708..4741 at 4 ticks/frame; returns image 4741 (held as background under the text) | observed images 4708..4741 (34 distinct) | observed text [""00"", ""DISC MULTIBALL"", ""JACKPOT""]",deff_trace -rng 0x1008978=<value>; or hook pc 0xc6d0 (return of random_below) and set r0 when [sp+4] == 0x1008978,"{""4"": 2, ""0"": 2, ""1"": 1, ""2"": 1, ""3"": 1, ""5"": 1, ""6"": 1, ""7"": 1, ""8"": 1, ""9"": 1, ""10"": 1, ""11"": 1}",observed
49,0x1008c70,0x1008c1c,0xc6b4,random_below,12,clip played before the text screen; the returned last frame stays as the background,"0x40d2804 (u32 function pointers, 12 entries)",0,"fn 0x1008544: anim 4629..4639 at 4 ticks/frame; returns image 4639 (held as background under the text) | observed images 4629..4639 (11 distinct) | observed text [""00"", ""DISC MULTIBALL"", ""JACKPOT""]",deff_trace -rng 0x1008c74=<value>; or hook pc 0xc6d0 (return of random_below) and set r0 when [sp+4] == 0x1008c74,"{""11"": 2, ""0"": 1, ""1"": 1, ""2"": 1, ""3"": 1, ""4"": 1, ""5"": 1, ""6"": 1, ""7"": 1, ""8"": 1, ""9"": 1, ""10"": 1}",observed
49,0x1008c70,0x1008c1c,0xc6b4,random_below,12,clip played before the text screen; the returned last frame stays as the background,"0x40d2804 (u32 function pointers, 12 entries)",1,"fn 0x1008590: anim 4742..4752 at 4 ticks/frame; returns image 4752 (held as background under the text) | observed images 4742..4752 (11 distinct) | observed text [""00"", ""DISC MULTIBALL"", ""JACKPOT""]",deff_trace -rng 0x1008c74=<value>; or hook pc 0xc6d0 (return of random_below) and set r0 when [sp+4] == 0x1008c74,"{""11"": 2, ""0"": 1, ""1"": 1, ""2"": 1, ""3"": 1, ""4"": 1, ""5"": 1, ""6"": 1, ""7"": 1, ""8"": 1, ""9"": 1, ""10"": 1}",observed
49,0x1008c70,0x1008c1c,0xc6b4,random_below,12,clip played before the text screen; the returned last frame stays as the background,"0x40d2804 (u32 function pointers, 12 entries)",2,"fn 0x10085dc: anim 4753..4789 at 3 ticks/frame; returns image 4789 (held as background under the text) | observed images 4753..4789 (37 distinct) | observed text [""00"", ""DISC MULTIBALL"", ""JACKPOT""]",deff_trace -rng 0x1008c74=<value>; or hook pc 0xc6d0 (return of random_below) and set r0 when [sp+4] == 0x1008c74,"{""11"": 2, ""0"": 1, ""1"": 1, ""2"": 1, ""3"": 1, ""4"": 1, ""5"": 1, ""6"": 1, ""7"": 1, ""8"": 1, ""9"": 1, ""10"": 1}",observed
49,0x1008c70,0x1008c1c,0xc6b4,random_below,12,clip played before the text screen; the returned last frame stays as the background,"0x40d2804 (u32 function pointers, 12 entries)",3,"fn 0x1008628: anim 4790..4821 at 3 ticks/frame; returns image 4821 (held as background under the text) | observed images 4790..4821 (32 distinct) | observed text [""00"", ""DISC MULTIBALL"", ""JACKPOT""]",deff_trace -rng 0x1008c74=<value>; or hook pc 0xc6d0 (return of random_below) and set r0 when [sp+4] == 0x1008c74,"{""11"": 2, ""0"": 1, ""1"": 1, ""2"": 1, ""3"": 1, ""4"": 1, ""5"": 1, ""6"": 1, ""7"": 1, ""8"": 1, ""9"": 1, ""10"": 1}",observed
49,0x1008c70,0x1008c1c,0xc6b4,random_below,12,clip played before the text screen; the returned last frame stays as the background,"0x40d2804 (u32 function pointers, 12 entries)",4,"fn 0x1008678: anim 4822..4863 at 3 ticks/frame; returns image 4863 (held as background under the text) | observed images 4822..4863 (42 distinct) | observed text [""00"", ""DISC MULTIBALL"", ""JACKPOT""]",deff_trace -rng 0x1008c74=<value>; or hook pc 0xc6d0 (return of random_below) and set r0 when [sp+4] == 0x1008c74,"{""11"": 2, ""0"": 1, ""1"": 1, ""2"": 1, ""3"": 1, ""4"": 1, ""5"": 1, ""6"": 1, ""7"": 1, ""8"": 1, ""9"": 1, ""10"": 1}",observed
49,0x1008c70,0x1008c1c,0xc6b4,random_below,12,clip played before the text screen; the returned last frame stays as the background,"0x40d2804 (u32 function pointers, 12 entries)",5,"fn 0x10086c4: anim 4845..4883 at 3 ticks/frame; returns image 4883 (held as background under the text) | observed images 4845..4883 (39 distinct) | observed text [""00"", ""DISC MULTIBALL"", ""JACKPOT""]",deff_trace -rng 0x1008c74=<value>; or hook pc 0xc6d0 (return of random_below) and set r0 when [sp+4] == 0x1008c74,"{""11"": 2, ""0"": 1, ""1"": 1, ""2"": 1, ""3"": 1, ""4"": 1, ""5"": 1, ""6"": 1, ""7"": 1, ""8"": 1, ""9"": 1, ""10"": 1}",observed
49,0x1008c70,0x1008c1c,0xc6b4,random_below,12,clip played before the text screen; the returned last frame stays as the background,"0x40d2804 (u32 function pointers, 12 entries)",6,"fn 0x1008714: anim 4884..4915 at 3 ticks/frame; returns image 4915 (held as background under the text) | observed images 4884..4915 (32 distinct) | observed text [""00"", ""DISC MULTIBALL"", ""JACKPOT""]",deff_trace -rng 0x1008c74=<value>; or hook pc 0xc6d0 (return of random_below) and set r0 when [sp+4] == 0x1008c74,"{""11"": 2, ""0"": 1, ""1"": 1, ""2"": 1, ""3"": 1, ""4"": 1, ""5"": 1, ""6"": 1, ""7"": 1, ""8"": 1, ""9"": 1, ""10"": 1}",observed
49,0x1008c70,0x1008c1c,0xc6b4,random_below,12,clip played before the text screen; the returned last frame stays as the background,"0x40d2804 (u32 function pointers, 12 entries)",7,"fn 0x1008760: anim 4916..4980 at 3 ticks/frame; returns image 4980 (held as background under the text) | observed images 4916..4980 (65 distinct) | observed text [""00"", ""DISC MULTIBALL"", ""JACKPOT""]",deff_trace -rng 0x1008c74=<value>; or hook pc 0xc6d0 (return of random_below) and set r0 when [sp+4] == 0x1008c74,"{""11"": 2, ""0"": 1, ""1"": 1, ""2"": 1, ""3"": 1, ""4"": 1, ""5"": 1, ""6"": 1, ""7"": 1, ""8"": 1, ""9"": 1, ""10"": 1}",observed
49,0x1008c70,0x1008c1c,0xc6b4,random_below,12,clip played before the text screen; the returned last frame stays as the background,"0x40d2804 (u32 function pointers, 12 entries)",8,"fn 0x10087b0: anim 4981..5009 at 4 ticks/frame; returns image 5009 (held as background under the text) | observed images 4981..5009 (29 distinct) | observed text [""00"", ""DISC MULTIBALL"", ""JACKPOT""]",deff_trace -rng 0x1008c74=<value>; or hook pc 0xc6d0 (return of random_below) and set r0 when [sp+4] == 0x1008c74,"{""11"": 2, ""0"": 1, ""1"": 1, ""2"": 1, ""3"": 1, ""4"": 1, ""5"": 1, ""6"": 1, ""7"": 1, ""8"": 1, ""9"": 1, ""10"": 1}",observed
49,0x1008c70,0x1008c1c,0xc6b4,random_below,12,clip played before the text screen; the returned last frame stays as the background,"0x40d2804 (u32 function pointers, 12 entries)",9,"fn 0x1008800: anim 4640..4668 at 3 ticks/frame; returns image 4668 (held as background under the text) | observed images 4640..4668 (29 distinct) | observed text [""00"", ""DISC MULTIBALL"", ""JACKPOT""]",deff_trace -rng 0x1008c74=<value>; or hook pc 0xc6d0 (return of random_below) and set r0 when [sp+4] == 0x1008c74,"{""11"": 2, ""0"": 1, ""1"": 1, ""2"": 1, ""3"": 1, ""4"": 1, ""5"": 1, ""6"": 1, ""7"": 1, ""8"": 1, ""9"": 1, ""10"": 1}",observed
49,0x1008c70,0x1008c1c,0xc6b4,random_below,12,clip played before the text screen; the returned last frame stays as the background,"0x40d2804 (u32 function pointers, 12 entries)",10,"fn 0x100884c: anim 4669..4691 at 3 ticks/frame; anim 4692..4707 at 3 ticks/frame; returns image 4707 (held as background under the text) | observed images 4669..4707 (39 distinct) | observed text [""00"", ""DISC MULTIBALL"", ""JACKPOT""]",deff_trace -rng 0x1008c74=<value>; or hook pc 0xc6d0 (return of random_below) and set r0 when [sp+4] == 0x1008c74,"{""11"": 2, ""0"": 1, ""1"": 1, ""2"": 1, ""3"": 1, ""4"": 1, ""5"": 1, ""6"": 1, ""7"": 1, ""8"": 1, ""9"": 1, ""10"": 1}",observed
49,0x1008c70,0x1008c1c,0xc6b4,random_below,12,clip played before the text screen; the returned last frame stays as the background,"0x40d2804 (u32 function pointers, 12 entries)",11,"fn 0x10088b8: anim 4708..4741 at 4 ticks/frame; returns image 4741 (held as background under the text) | observed images 4708..4741 (34 distinct) | observed text [""00"", ""DISC MULTIBALL"", ""JACKPOT""]",deff_trace -rng 0x1008c74=<value>; or hook pc 0xc6d0 (return of random_below) and set r0 when [sp+4] == 0x1008c74,"{""11"": 2, ""0"": 1, ""1"": 1, ""2"": 1, ""3"": 1, ""4"": 1, ""5"": 1, ""6"": 1, ""7"": 1, ""8"": 1, ""9"": 1, ""10"": 1}",observed
68,0x101e380,0x101e320,0xc6b4,random_below,3,clip played before the text screen; the returned last frame stays as the background,"0x40d327c (u32 function pointers, 3 entries)",0,"fn 0x101e0f8: anim 5054..5064 at 8 ticks/frame; returns image 5064 (held as background under the text) | observed images 5054..5064 (11 distinct) | observed text [""00"", ""JACKPOT"", ""DOUBLE""]",deff_trace -rng 0x101e384=<value>; or hook pc 0xc6d0 (return of random_below) and set r0 when [sp+4] == 0x101e384,"{""2"": 3, ""0"": 2, ""1"": 2}",observed
68,0x101e380,0x101e320,0xc6b4,random_below,3,clip played before the text screen; the returned last frame stays as the background,"0x40d327c (u32 function pointers, 3 entries)",1,"fn 0x101e134: anim 5065..5101 at 3 ticks/frame; returns image 5101 (held as background under the text) | observed images 5065..5101 (37 distinct) | observed text [""00"", ""JACKPOT""]",deff_trace -rng 0x101e384=<value>; or hook pc 0xc6d0 (return of random_below) and set r0 when [sp+4] == 0x101e384,"{""2"": 3, ""0"": 2, ""1"": 2}",observed
68,0x101e380,0x101e320,0xc6b4,random_below,3,clip played before the text screen; the returned last frame stays as the background,"0x40d327c (u32 function pointers, 3 entries)",2,"fn 0x101e16c: anim 5102..5134 at 3 ticks/frame; returns image 5134 (held as background under the text) | observed images 5102..5134 (33 distinct) | observed text [""00"", ""JACKPOT""]",deff_trace -rng 0x101e384=<value>; or hook pc 0xc6d0 (return of random_below) and set r0 when [sp+4] == 0x101e384,"{""2"": 3, ""0"": 2, ""1"": 2}",observed
69,0x101e6b8,0x101e654,0xc6b4,random_below,2,clip played before the text screen; the returned last frame stays as the background,"0x40d3288 (u32 function pointers, 2 entries)",0,"fn 0x101e220: anim 5524..5568 at 3 ticks/frame; returns image 5568 (held as background under the text) | observed images 5524..5568 (45 distinct) | observed text [""00"", ""SUPER"", ""JACKPOT"", ""DOUBLE"", ""SUPER JACKPOT""]",deff_trace -rng 0x101e6bc=<value>; or hook pc 0xc6d0 (return of random_below) and set r0 when [sp+4] == 0x101e6bc,"{""1"": 2, ""0"": 3}",observed
69,0x101e6b8,0x101e654,0xc6b4,random_below,2,clip played before the text screen; the returned last frame stays as the background,"0x40d3288 (u32 function pointers, 2 entries)",1,"fn 0x101e254: anim 5626..5669 at 3 ticks/frame; returns image 5669 (held as background under the text) | observed images 5626..5669 (44 distinct) | observed text [""00"", ""SUPER"", ""JACKPOT""]",deff_trace -rng 0x101e6bc=<value>; or hook pc 0xc6d0 (return of random_below) and set r0 when [sp+4] == 0x101e6bc,"{""1"": 2, ""0"": 3}",observed
87,0x1019f54,0x1019e74,0xc6d4,random_percent,50,50% chance of the speech call 0x0c7 before the jackpot sfx 0x0c6,,1,"snd_play(0x0c7) | observed images 3008..3572 (130 distinct) | observed text [""00"", ""JACKPOT""]",deff_trace -rng 0x1019f58=<value>; or hook pc 0xc704 (return of random_percent) and set r0 when [sp+4] == 0x1019f58,"{""0"": 9, ""1"": 8}",observed
87,0x1019f54,0x1019e74,0xc6d4,random_percent,50,50% chance of the speech call 0x0c7 before the jackpot sfx 0x0c6,,0,"no speech | observed images 3008..3243 (61 distinct) | observed text [""00"", ""JACKPOT""]",deff_trace -rng 0x1019f58=<value>; or hook pc 0xc704 (return of random_percent) and set r0 when [sp+4] == 0x1019f58,"{""0"": 9, ""1"": 8}",observed
90,0x101ab14,0x101a95c,0xc6d4,random_percent,20,20% chance of the speech call 0x0cd at the end of the Light Cycle total,,1,"snd_play(0x0cd) | observed images 4018..4029 (8 distinct) | observed text [""LIGHT CYCLE"", ""MULTIBALL"", ""TOTAL:"", ""00""]",deff_trace -rng 0x101ab18=<value>; or hook pc 0xc704 (return of random_percent) and set r0 when [sp+4] == 0x101ab18,"{""0"": 4, ""1"": 1}",observed
90,0x101ab14,0x101a95c,0xc6d4,random_percent,20,20% chance of the speech call 0x0cd at the end of the Light Cycle total,,0,"no speech | observed images 4018..4029 (8 distinct) | observed text [""LIGHT CYCLE"", ""MULTIBALL"", ""TOTAL:"", ""00""]",deff_trace -rng 0x101ab18=<value>; or hook pc 0xc704 (return of random_percent) and set r0 when [sp+4] == 0x101ab18,"{""0"": 4, ""1"": 1}",observed
96,0x1032934,0x1032900,0xc6b4,random_below,3,"base x of the floating '%luK' score text: {0x21, 0x57, 0x3c}[k] (stack table built at 0x01032908)",,0,x base 33 (x = base + random_below(15) + 16),deff_trace -rng 0x1032938=<value>; or hook pc 0xc6d0 (return of random_below) and set r0 when [sp+4] == 0x1032938,,code
96,0x1032934,0x1032900,0xc6b4,random_below,3,"base x of the floating '%luK' score text: {0x21, 0x57, 0x3c}[k] (stack table built at 0x01032908)",,1,x base 87 (x = base + random_below(15) + 16),deff_trace -rng 0x1032938=<value>; or hook pc 0xc6d0 (return of random_below) and set r0 when [sp+4] == 0x1032938,,code
96,0x1032934,0x1032900,0xc6b4,random_below,3,"base x of the floating '%luK' score text: {0x21, 0x57, 0x3c}[k] (stack table built at 0x01032908)",,2,x base 60 (x = base + random_below(15) + 16),deff_trace -rng 0x1032938=<value>; or hook pc 0xc6d0 (return of random_below) and set r0 when [sp+4] == 0x1032938,,code
96,0x1032940,0x1032900,0xc6b4,random_below,15,x jitter of the floating '%luK' score text (0..14 px),,0..14,x += value,deff_trace -rng 0x1032944=<value>; or hook pc 0xc6d0 (return of random_below) and set r0 when [sp+4] == 0x1032944,,code
96,0x1032954,0x1032900,0xc6b4,random_below,8,"y start of the floating '%luK' score text: y = value - 1 + 14, then rises 2 px per 6 frames",,0..7,y = value + 13,deff_trace -rng 0x1032958=<value>; or hook pc 0xc6d0 (return of random_below) and set r0 when [sp+4] == 0x1032958,,code
97,0x1032d58,0x1032d38,0xc6b4,random_below,2,clip played before the text screen; the returned last frame stays as the background,"0x40d6fd4 (u32 function pointers, 2 entries)",0,"fn 0x1032cc8: anim 5609..5617 at 5 ticks/frame; returns image 5617 (held as background under the text) | observed images 5609..5617 (9 distinct) | observed text [""00"", ""ALL"", ""TARGETS""]",deff_trace -rng 0x1032d5c=<value>; or hook pc 0xc6d0 (return of random_below) and set r0 when [sp+4] == 0x1032d5c,"{""1"": 3, ""0"": 2}",observed
97,0x1032d58,0x1032d38,0xc6b4,random_below,2,clip played before the text screen; the returned last frame stays as the background,"0x40d6fd4 (u32 function pointers, 2 entries)",1,"fn 0x1032d00: anim 5670..5677 at 6 ticks/frame; returns image 5677 (held as background under the text) | observed images 5670..5677 (8 distinct) | observed text [""00"", ""ALL"", ""TARGETS""]",deff_trace -rng 0x1032d5c=<value>; or hook pc 0xc6d0 (return of random_below) and set r0 when [sp+4] == 0x1032d5c,"{""1"": 3, ""0"": 2}",observed
105,0x100e900,0x100e8bc,0xc6b4,random_below,4,"cabinet picture of reel slot k (k = 0,1,2, one call per slot)",ROM 0x040d2990 u32[4] = cabinet image ids,0,"cabinet image 1477 | observed images 1477..1526 (24 distinct) | observed text [""00""]",deff_trace -rng 0x100e904=<value>; or hook pc 0xc6d0 (return of random_below) and set r0 when [sp+4] == 0x100e904,"{""1"": 10, ""3"": 16, ""0"": 13, ""2"": 12}",observed
105,0x100e900,0x100e8bc,0xc6b4,random_below,4,"cabinet picture of reel slot k (k = 0,1,2, one call per slot)",ROM 0x040d2990 u32[4] = cabinet image ids,1,"cabinet image 1478 | observed images 1477..1526 (24 distinct) | observed text [""00""]",deff_trace -rng 0x100e904=<value>; or hook pc 0xc6d0 (return of random_below) and set r0 when [sp+4] == 0x100e904,"{""1"": 10, ""3"": 16, ""0"": 13, ""2"": 12}",observed
105,0x100e900,0x100e8bc,0xc6b4,random_below,4,"cabinet picture of reel slot k (k = 0,1,2, one call per slot)",ROM 0x040d2990 u32[4] = cabinet image ids,2,"cabinet image 1479 | observed images 1477..1526 (26 distinct) | observed text [""00""]",deff_trace -rng 0x100e904=<value>; or hook pc 0xc6d0 (return of random_below) and set r0 when [sp+4] == 0x100e904,"{""1"": 10, ""3"": 16, ""0"": 13, ""2"": 12}",observed
105,0x100e900,0x100e8bc,0xc6b4,random_below,4,"cabinet picture of reel slot k (k = 0,1,2, one call per slot)",ROM 0x040d2990 u32[4] = cabinet image ids,3,"cabinet image 1480 | observed images 1477..1526 (28 distinct) | observed text [""00""]",deff_trace -rng 0x100e904=<value>; or hook pc 0xc6d0 (return of random_below) and set r0 when [sp+4] == 0x100e904,"{""1"": 10, ""3"": 16, ""0"": 13, ""2"": 12}",observed
105,0x100e91c,0x100e8bc,0xc6b4,random_below,13,"decoy award number of reel slot k: (random_below(13) + 1), values >= 13 wrap to 1, bumped by +1 until it differs from the slots before it (0x0100e960-0x0100e994)","award table ROM 0x040d29a0 (16 B: u16 id, u16 0, u32 lit icon, u32 unlit icon, u32 fn)",1,"award 1 icon lit 1482 / unlit 1481 | observed images 1477..1522 (14 distinct) | observed text [""00""]",deff_trace -rng 0x100e920=<value>; or hook pc 0xc6d0 (return of random_below) and set r0 when [sp+4] == 0x100e920,"{""11"": 2, ""4"": 6, ""8"": 5, ""10"": 5, ""5"": 3, ""0"": 8, ""7"": 4, ""1"": 5, ""12"": 5, ""3"": 3, ""2"": 1, ""6"": 2, ""9"": 2}",observed
105,0x100e91c,0x100e8bc,0xc6b4,random_below,13,"decoy award number of reel slot k: (random_below(13) + 1), values >= 13 wrap to 1, bumped by +1 until it differs from the slots before it (0x0100e960-0x0100e994)","award table ROM 0x040d29a0 (16 B: u16 id, u16 0, u32 lit icon, u32 unlit icon, u32 fn)",2,"award 2 icon lit 1488 / unlit 1487 | observed images 1477..1526 (9 distinct) | observed text [""00""]",deff_trace -rng 0x100e920=<value>; or hook pc 0xc6d0 (return of random_below) and set r0 when [sp+4] == 0x100e920,"{""11"": 2, ""4"": 6, ""8"": 5, ""10"": 5, ""5"": 3, ""0"": 8, ""7"": 4, ""1"": 5, ""12"": 5, ""3"": 3, ""2"": 1, ""6"": 2, ""9"": 2}",observed
105,0x100e91c,0x100e8bc,0xc6b4,random_below,13,"decoy award number of reel slot k: (random_below(13) + 1), values >= 13 wrap to 1, bumped by +1 until it differs from the slots before it (0x0100e960-0x0100e994)","award table ROM 0x040d29a0 (16 B: u16 id, u16 0, u32 lit icon, u32 unlit icon, u32 fn)",3,"award 3 icon lit 1522 / unlit 1521 | observed images 1477..1524 (8 distinct) | observed text [""00""]",deff_trace -rng 0x100e920=<value>; or hook pc 0xc6d0 (return of random_below) and set r0 when [sp+4] == 0x100e920,"{""11"": 2, ""4"": 6, ""8"": 5, ""10"": 5, ""5"": 3, ""0"": 8, ""7"": 4, ""1"": 5, ""12"": 5, ""3"": 3, ""2"": 1, ""6"": 2, ""9"": 2}",observed
105,0x100e91c,0x100e8bc,0xc6b4,random_below,13,"decoy award number of reel slot k: (random_below(13) + 1), values >= 13 wrap to 1, bumped by +1 until it differs from the slots before it (0x0100e960-0x0100e994)","award table ROM 0x040d29a0 (16 B: u16 id, u16 0, u32 lit icon, u32 unlit icon, u32 fn)",4,"award 4 icon lit 1524 / unlit 1523 | observed images 1478..1526 (21 distinct) | observed text [""00""]",deff_trace -rng 0x100e920=<value>; or hook pc 0xc6d0 (return of random_below) and set r0 when [sp+4] == 0x100e920,"{""11"": 2, ""4"": 6, ""8"": 5, ""10"": 5, ""5"": 3, ""0"": 8, ""7"": 4, ""1"": 5, ""12"": 5, ""3"": 3, ""2"": 1, ""6"": 2, ""9"": 2}",observed
105,0x100e91c,0x100e8bc,0xc6b4,random_below,13,"decoy award number of reel slot k: (random_below(13) + 1), values >= 13 wrap to 1, bumped by +1 until it differs from the slots before it (0x0100e960-0x0100e994)","award table ROM 0x040d29a0 (16 B: u16 id, u16 0, u32 lit icon, u32 unlit icon, u32 fn)",5,"award 5 icon lit 1492 / unlit 1491 | observed images 1477..1524 (10 distinct) | observed text [""00""]",deff_trace -rng 0x100e920=<value>; or hook pc 0xc6d0 (return of random_below) and set r0 when [sp+4] == 0x100e920,"{""11"": 2, ""4"": 6, ""8"": 5, ""10"": 5, ""5"": 3, ""0"": 8, ""7"": 4, ""1"": 5, ""12"": 5, ""3"": 3, ""2"": 1, ""6"": 2, ""9"": 2}",observed
105,0x100e91c,0x100e8bc,0xc6b4,random_below,13,"decoy award number of reel slot k: (random_below(13) + 1), values >= 13 wrap to 1, bumped by +1 until it differs from the slots before it (0x0100e960-0x0100e994)","award table ROM 0x040d29a0 (16 B: u16 id, u16 0, u32 lit icon, u32 unlit icon, u32 fn)",6,award 6 icon lit 1510 / unlit 1509,deff_trace -rng 0x100e920=<value>; or hook pc 0xc6d0 (return of random_below) and set r0 when [sp+4] == 0x100e920,"{""11"": 2, ""4"": 6, ""8"": 5, ""10"": 5, ""5"": 3, ""0"": 8, ""7"": 4, ""1"": 5, ""12"": 5, ""3"": 3, ""2"": 1, ""6"": 2, ""9"": 2}",observed
105,0x100e91c,0x100e8bc,0xc6b4,random_below,13,"decoy award number of reel slot k: (random_below(13) + 1), values >= 13 wrap to 1, bumped by +1 until it differs from the slots before it (0x0100e960-0x0100e994)","award table ROM 0x040d29a0 (16 B: u16 id, u16 0, u32 lit icon, u32 unlit icon, u32 fn)",7,"award 7 icon lit 1502 / unlit 1501 | observed images 1477..1522 (18 distinct) | observed text [""00""]",deff_trace -rng 0x100e920=<value>; or hook pc 0xc6d0 (return of random_below) and set r0 when [sp+4] == 0x100e920,"{""11"": 2, ""4"": 6, ""8"": 5, ""10"": 5, ""5"": 3, ""0"": 8, ""7"": 4, ""1"": 5, ""12"": 5, ""3"": 3, ""2"": 1, ""6"": 2, ""9"": 2}",observed
105,0x100e91c,0x100e8bc,0xc6b4,random_below,13,"decoy award number of reel slot k: (random_below(13) + 1), values >= 13 wrap to 1, bumped by +1 until it differs from the slots before it (0x0100e960-0x0100e994)","award table ROM 0x040d29a0 (16 B: u16 id, u16 0, u32 lit icon, u32 unlit icon, u32 fn)",8,"award 8 icon lit 1496 / unlit 1495 | observed images 1477..1526 (14 distinct) | observed text [""00""]",deff_trace -rng 0x100e920=<value>; or hook pc 0xc6d0 (return of random_below) and set r0 when [sp+4] == 0x100e920,"{""11"": 2, ""4"": 6, ""8"": 5, ""10"": 5, ""5"": 3, ""0"": 8, ""7"": 4, ""1"": 5, ""12"": 5, ""3"": 3, ""2"": 1, ""6"": 2, ""9"": 2}",observed
105,0x100e91c,0x100e8bc,0xc6b4,random_below,13,"decoy award number of reel slot k: (random_below(13) + 1), values >= 13 wrap to 1, bumped by +1 until it differs from the slots before it (0x0100e960-0x0100e994)","award table ROM 0x040d29a0 (16 B: u16 id, u16 0, u32 lit icon, u32 unlit icon, u32 fn)",9,award 9 icon lit 1526 / unlit 1525,deff_trace -rng 0x100e920=<value>; or hook pc 0xc6d0 (return of random_below) and set r0 when [sp+4] == 0x100e920,"{""11"": 2, ""4"": 6, ""8"": 5, ""10"": 5, ""5"": 3, ""0"": 8, ""7"": 4, ""1"": 5, ""12"": 5, ""3"": 3, ""2"": 1, ""6"": 2, ""9"": 2}",observed
105,0x100e91c,0x100e8bc,0xc6b4,random_below,13,"decoy award number of reel slot k: (random_below(13) + 1), values >= 13 wrap to 1, bumped by +1 until it differs from the slots before it (0x0100e960-0x0100e994)","award table ROM 0x040d29a0 (16 B: u16 id, u16 0, u32 lit icon, u32 unlit icon, u32 fn)",10,"award 10 icon lit 1514 / unlit 1513 | observed images 1477..1526 (18 distinct) | observed text [""00""]",deff_trace -rng 0x100e920=<value>; or hook pc 0xc6d0 (return of random_below) and set r0 when [sp+4] == 0x100e920,"{""11"": 2, ""4"": 6, ""8"": 5, ""10"": 5, ""5"": 3, ""0"": 8, ""7"": 4, ""1"": 5, ""12"": 5, ""3"": 3, ""2"": 1, ""6"": 2, ""9"": 2}",observed
105,0x100e91c,0x100e8bc,0xc6b4,random_below,13,"decoy award number of reel slot k: (random_below(13) + 1), values >= 13 wrap to 1, bumped by +1 until it differs from the slots before it (0x0100e960-0x0100e994)","award table ROM 0x040d29a0 (16 B: u16 id, u16 0, u32 lit icon, u32 unlit icon, u32 fn)",11,"award 11 icon lit 1484 / unlit 1483 | observed images 1477..1488 (8 distinct) | observed text [""00""]",deff_trace -rng 0x100e920=<value>; or hook pc 0xc6d0 (return of random_below) and set r0 when [sp+4] == 0x100e920,"{""11"": 2, ""4"": 6, ""8"": 5, ""10"": 5, ""5"": 3, ""0"": 8, ""7"": 4, ""1"": 5, ""12"": 5, ""3"": 3, ""2"": 1, ""6"": 2, ""9"": 2}",observed
105,0x100e91c,0x100e8bc,0xc6b4,random_below,13,"decoy award number of reel slot k: (random_below(13) + 1), values >= 13 wrap to 1, bumped by +1 until it differs from the slots before it (0x0100e960-0x0100e994)","award table ROM 0x040d29a0 (16 B: u16 id, u16 0, u32 lit icon, u32 unlit icon, u32 fn)",12,"award 12 icon lit 1486 / unlit 1485 | observed images 1477..1524 (26 distinct) | observed text [""00""]",deff_trace -rng 0x100e920=<value>; or hook pc 0xc6d0 (return of random_below) and set r0 when [sp+4] == 0x100e920,"{""11"": 2, ""4"": 6, ""8"": 5, ""10"": 5, ""5"": 3, ""0"": 8, ""7"": 4, ""1"": 5, ""12"": 5, ""3"": 3, ""2"": 1, ""6"": 2, ""9"": 2}",observed
105,0x100ea20,0x100e8bc,0xc6b4,random_below,3,slot that shows the real award (task+0x30.u16) when none of the 3 decoys already equals it; that slot's decoy is replaced,,0,"real award in slot 0 (x = scroll position + sum of widths of slots before it + 5 px gaps) | observed images 1477..1522 (11 distinct) | observed text [""00""]",deff_trace -rng 0x100ea24=<value>; or hook pc 0xc6d0 (return of random_below) and set r0 when [sp+4] == 0x100ea24,"{""0"": 4, ""2"": 5, ""1"": 3}",observed
105,0x100ea20,0x100e8bc,0xc6b4,random_below,3,slot that shows the real award (task+0x30.u16) when none of the 3 decoys already equals it; that slot's decoy is replaced,,1,"real award in slot 1 (x = scroll position + sum of widths of slots before it + 5 px gaps) | observed images 1478..1514 (8 distinct) | observed text [""00""]",deff_trace -rng 0x100ea24=<value>; or hook pc 0xc6d0 (return of random_below) and set r0 when [sp+4] == 0x100ea24,"{""0"": 4, ""2"": 5, ""1"": 3}",observed
105,0x100ea20,0x100e8bc,0xc6b4,random_below,3,slot that shows the real award (task+0x30.u16) when none of the 3 decoys already equals it; that slot's decoy is replaced,,2,"real award in slot 2 (x = scroll position + sum of widths of slots before it + 5 px gaps) | observed images 1477..1526 (24 distinct) | observed text [""00""]",deff_trace -rng 0x100ea24=<value>; or hook pc 0xc6d0 (return of random_below) and set r0 when [sp+4] == 0x100ea24,"{""0"": 4, ""2"": 5, ""1"": 3}",observed
108,0x10209d8,0x10209b0,0xc6b4,random_below,4,"which of 4 clips (switch at 0x010209e0, one function per case)",,0,"bitmap_draw_masked ((loop_var@0x10204b8 + 2672) + 11) at x=0 y=0 | observed images 2683..2712 (30 distinct) | observed text [""0 MORE"", ""TO ACCESS"", ""DISC"", ""00""]",deff_trace -rng 0x10209dc=<value>; or hook pc 0xc6d0 (return of random_below) and set r0 when [sp+4] == 0x10209dc,"{""0"": 2, ""1"": 4, ""2"": 2, ""3"": 1}",observed
108,0x10209d8,0x10209b0,0xc6b4,random_below,4,"which of 4 clips (switch at 0x010209e0, one function per case)",,1,"bitmap_draw_masked ((loop_var@0x1020640 + 2704) + 9) at x=0 y=0 | observed images 2713..2742 (30 distinct) | observed text [""0 MORE"", ""TO ACCESS"", ""DISC"", ""00""]",deff_trace -rng 0x10209dc=<value>; or hook pc 0xc6d0 (return of random_below) and set r0 when [sp+4] == 0x10209dc,"{""0"": 2, ""1"": 4, ""2"": 2, ""3"": 1}",observed
108,0x10209d8,0x10209b0,0xc6b4,random_below,4,"which of 4 clips (switch at 0x010209e0, one function per case)",,2,"bitmap_draw_masked ((loop_var@0x10207c8 + 2608) + 15) at x=41 y=0 | observed images 2623..2652 (30 distinct) | observed text [""0 MORE"", ""TO ACCESS"", ""DISC"", ""00""]",deff_trace -rng 0x10209dc=<value>; or hook pc 0xc6d0 (return of random_below) and set r0 when [sp+4] == 0x10209dc,"{""0"": 2, ""1"": 4, ""2"": 2, ""3"": 1}",observed
108,0x10209d8,0x10209b0,0xc6b4,random_below,4,"which of 4 clips (switch at 0x010209e0, one function per case)",,3,"bitmap_draw_masked ((loop_var@0x1020950 + 2640) + 13) at x=41 y=0 | observed images 2653..2682 (30 distinct) | observed text [""0 MORE"", ""TO ACCESS"", ""DISC"", ""00""]",deff_trace -rng 0x10209dc=<value>; or hook pc 0xc6d0 (return of random_below) and set r0 when [sp+4] == 0x10209dc,"{""0"": 2, ""1"": 4, ""2"": 2, ""3"": 1}",observed
111,0x1021be4,0x1021bac,0xc6b4,random_below,11,clip played before the text screen; the returned last frame stays as the background,"0x40d337c (u32 function pointers, 11 entries)",0,"fn 0x10218a4: anim 4074..4105 at 4 ticks/frame; returns image 4105 (held as background under the text) | observed images 4074..4105 (32 distinct) | observed text [""00"", ""0"", ""MORE TO START"", ""DISC MULTIBALL""]",deff_trace -rng 0x1021be8=<value>; or hook pc 0xc6d0 (return of random_below) and set r0 when [sp+4] == 0x1021be8,"{""5"": 2, ""0"": 1, ""1"": 1, ""2"": 2, ""3"": 1, ""4"": 1, ""6"": 1, ""7"": 2, ""8"": 1, ""9"": 2, ""10"": 1}",observed
111,0x1021be4,0x1021bac,0xc6b4,random_below,11,clip played before the text screen; the returned last frame stays as the background,"0x40d337c (u32 function pointers, 11 entries)",1,"fn 0x10218e0: anim 4106..4163 at 3 ticks/frame; anim 4164..4175 at 4 ticks/frame; anim 4176..4181 at 3 ticks/frame; returns image 4181 (held as background under the text) | observed images 4106..4181 (76 distinct) | observed text [""00"", ""0"", ""MORE TO START"", ""DISC MULTIBALL""]",deff_trace -rng 0x1021be8=<value>; or hook pc 0xc6d0 (return of random_below) and set r0 when [sp+4] == 0x1021be8,"{""5"": 2, ""0"": 1, ""1"": 1, ""2"": 2, ""3"": 1, ""4"": 1, ""6"": 1, ""7"": 2, ""8"": 1, ""9"": 2, ""10"": 1}",observed
111,0x1021be4,0x1021bac,0xc6b4,random_below,11,clip played before the text screen; the returned last frame stays as the background,"0x40d337c (u32 function pointers, 11 entries)",2,"fn 0x102194c: anim 4182..4229 at 2 ticks/frame; anim 4230..4243 at 3 ticks/frame; returns image 4243 (held as background under the text) | observed images 4182..4243 (62 distinct) | observed text [""00"", ""0"", ""MORE TO START"", ""DISC MULTIBALL""]",deff_trace -rng 0x1021be8=<value>; or hook pc 0xc6d0 (return of random_below) and set r0 when [sp+4] == 0x1021be8,"{""5"": 2, ""0"": 1, ""1"": 1, ""2"": 2, ""3"": 1, ""4"": 1, ""6"": 1, ""7"": 2, ""8"": 1, ""9"": 2, ""10"": 1}",observed
111,0x1021be4,0x1021bac,0xc6b4,random_below,11,clip played before the text screen; the returned last frame stays as the background,"0x40d337c (u32 function pointers, 11 entries)",3,"fn 0x10219a0: anim 4244..4294 at 3 ticks/frame; returns image 4294 (held as background under the text) | observed images 4244..4294 (51 distinct) | observed text [""00"", ""0"", ""MORE TO START"", ""DISC MULTIBALL""]",deff_trace -rng 0x1021be8=<value>; or hook pc 0xc6d0 (return of random_below) and set r0 when [sp+4] == 0x1021be8,"{""5"": 2, ""0"": 1, ""1"": 1, ""2"": 2, ""3"": 1, ""4"": 1, ""6"": 1, ""7"": 2, ""8"": 1, ""9"": 2, ""10"": 1}",observed
111,0x1021be4,0x1021bac,0xc6b4,random_below,11,clip played before the text screen; the returned last frame stays as the background,"0x40d337c (u32 function pointers, 11 entries)",4,"fn 0x10219dc: anim 4295..4306 at 4 ticks/frame; anim 4307..4341 at 3 ticks/frame; returns image 4341 (held as background under the text) | observed images 4295..4341 (47 distinct) | observed text [""00"", ""0"", ""MORE TO START"", ""DISC MULTIBALL""]",deff_trace -rng 0x1021be8=<value>; or hook pc 0xc6d0 (return of random_below) and set r0 when [sp+4] == 0x1021be8,"{""5"": 2, ""0"": 1, ""1"": 1, ""2"": 2, ""3"": 1, ""4"": 1, ""6"": 1, ""7"": 2, ""8"": 1, ""9"": 2, ""10"": 1}",observed
111,0x1021be4,0x1021bac,0xc6b4,random_below,11,clip played before the text screen; the returned last frame stays as the background,"0x40d337c (u32 function pointers, 11 entries)",5,"fn 0x1021a2c: anim 4342..4360 at 5 ticks/frame; returns image 4360 (held as background under the text) | observed images 4342..4360 (19 distinct) | observed text [""00"", ""0"", ""MORE TO START"", ""DISC MULTIBALL""]",deff_trace -rng 0x1021be8=<value>; or hook pc 0xc6d0 (return of random_below) and set r0 when [sp+4] == 0x1021be8,"{""5"": 2, ""0"": 1, ""1"": 1, ""2"": 2, ""3"": 1, ""4"": 1, ""6"": 1, ""7"": 2, ""8"": 1, ""9"": 2, ""10"": 1}",observed
111,0x1021be4,0x1021bac,0xc6b4,random_below,11,clip played before the text screen; the returned last frame stays as the background,"0x40d337c (u32 function pointers, 11 entries)",6,"fn 0x1021a68: anim 4361..4389 at 3 ticks/frame; returns image 4389 (held as background under the text) | observed images 4361..4389 (29 distinct) | observed text [""00"", ""0"", ""MORE TO START"", ""DISC MULTIBALL""]",deff_trace -rng 0x1021be8=<value>; or hook pc 0xc6d0 (return of random_below) and set r0 when [sp+4] == 0x1021be8,"{""5"": 2, ""0"": 1, ""1"": 1, ""2"": 2, ""3"": 1, ""4"": 1, ""6"": 1, ""7"": 2, ""8"": 1, ""9"": 2, ""10"": 1}",observed
111,0x1021be4,0x1021bac,0xc6b4,random_below,11,clip played before the text screen; the returned last frame stays as the background,"0x40d337c (u32 function pointers, 11 entries)",7,"fn 0x1021aa0: anim 4390..4429 at 3 ticks/frame; returns image 4429 (held as background under the text) | observed images 4390..4429 (40 distinct) | observed text [""00"", ""0"", ""MORE TO START"", ""DISC MULTIBALL""]",deff_trace -rng 0x1021be8=<value>; or hook pc 0xc6d0 (return of random_below) and set r0 when [sp+4] == 0x1021be8,"{""5"": 2, ""0"": 1, ""1"": 1, ""2"": 2, ""3"": 1, ""4"": 1, ""6"": 1, ""7"": 2, ""8"": 1, ""9"": 2, ""10"": 1}",observed
111,0x1021be4,0x1021bac,0xc6b4,random_below,11,clip played before the text screen; the returned last frame stays as the background,"0x40d337c (u32 function pointers, 11 entries)",8,"fn 0x1021adc: anim 4430..4465 at 3 ticks/frame; returns image 4465 (held as background under the text) | observed images 4430..4465 (36 distinct) | observed text [""00"", ""0"", ""MORE TO START"", ""DISC MULTIBALL""]",deff_trace -rng 0x1021be8=<value>; or hook pc 0xc6d0 (return of random_below) and set r0 when [sp+4] == 0x1021be8,"{""5"": 2, ""0"": 1, ""1"": 1, ""2"": 2, ""3"": 1, ""4"": 1, ""6"": 1, ""7"": 2, ""8"": 1, ""9"": 2, ""10"": 1}",observed
111,0x1021be4,0x1021bac,0xc6b4,random_below,11,clip played before the text screen; the returned last frame stays as the background,"0x40d337c (u32 function pointers, 11 entries)",9,"fn 0x1021b14: anim 4466..4500 at 3 ticks/frame; returns image 4500 (held as background under the text) | observed images 4466..4500 (35 distinct) | observed text [""00"", ""0"", ""MORE TO START"", ""DISC MULTIBALL""]",deff_trace -rng 0x1021be8=<value>; or hook pc 0xc6d0 (return of random_below) and set r0 when [sp+4] == 0x1021be8,"{""5"": 2, ""0"": 1, ""1"": 1, ""2"": 2, ""3"": 1, ""4"": 1, ""6"": 1, ""7"": 2, ""8"": 1, ""9"": 2, ""10"": 1}",observed
111,0x1021be4,0x1021bac,0xc6b4,random_below,11,clip played before the text screen; the returned last frame stays as the background,"0x40d337c (u32 function pointers, 11 entries)",10,"fn 0x1021b50: anim 4501..4541 at 3 ticks/frame; anim 4542..4571 at 3 ticks/frame; returns image 4571 (held as background under the text) | observed images 4501..4571 (71 distinct) | observed text [""00"", ""0"", ""MORE TO START"", ""DISC MULTIBALL""]",deff_trace -rng 0x1021be8=<value>; or hook pc 0xc6d0 (return of random_below) and set r0 when [sp+4] == 0x1021be8,"{""5"": 2, ""0"": 1, ""1"": 1, ""2"": 2, ""3"": 1, ""4"": 1, ""6"": 1, ""7"": 2, ""8"": 1, ""9"": 2, ""10"": 1}",observed
116,0x1027484,0x1027478,0xc6b4,random_below,1,random_below(1) always returns 0: the clip of FUN_01027478 is fixed,"ROM 0x040d3990 {u32 first, u32 last}[1]",0,"anim images 6798..6840, then speech call 0x111 (round robin index RAM 0x3b620) | observed images 6798..6840 (43 distinct) | observed text [""1,234,560"", ""00""]",deff_trace -rng 0x1027488=<value>; or hook pc 0xc6d0 (return of random_below) and set r0 when [sp+4] == 0x1027488,"{""0"": 1}",observed
116,0x1027380,0x1027374,0xc6b4,random_below,2,"which of 2 clips plays (FUN_01027374, used by deffs 116-124)","ROM 0x040d3980 {u32 first, u32 last}[2]",0,"anim images 6732..6760, 3 ticks per frame (deff_status_frames(3)) | observed images 6732..6760 (29 distinct) | observed text [""00""]",deff_trace -rng 0x1027384=<value>; or hook pc 0xc6d0 (return of random_below) and set r0 when [sp+4] == 0x1027384,"{""1"": 2, ""0"": 1}",observed
116,0x1027380,0x1027374,0xc6b4,random_below,2,"which of 2 clips plays (FUN_01027374, used by deffs 116-124)","ROM 0x040d3980 {u32 first, u32 last}[2]",1,"anim images 6761..6797, 3 ticks per frame (deff_status_frames(3)) | observed images 6761..6797 (37 distinct) | observed text [""00""]",deff_trace -rng 0x1027384=<value>; or hook pc 0xc6d0 (return of random_below) and set r0 when [sp+4] == 0x1027384,"{""1"": 2, ""0"": 1}",observed
117,0x1027484,0x1027478,0xc6b4,random_below,1,random_below(1) always returns 0: the clip of FUN_01027478 is fixed,"ROM 0x040d3990 {u32 first, u32 last}[1]",0,"anim images 6798..6840, then speech call 0x111 (round robin index RAM 0x3b620)",deff_trace -rng 0x1027488=<value>; or hook pc 0xc6d0 (return of random_below) and set r0 when [sp+4] == 0x1027488,,code
117,0x1027380,0x1027374,0xc6b4,random_below,2,"which of 2 clips plays (FUN_01027374, used by deffs 116-124)","ROM 0x040d3980 {u32 first, u32 last}[2]",0,"anim images 6732..6760, 3 ticks per frame (deff_status_frames(3))",deff_trace -rng 0x1027384=<value>; or hook pc 0xc6d0 (return of random_below) and set r0 when [sp+4] == 0x1027384,"{""0"": 1}",observed
117,0x1027380,0x1027374,0xc6b4,random_below,2,"which of 2 clips plays (FUN_01027374, used by deffs 116-124)","ROM 0x040d3980 {u32 first, u32 last}[2]",1,"anim images 6761..6797, 3 ticks per frame (deff_status_frames(3))",deff_trace -rng 0x1027384=<value>; or hook pc 0xc6d0 (return of random_below) and set r0 when [sp+4] == 0x1027384,"{""0"": 1}",code
118,0x1027484,0x1027478,0xc6b4,random_below,1,random_below(1) always returns 0: the clip of FUN_01027478 is fixed,"ROM 0x040d3990 {u32 first, u32 last}[1]",0,"anim images 6798..6840, then speech call 0x111 (round robin index RAM 0x3b620)",deff_trace -rng 0x1027488=<value>; or hook pc 0xc6d0 (return of random_below) and set r0 when [sp+4] == 0x1027488,,code
118,0x1027380,0x1027374,0xc6b4,random_below,2,"which of 2 clips plays (FUN_01027374, used by deffs 116-124)","ROM 0x040d3980 {u32 first, u32 last}[2]",0,"anim images 6732..6760, 3 ticks per frame (deff_status_frames(3))",deff_trace -rng 0x1027384=<value>; or hook pc 0xc6d0 (return of random_below) and set r0 when [sp+4] == 0x1027384,"{""0"": 1}",observed
118,0x1027380,0x1027374,0xc6b4,random_below,2,"which of 2 clips plays (FUN_01027374, used by deffs 116-124)","ROM 0x040d3980 {u32 first, u32 last}[2]",1,"anim images 6761..6797, 3 ticks per frame (deff_status_frames(3))",deff_trace -rng 0x1027384=<value>; or hook pc 0xc6d0 (return of random_below) and set r0 when [sp+4] == 0x1027384,"{""0"": 1}",code
119,0x1027484,0x1027478,0xc6b4,random_below,1,random_below(1) always returns 0: the clip of FUN_01027478 is fixed,"ROM 0x040d3990 {u32 first, u32 last}[1]",0,"anim images 6798..6840, then speech call 0x111 (round robin index RAM 0x3b620)",deff_trace -rng 0x1027488=<value>; or hook pc 0xc6d0 (return of random_below) and set r0 when [sp+4] == 0x1027488,,code
119,0x1027380,0x1027374,0xc6b4,random_below,2,"which of 2 clips plays (FUN_01027374, used by deffs 116-124)","ROM 0x040d3980 {u32 first, u32 last}[2]",0,"anim images 6732..6760, 3 ticks per frame (deff_status_frames(3))",deff_trace -rng 0x1027384=<value>; or hook pc 0xc6d0 (return of random_below) and set r0 when [sp+4] == 0x1027384,"{""1"": 1}",code
119,0x1027380,0x1027374,0xc6b4,random_below,2,"which of 2 clips plays (FUN_01027374, used by deffs 116-124)","ROM 0x040d3980 {u32 first, u32 last}[2]",1,"anim images 6761..6797, 3 ticks per frame (deff_status_frames(3))",deff_trace -rng 0x1027384=<value>; or hook pc 0xc6d0 (return of random_below) and set r0 when [sp+4] == 0x1027384,"{""1"": 1}",observed
120,0x1027484,0x1027478,0xc6b4,random_below,1,random_below(1) always returns 0: the clip of FUN_01027478 is fixed,"ROM 0x040d3990 {u32 first, u32 last}[1]",0,"anim images 6798..6840, then speech call 0x111 (round robin index RAM 0x3b620)",deff_trace -rng 0x1027488=<value>; or hook pc 0xc6d0 (return of random_below) and set r0 when [sp+4] == 0x1027488,,code
120,0x1027380,0x1027374,0xc6b4,random_below,2,"which of 2 clips plays (FUN_01027374, used by deffs 116-124)","ROM 0x040d3980 {u32 first, u32 last}[2]",0,"anim images 6732..6760, 3 ticks per frame (deff_status_frames(3))",deff_trace -rng 0x1027384=<value>; or hook pc 0xc6d0 (return of random_below) and set r0 when [sp+4] == 0x1027384,"{""1"": 1}",code
120,0x1027380,0x1027374,0xc6b4,random_below,2,"which of 2 clips plays (FUN_01027374, used by deffs 116-124)","ROM 0x040d3980 {u32 first, u32 last}[2]",1,"anim images 6761..6797, 3 ticks per frame (deff_status_frames(3))",deff_trace -rng 0x1027384=<value>; or hook pc 0xc6d0 (return of random_below) and set r0 when [sp+4] == 0x1027384,"{""1"": 1}",observed
121,0x1027484,0x1027478,0xc6b4,random_below,1,random_below(1) always returns 0: the clip of FUN_01027478 is fixed,"ROM 0x040d3990 {u32 first, u32 last}[1]",0,"anim images 6798..6840, then speech call 0x111 (round robin index RAM 0x3b620)",deff_trace -rng 0x1027488=<value>; or hook pc 0xc6d0 (return of random_below) and set r0 when [sp+4] == 0x1027488,,code
121,0x1027380,0x1027374,0xc6b4,random_below,2,"which of 2 clips plays (FUN_01027374, used by deffs 116-124)","ROM 0x040d3980 {u32 first, u32 last}[2]",0,"anim images 6732..6760, 3 ticks per frame (deff_status_frames(3))",deff_trace -rng 0x1027384=<value>; or hook pc 0xc6d0 (return of random_below) and set r0 when [sp+4] == 0x1027384,"{""1"": 1}",code
121,0x1027380,0x1027374,0xc6b4,random_below,2,"which of 2 clips plays (FUN_01027374, used by deffs 116-124)","ROM 0x040d3980 {u32 first, u32 last}[2]",1,"anim images 6761..6797, 3 ticks per frame (deff_status_frames(3))",deff_trace -rng 0x1027384=<value>; or hook pc 0xc6d0 (return of random_below) and set r0 when [sp+4] == 0x1027384,"{""1"": 1}",observed
122,0x1027484,0x1027478,0xc6b4,random_below,1,random_below(1) always returns 0: the clip of FUN_01027478 is fixed,"ROM 0x040d3990 {u32 first, u32 last}[1]",0,"anim images 6798..6840, then speech call 0x111 (round robin index RAM 0x3b620)",deff_trace -rng 0x1027488=<value>; or hook pc 0xc6d0 (return of random_below) and set r0 when [sp+4] == 0x1027488,,code
122,0x1027380,0x1027374,0xc6b4,random_below,2,"which of 2 clips plays (FUN_01027374, used by deffs 116-124)","ROM 0x040d3980 {u32 first, u32 last}[2]",0,"anim images 6732..6760, 3 ticks per frame (deff_status_frames(3))",deff_trace -rng 0x1027384=<value>; or hook pc 0xc6d0 (return of random_below) and set r0 when [sp+4] == 0x1027384,"{""0"": 1}",observed
122,0x1027380,0x1027374,0xc6b4,random_below,2,"which of 2 clips plays (FUN_01027374, used by deffs 116-124)","ROM 0x040d3980 {u32 first, u32 last}[2]",1,"anim images 6761..6797, 3 ticks per frame (deff_status_frames(3))",deff_trace -rng 0x1027384=<value>; or hook pc 0xc6d0 (return of random_below) and set r0 when [sp+4] == 0x1027384,"{""0"": 1}",code
123,0x1027484,0x1027478,0xc6b4,random_below,1,random_below(1) always returns 0: the clip of FUN_01027478 is fixed,"ROM 0x040d3990 {u32 first, u32 last}[1]",0,"anim images 6798..6840, then speech call 0x111 (round robin index RAM 0x3b620)",deff_trace -rng 0x1027488=<value>; or hook pc 0xc6d0 (return of random_below) and set r0 when [sp+4] == 0x1027488,,code
123,0x1027380,0x1027374,0xc6b4,random_below,2,"which of 2 clips plays (FUN_01027374, used by deffs 116-124)","ROM 0x040d3980 {u32 first, u32 last}[2]",0,"anim images 6732..6760, 3 ticks per frame (deff_status_frames(3))",deff_trace -rng 0x1027384=<value>; or hook pc 0xc6d0 (return of random_below) and set r0 when [sp+4] == 0x1027384,"{""0"": 1}",observed
123,0x1027380,0x1027374,0xc6b4,random_below,2,"which of 2 clips plays (FUN_01027374, used by deffs 116-124)","ROM 0x040d3980 {u32 first, u32 last}[2]",1,"anim images 6761..6797, 3 ticks per frame (deff_status_frames(3))",deff_trace -rng 0x1027384=<value>; or hook pc 0xc6d0 (return of random_below) and set r0 when [sp+4] == 0x1027384,"{""0"": 1}",code
124,0x1027484,0x1027478,0xc6b4,random_below,1,random_below(1) always returns 0: the clip of FUN_01027478 is fixed,"ROM 0x040d3990 {u32 first, u32 last}[1]",0,"anim images 6798..6840, then speech call 0x111 (round robin index RAM 0x3b620)",deff_trace -rng 0x1027488=<value>; or hook pc 0xc6d0 (return of random_below) and set r0 when [sp+4] == 0x1027488,,code
124,0x1027380,0x1027374,0xc6b4,random_below,2,"which of 2 clips plays (FUN_01027374, used by deffs 116-124)","ROM 0x040d3980 {u32 first, u32 last}[2]",0,"anim images 6732..6760, 3 ticks per frame (deff_status_frames(3))",deff_trace -rng 0x1027384=<value>; or hook pc 0xc6d0 (return of random_below) and set r0 when [sp+4] == 0x1027384,"{""1"": 1}",code
124,0x1027380,0x1027374,0xc6b4,random_below,2,"which of 2 clips plays (FUN_01027374, used by deffs 116-124)","ROM 0x040d3980 {u32 first, u32 last}[2]",1,"anim images 6761..6797, 3 ticks per frame (deff_status_frames(3))",deff_trace -rng 0x1027384=<value>; or hook pc 0xc6d0 (return of random_below) and set r0 when [sp+4] == 0x1027384,"{""1"": 1}",observed
