audit,menu,menu_label,name,table_entry,counter,counter_nvram,counter_flags,display_type,display_format,formatter,lifetime_line,computed_fn,formula,meaning,div_by_zero,rounding,incremented_by,observed_zero,observed_poked,tag
1,EARNINGS AUDITS,EARNINGS AUDIT #1,TOTAL PAID CREDITS,0x40e0240,1,0x21022d8,0x4,1,"""%d""",0x32b2c,"yes ([LIFETIME: x], sel 0x90)",,counter 1,,,,,"0 -> ""0""","6 -> ""6""",observed
2,EARNINGS AUDITS,EARNINGS AUDIT #2,FREE GAME PERCENTAGE,0x40e0250,,,,2,"""%d%%""",0x32b3c,,0x2e34c,c17 ? audit28 * 100 / c17 : 0,FREE GAME PERCENTAGE = TOTAL FREE PLAYS x 100 / paid plays (counter 17),0,"integer division, truncated",,"0 -> ""0%""","45 -> ""45%""",observed
3,EARNINGS AUDITS,EARNINGS AUDIT #3,AVERAGE BALL TIME,0x40e0260,,,,3,"""%2d:%02d"" of value/60, value%60 (seconds)",0x32b4c,,0x2e274,c8 ? c63 / c8 : 0,AVERAGE BALL TIME (s) = ball time counter 63 / TOTAL BALLS PLAYED (counter 8),0,"integer division, truncated",,"0 -> "" 0:00""","75 -> "" 1:15""",observed
4,EARNINGS AUDITS,EARNINGS AUDIT #4,AVERAGE GAME TIME,0x40e0270,,,,3,"""%2d:%02d"" of value/60, value%60 (seconds)",0x32b4c,,0x2e2b4,audit29 ? c60 / audit29 : 0,AVERAGE GAME TIME (s) = game time counter 60 / TOTAL PLAYS,0,"integer division, truncated",,"0 -> "" 0:00""","200 -> "" 3:20""",observed
5,EARNINGS AUDITS,EARNINGS AUDIT #5,COINS THROUGH LEFT SLOT,0x40e0280,2,0x21022e8,0x6,1,"""%d""",0x32b2c,"yes ([LIFETIME: x], sel 0x90)",,counter 2,,,,,"0 -> ""0""","5 -> ""5""",observed
6,EARNINGS AUDITS,EARNINGS AUDIT #6,COINS THROUGH RIGHT SLOT,0x40e0290,4,0x2102308,0x6,1,"""%d""",0x32b2c,"yes ([LIFETIME: x], sel 0x90)",,counter 4,,,,,"0 -> ""0""","1 -> ""1""",observed
7,EARNINGS AUDITS,EARNINGS AUDIT #7,COINS THROUGH CENTER SLOT,0x40e02a0,3,0x21022f8,0x6,1,"""%d""",0x32b2c,"yes ([LIFETIME: x], sel 0x90)",,counter 3,,,,,"0 -> ""0""","2 -> ""2""",observed
8,EARNINGS AUDITS,EARNINGS AUDIT #8,COINS THROUGH FOURTH SLOT,0x40e02b0,5,0x2102318,0x6,1,"""%d""",0x32b2c,"yes ([LIFETIME: x], sel 0x90)",,counter 5,,,,,"0 -> ""0""","1 -> ""1""",observed
9,EARNINGS AUDITS,EARNINGS AUDIT #9,COINS THROUGH FIFTH SLOT,0x40e02c0,6,0x2102328,0x6,1,"""%d""",0x32b2c,"yes ([LIFETIME: x], sel 0x90)",,counter 6,,,,,"0 -> ""0""","0 -> ""0""",observed
10,EARNINGS AUDITS,EARNINGS AUDIT #10,TOTAL COINS,0x40e02d0,,,,1,"""%d""",0x32b2c,"yes ([LIFETIME: x], sel 0x90)",0x2e4c8,c2 + c3 + c4 + c5 + c6,TOTAL COINS = sum of the five slot counters,,,,"0 -> ""0""","9 -> ""9""",observed
11,EARNINGS AUDITS,EARNINGS AUDIT #11,TOTAL EARNINGS,0x40e02e0,,,,4,"money: value x unit_value(current pricing) -> fmt msg at pricing record +0x16 (e.g. ""USD %,d.%02d"")",0x2e62c,"yes ([LIFETIME: x], sel 0x90)",0x2e534,"c7  (shown as money: c7 x unit value of the CURRENT pricing, 64-bit, /100 and %100, money format +0x16)",TOTAL EARNINGS = units counter 7 converted with the pricing selected now (formatter 0x2e62c),,"integer division, truncated",,"0 -> ""USD 0.00""","13 -> ""USD 3.25""",observed
12,EARNINGS AUDITS,EARNINGS AUDIT #12,METER CLICKS,0x40e02f0,7,0x2102338,0x6,1,"""%d""",0x32b2c,"yes ([LIFETIME: x], sel 0x90)",,counter 7,,,,,"0 -> ""0""","13 -> ""13""",observed
13,EARNINGS AUDITS,EARNINGS AUDIT #13,SOFTWARE METER,0x40e0300,,,,1,"""%d""",0x32b2c,,0x32b24,"0  (function is ""mov r0,#0; mov pc,lr"")",SOFTWARE METER: always 0 in v1.74,,,,"0 -> ""0""","0 -> ""0""",observed
14,STANDARD AUDITS,STANDARD AUDIT #1,TOTAL BALLS PLAYED,0x40e0310,8,0x2102348,0x0,1,"""%d""",0x32b2c,,,counter 8,,,,end_of_ball,"0 -> ""0""","120 -> ""120""",observed
15,STANDARD AUDITS,STANDARD AUDIT #2,TOTAL EXTRA BALLS,0x40e0320,9,0x2102358,0x0,1,"""%d""",0x32b2c,,,counter 9,,,,eb_award,"0 -> ""0""","7 -> ""7""",observed
16,STANDARD AUDITS,STANDARD AUDIT #3,EXTRA BALL PERCENTAGE,0x40e0330,,,,2,"""%d%%""",0x32b3c,,0x2e300,c17 ? c9 * 100 / c17 : 0,EXTRA BALL PERCENTAGE = extra balls (counter 9) x 100 / paid plays,0,"integer division, truncated",,"0 -> ""0%""","17 -> ""17%""",observed
17,STANDARD AUDITS,STANDARD AUDIT #4,REPLAY 1 AWARDS,0x40e0340,10,0x2102368,0x0,1,"""%d""",0x32b2c,,,counter 10,,,,,"0 -> ""0""","3 -> ""3""",observed
18,STANDARD AUDITS,STANDARD AUDIT #5,REPLAY 2 AWARDS,0x40e0350,11,0x2102378,0x0,1,"""%d""",0x32b2c,,,counter 11,,,,,"0 -> ""0""",,code
19,STANDARD AUDITS,STANDARD AUDIT #6,REPLAY 3 AWARDS,0x40e0360,12,0x2102388,0x0,1,"""%d""",0x32b2c,,,counter 12,,,,,"0 -> ""0""",,code
20,STANDARD AUDITS,STANDARD AUDIT #7,REPLAY 4 AWARDS,0x40e0370,13,0x2102398,0x0,1,"""%d""",0x32b2c,,,counter 13,,,,,"0 -> ""0""",,code
21,STANDARD AUDITS,STANDARD AUDIT #8,TOTAL REPLAYS,0x40e0380,,,,1,"""%d""",0x32b2c,,0x2e5d4,c10 + c11 + c12 + c13,TOTAL REPLAYS = replay 1-4 awards,,,,"0 -> ""0""","7 -> ""7""",observed
22,STANDARD AUDITS,STANDARD AUDIT #9,REPLAY PERCENTAGE,0x40e0390,,,,2,"""%d%%""",0x32b3c,,0x2e3ec,c17 ? audit21 * 100 / c17 : 0,REPLAY PERCENTAGE,0,"integer division, truncated",,"0 -> ""0%""","17 -> ""17%""",observed
23,STANDARD AUDITS,STANDARD AUDIT #10,TOTAL SPECIALS,0x40e03a0,14,0x21023a8,0x0,1,"""%d""",0x32b2c,,,counter 14,,,,special_award,"0 -> ""0""","2 -> ""2""",observed
24,STANDARD AUDITS,STANDARD AUDIT #11,SPECIAL PERCENTAGE,0x40e03b0,,,,2,"""%d%%""",0x32b3c,,0x2e438,c17 ? c14 * 100 / c17 : 0,SPECIAL PERCENTAGE,0,"integer division, truncated",,"0 -> ""0%""","5 -> ""5%""",observed
25,STANDARD AUDITS,STANDARD AUDIT #12,TOTAL MATCHES,0x40e03c0,15,0x21023b8,0x0,1,"""%d""",0x32b2c,,,counter 15,,,,match_award,"0 -> ""0""","4 -> ""4""",observed
26,STANDARD AUDITS,STANDARD AUDIT #13,HIGH SCORE AWARDS,0x40e03d0,16,0x21023c8,0x0,1,"""%d""",0x32b2c,,,counter 16,,,,FUN_0001abfc,"0 -> ""0""","5 -> ""5""",observed
27,STANDARD AUDITS,STANDARD AUDIT #14,HIGH SCORE PERCENT,0x40e03e0,,,,2,"""%d%%""",0x32b3c,,0x2e398,c17 ? c16 * 100 / c17 : 0,HIGH SCORE PERCENT,0,"integer division, truncated",,"0 -> ""0%""","12 -> ""12%""",observed
28,STANDARD AUDITS,STANDARD AUDIT #15,TOTAL FREE PLAYS,0x40e03f0,,,,1,"""%d""",0x32b2c,,0x2e54c,audit21 + c14 + c15 + c16,TOTAL FREE PLAYS = replays + specials + matches + high score awards,,,,"0 -> ""0""","18 -> ""18""",observed
29,STANDARD AUDITS,STANDARD AUDIT #16,TOTAL PLAYS,0x40e0400,,,,1,"""%d""",0x32b2c,,0x2e5a4,c17 + c18,TOTAL PLAYS = counter 17 (paid starts) + counter 18 (free starts),,,,"0 -> ""0""","50 -> ""50""",observed
30,STANDARD AUDITS,STANDARD AUDIT #17,0.0M-1.99M SCORES,0x40e0410,19,0x21023f8,0x0,5,"score: fmt msg RAM 0x36f5e (0x4e4 ""%,02lu"")",0x2e778,,,counter 19,,,,,"0 -> ""00""",,code
31,STANDARD AUDITS,STANDARD AUDIT #18,2.0M-3.99M SCORES,0x40e0420,20,0x2102408,0x0,5,"score: fmt msg RAM 0x36f5e (0x4e4 ""%,02lu"")",0x2e778,,,counter 20,,,,,"0 -> ""00""",,code
32,STANDARD AUDITS,STANDARD AUDIT #19,4.0M-5.99M SCORES,0x40e0430,21,0x2102418,0x0,5,"score: fmt msg RAM 0x36f5e (0x4e4 ""%,02lu"")",0x2e778,,,counter 21,,,,,"0 -> ""00""",,code
33,STANDARD AUDITS,STANDARD AUDIT #20,6.0M-7.99M SCORES,0x40e0440,22,0x2102428,0x0,5,"score: fmt msg RAM 0x36f5e (0x4e4 ""%,02lu"")",0x2e778,,,counter 22,,,,,"0 -> ""00""",,code
34,STANDARD AUDITS,STANDARD AUDIT #21,8.0M-9.99M SCORES,0x40e0450,23,0x2102438,0x0,5,"score: fmt msg RAM 0x36f5e (0x4e4 ""%,02lu"")",0x2e778,,,counter 23,,,,,"0 -> ""00""",,code
35,STANDARD AUDITS,STANDARD AUDIT #22,10.0M-12.49M SCORES,0x40e0460,24,0x2102448,0x0,5,"score: fmt msg RAM 0x36f5e (0x4e4 ""%,02lu"")",0x2e778,,,counter 24,,,,,"0 -> ""00""",,code
36,STANDARD AUDITS,STANDARD AUDIT #23,12.5M-14.99M SCORES,0x40e0470,25,0x2102458,0x0,5,"score: fmt msg RAM 0x36f5e (0x4e4 ""%,02lu"")",0x2e778,,,counter 25,,,,,"0 -> ""00""",,code
37,STANDARD AUDITS,STANDARD AUDIT #24,15.0M-17.49M SCORES,0x40e0480,26,0x2102468,0x0,5,"score: fmt msg RAM 0x36f5e (0x4e4 ""%,02lu"")",0x2e778,,,counter 26,,,,,"0 -> ""00""",,code
38,STANDARD AUDITS,STANDARD AUDIT #25,17.5M-19.99M SCORES,0x40e0490,27,0x2102478,0x0,5,"score: fmt msg RAM 0x36f5e (0x4e4 ""%,02lu"")",0x2e778,,,counter 27,,,,,"0 -> ""00""",,code
39,STANDARD AUDITS,STANDARD AUDIT #26,20.0M-24.99M SCORES,0x40e04a0,28,0x2102488,0x0,5,"score: fmt msg RAM 0x36f5e (0x4e4 ""%,02lu"")",0x2e778,,,counter 28,,,,,"0 -> ""00""",,code
40,STANDARD AUDITS,STANDARD AUDIT #27,25.0M-29.99M SCORES,0x40e04b0,29,0x2102498,0x0,5,"score: fmt msg RAM 0x36f5e (0x4e4 ""%,02lu"")",0x2e778,,,counter 29,,,,,"0 -> ""00""",,code
41,STANDARD AUDITS,STANDARD AUDIT #28,30.0M-39.99M SCORES,0x40e04c0,30,0x21024a8,0x0,5,"score: fmt msg RAM 0x36f5e (0x4e4 ""%,02lu"")",0x2e778,,,counter 30,,,,,"0 -> ""00""",,code
42,STANDARD AUDITS,STANDARD AUDIT #29,40.0M-49.99M SCORES,0x40e04d0,31,0x21024b8,0x0,5,"score: fmt msg RAM 0x36f5e (0x4e4 ""%,02lu"")",0x2e778,,,counter 31,,,,,"0 -> ""00""",,code
43,STANDARD AUDITS,STANDARD AUDIT #30,50.0M-74.99M SCORES,0x40e04e0,32,0x21024c8,0x0,5,"score: fmt msg RAM 0x36f5e (0x4e4 ""%,02lu"")",0x2e778,,,counter 32,,,,,"0 -> ""00""",,code
44,STANDARD AUDITS,STANDARD AUDIT #31,75.0M-99.99M SCORES,0x40e04f0,33,0x21024d8,0x0,5,"score: fmt msg RAM 0x36f5e (0x4e4 ""%,02lu"")",0x2e778,,,counter 33,,,,,"0 -> ""00""",,code
45,STANDARD AUDITS,STANDARD AUDIT #32,100.0M-149.99M SCORES,0x40e0500,34,0x21024e8,0x0,5,"score: fmt msg RAM 0x36f5e (0x4e4 ""%,02lu"")",0x2e778,,,counter 34,,,,,"0 -> ""00""",,code
46,STANDARD AUDITS,STANDARD AUDIT #33,150.0+M SCORES,0x40e0510,35,0x21024f8,0x0,5,"score: fmt msg RAM 0x36f5e (0x4e4 ""%,02lu"")",0x2e778,,,counter 35,,,,,"0 -> ""00""",,code
47,STANDARD AUDITS,STANDARD AUDIT #34,AVERAGE SCORES,0x40e0520,,,,5,"score: fmt msg RAM 0x36f5e (0x4e4 ""%,02lu"")",0x2e778,,0x2e2f4,"(score_sum_u64 / score_count) / 10 * 10, low 32 bits; 0 when the record at NVRAM 0x21109d4 fails its checksum or count = 0","AVERAGE SCORES from NVRAM 0x21109d4 {u64 sum, u32 count, ~checksum16}",,"integer division, truncated",,"0 -> ""00""","0 -> ""00""",observed
48,STANDARD AUDITS,STANDARD AUDIT #35,SERVICE CREDITS,0x40e0530,36,0x2102508,0x0,1,"""%d""",0x32b2c,,,counter 36,,,,FUN_0002dedc,"0 -> ""0""",,code
49,STANDARD AUDITS,STANDARD AUDIT #36,BALL SEARCH STARTED,0x40e0540,37,0x2102518,0x0,1,"""%d""",0x32b2c,,,counter 37,,,,FUN_0001f634;task_ball_search,"0 -> ""0""",,code
50,STANDARD AUDITS,STANDARD AUDIT #37,LOST BALL FEEDS,0x40e0550,38,0x2102528,0x0,1,"""%d""",0x32b2c,,,counter 38,,,,FUN_0001f7a4,"0 -> ""0""",,code
51,STANDARD AUDITS,STANDARD AUDIT #38,LOST BALL GAME STARTS,0x40e0560,39,0x2102538,0x0,1,"""%d""",0x32b2c,,,counter 39,,,,game_start,"0 -> ""0""",,code
52,STANDARD AUDITS,STANDARD AUDIT #39,LEFT DRAINS,0x40e0570,40,0x2102548,0x0,1,"""%d""",0x32b2c,,,counter 40,,,,end_of_ball,"0 -> ""0""",,code
53,STANDARD AUDITS,STANDARD AUDIT #40,CENTER DRAINS,0x40e0580,,,,1,"""%d""",0x32b2c,,0x2e484,c8 - c40 - c41,CENTER DRAINS = balls played - left drains - right drains,,,,"0 -> ""0""","65 -> ""65""",observed
54,STANDARD AUDITS,STANDARD AUDIT #41,RIGHT DRAINS,0x40e0590,41,0x2102558,0x0,1,"""%d""",0x32b2c,,,counter 41,,,,end_of_ball,"0 -> ""0""",,code
55,STANDARD AUDITS,STANDARD AUDIT #42,TILTS,0x40e05a0,42,0x2102568,0x0,1,"""%d""",0x32b2c,,,counter 42,,,,tilt,"0 -> ""0""",,code
56,STANDARD AUDITS,STANDARD AUDIT #43,TOTAL BALLS SAVED,0x40e05b0,43,0x2102578,0x0,1,"""%d""",0x32b2c,,,counter 43,,,,ball_save_try,"0 -> ""0""",,code
57,STANDARD AUDITS,STANDARD AUDIT #44,LEFT FLIPPER USED,0x40e05c0,44,0x2102588,0x0,1,"""%d""",0x32b2c,,,counter 44,,,,FUN_0002dcc0,"0 -> ""0""",,code
58,STANDARD AUDITS,STANDARD AUDIT #45,RIGHT FLIPPER USED,0x40e05d0,45,0x2102598,0x0,1,"""%d""",0x32b2c,,,counter 45,,,,FUN_0002dcc0,"0 -> ""0""",,code
59,STANDARD AUDITS,STANDARD AUDIT #46,0 - 1 MINUTE GAMES,0x40e05e0,46,0x21025a8,0x0,1,"""%d""",0x32b2c,,,counter 46,,,,,"0 -> ""0""",,code
60,STANDARD AUDITS,STANDARD AUDIT #47,1 - 1.5 MINUTE GAMES,0x40e05f0,47,0x21025b8,0x0,1,"""%d""",0x32b2c,,,counter 47,,,,,"0 -> ""0""",,code
61,STANDARD AUDITS,STANDARD AUDIT #48,1.5 - 2 MINUTE GAMES,0x40e0600,48,0x21025c8,0x0,1,"""%d""",0x32b2c,,,counter 48,,,,,"0 -> ""0""",,code
62,STANDARD AUDITS,STANDARD AUDIT #49,2 - 2.5 MINUTE GAMES,0x40e0610,49,0x21025d8,0x0,1,"""%d""",0x32b2c,,,counter 49,,,,,"0 -> ""0""",,code
63,STANDARD AUDITS,STANDARD AUDIT #50,2.5 - 3 MINUTE GAMES,0x40e0620,50,0x21025e8,0x0,1,"""%d""",0x32b2c,,,counter 50,,,,,"0 -> ""0""",,code
64,STANDARD AUDITS,STANDARD AUDIT #51,3 - 3.5 MINUTE GAMES,0x40e0630,51,0x21025f8,0x0,1,"""%d""",0x32b2c,,,counter 51,,,,,"0 -> ""0""",,code
65,STANDARD AUDITS,STANDARD AUDIT #52,3.5 - 4 MINUTE GAMES,0x40e0640,52,0x2102608,0x0,1,"""%d""",0x32b2c,,,counter 52,,,,,"0 -> ""0""",,code
66,STANDARD AUDITS,STANDARD AUDIT #53,4 - 5 MINUTE GAMES,0x40e0650,53,0x2102618,0x0,1,"""%d""",0x32b2c,,,counter 53,,,,,"0 -> ""0""",,code
67,STANDARD AUDITS,STANDARD AUDIT #54,5 - 6 MINUTE GAMES,0x40e0660,54,0x2102628,0x0,1,"""%d""",0x32b2c,,,counter 54,,,,,"0 -> ""0""",,code
68,STANDARD AUDITS,STANDARD AUDIT #55,6 - 8 MINUTE GAMES,0x40e0670,55,0x2102638,0x0,1,"""%d""",0x32b2c,,,counter 55,,,,,"0 -> ""0""",,code
69,STANDARD AUDITS,STANDARD AUDIT #56,8 - 10 MINUTE GAMES,0x40e0680,56,0x2102648,0x0,1,"""%d""",0x32b2c,,,counter 56,,,,,"0 -> ""0""",,code
70,STANDARD AUDITS,STANDARD AUDIT #57,10 - 15 MINUTE GAMES,0x40e0690,57,0x2102658,0x0,1,"""%d""",0x32b2c,,,counter 57,,,,,"0 -> ""0""",,code
71,STANDARD AUDITS,STANDARD AUDIT #58,15+ MINUTE GAMES,0x40e06a0,58,0x2102668,0x0,1,"""%d""",0x32b2c,,,counter 58,,,,,"0 -> ""0""",,code
72,STANDARD AUDITS,STANDARD AUDIT #59,RECENT REPLAY PERCENT,0x40e06b0,,,,2,"""%d%%""",0x32b3c,,0x2e3e4,"0  (function is ""mov r0,#0; mov pc,lr"")",RECENT REPLAY PERCENT: always 0% in v1.74,,,,"0 -> ""0%""","0 -> ""0%""",observed
73,FEATURE AUDITS,FEATURE AUDIT #1,DISC MULTIBALL STARTED,0x40e06c0,65,0x21026d8,0x1,6,"count + share of TOTAL PLAYS p: p=0 -> msg 0x4e2 ""%u\n%u%% OF GAMES""(v,0); v/p=0 -> 0x4e2 (v, v*100/p); else 0x4e3 ""%u\n%u%u%% OF GAMES"" (v, v/p, (v%p)*100/p)  [integer part and fraction are printed side by side]",0x2e6c4,,,counter 65,,,,dmb_start,"0 -> ""0\n0% OF GAMES""","17 -> ""17\n34% OF GAMES""",observed
74,FEATURE AUDITS,FEATURE AUDIT #2,DISC M.B. SPINNING DISC JACKPOTS,0x40e06d0,66,0x21026e8,0x1,6,"count + share of TOTAL PLAYS p: p=0 -> msg 0x4e2 ""%u\n%u%% OF GAMES""(v,0); v/p=0 -> 0x4e2 (v, v*100/p); else 0x4e3 ""%u\n%u%u%% OF GAMES"" (v, v/p, (v%p)*100/p)  [integer part and fraction are printed side by side]",0x2e6c4,,,counter 66,,,,dmb_shot,"0 -> ""0\n0% OF GAMES""","77 -> ""77\n154% OF GAMES""",observed
75,FEATURE AUDITS,FEATURE AUDIT #3,DISC M.B. BLUE DISC SHOTS,0x40e06e0,67,0x21026f8,0x1,6,"count + share of TOTAL PLAYS p: p=0 -> msg 0x4e2 ""%u\n%u%% OF GAMES""(v,0); v/p=0 -> 0x4e2 (v, v*100/p); else 0x4e3 ""%u\n%u%u%% OF GAMES"" (v, v/p, (v%p)*100/p)  [integer part and fraction are printed side by side]",0x2e6c4,,,counter 67,,,,dmb_shot,"0 -> ""0\n0% OF GAMES""",,code
76,FEATURE AUDITS,FEATURE AUDIT #4,DISC M.B. RECOGNIZER HITS,0x40e06f0,68,0x2102708,0x1,6,"count + share of TOTAL PLAYS p: p=0 -> msg 0x4e2 ""%u\n%u%% OF GAMES""(v,0); v/p=0 -> 0x4e2 (v, v*100/p); else 0x4e3 ""%u\n%u%u%% OF GAMES"" (v, v/p, (v%p)*100/p)  [integer part and fraction are printed side by side]",0x2e6c4,,,counter 68,,,,dmb_shot,"0 -> ""0\n0% OF GAMES""",,code
77,FEATURE AUDITS,FEATURE AUDIT #5,DISC M.B. SUPER JACKPOTS,0x40e0700,69,0x2102718,0x1,6,"count + share of TOTAL PLAYS p: p=0 -> msg 0x4e2 ""%u\n%u%% OF GAMES""(v,0); v/p=0 -> 0x4e2 (v, v*100/p); else 0x4e3 ""%u\n%u%u%% OF GAMES"" (v, v/p, (v%p)*100/p)  [integer part and fraction are printed side by side]",0x2e6c4,,,counter 69,,,,dmb_shot,"0 -> ""0\n0% OF GAMES""",,code
78,FEATURE AUDITS,FEATURE AUDIT #6,DISC M.B. RESTARTED,0x40e0710,70,0x2102728,0x1,6,"count + share of TOTAL PLAYS p: p=0 -> msg 0x4e2 ""%u\n%u%% OF GAMES""(v,0); v/p=0 -> 0x4e2 (v, v*100/p); else 0x4e3 ""%u\n%u%u%% OF GAMES"" (v, v/p, (v%p)*100/p)  [integer part and fraction are printed side by side]",0x2e6c4,,,counter 70,,,,,"0 -> ""0\n0% OF GAMES""",,code
79,FEATURE AUDITS,FEATURE AUDIT #7,QUORRA MULTIBALL STARTED,0x40e0720,71,0x2102738,0x1,6,"count + share of TOTAL PLAYS p: p=0 -> msg 0x4e2 ""%u\n%u%% OF GAMES""(v,0); v/p=0 -> 0x4e2 (v, v*100/p); else 0x4e3 ""%u\n%u%u%% OF GAMES"" (v, v/p, (v%p)*100/p)  [integer part and fraction are printed side by side]",0x2e6c4,,,counter 71,,,,quorra_mb_start,"0 -> ""0\n0% OF GAMES""",,code
80,FEATURE AUDITS,FEATURE AUDIT #8,QUORRA MULTIBALL JACKPOTS,0x40e0730,72,0x2102748,0x1,6,"count + share of TOTAL PLAYS p: p=0 -> msg 0x4e2 ""%u\n%u%% OF GAMES""(v,0); v/p=0 -> 0x4e2 (v, v*100/p); else 0x4e3 ""%u\n%u%u%% OF GAMES"" (v, v/p, (v%p)*100/p)  [integer part and fraction are printed side by side]",0x2e6c4,,,counter 72,,,,quorra_mb_shot,"0 -> ""0\n0% OF GAMES""",,code
81,FEATURE AUDITS,FEATURE AUDIT #9,QUORRA M.B. SUPER JACKPOTS,0x40e0740,73,0x2102758,0x1,6,"count + share of TOTAL PLAYS p: p=0 -> msg 0x4e2 ""%u\n%u%% OF GAMES""(v,0); v/p=0 -> 0x4e2 (v, v*100/p); else 0x4e3 ""%u\n%u%u%% OF GAMES"" (v, v/p, (v%p)*100/p)  [integer part and fraction are printed side by side]",0x2e6c4,,,counter 73,,,,quorra_mb_shot,"0 -> ""0\n0% OF GAMES""",,code
82,FEATURE AUDITS,FEATURE AUDIT #10,LIGHT CYCLE MULTIBALL STARTED,0x40e0750,74,0x2102768,0x1,6,"count + share of TOTAL PLAYS p: p=0 -> msg 0x4e2 ""%u\n%u%% OF GAMES""(v,0); v/p=0 -> 0x4e2 (v, v*100/p); else 0x4e3 ""%u\n%u%u%% OF GAMES"" (v, v/p, (v%p)*100/p)  [integer part and fraction are printed side by side]",0x2e6c4,,,counter 74,,,,lc_mb_start,"0 -> ""0\n0% OF GAMES""",,code
83,FEATURE AUDITS,FEATURE AUDIT #11,LIGHT CYCLE MULTIBALL JACKPOTS,0x40e0760,75,0x2102778,0x1,6,"count + share of TOTAL PLAYS p: p=0 -> msg 0x4e2 ""%u\n%u%% OF GAMES""(v,0); v/p=0 -> 0x4e2 (v, v*100/p); else 0x4e3 ""%u\n%u%u%% OF GAMES"" (v, v/p, (v%p)*100/p)  [integer part and fraction are printed side by side]",0x2e6c4,,,counter 75,,,,,"0 -> ""0\n0% OF GAMES""",,code
84,FEATURE AUDITS,FEATURE AUDIT #12,LIGHT CYCLE MBALL SUPER JACKPOTS,0x40e0770,76,0x2102788,0x1,6,"count + share of TOTAL PLAYS p: p=0 -> msg 0x4e2 ""%u\n%u%% OF GAMES""(v,0); v/p=0 -> 0x4e2 (v, v*100/p); else 0x4e3 ""%u\n%u%u%% OF GAMES"" (v, v/p, (v%p)*100/p)  [integer part and fraction are printed side by side]",0x2e6c4,,,counter 76,,,,,"0 -> ""0\n0% OF GAMES""",,code
85,FEATURE AUDITS,FEATURE AUDIT #13,LIGHT CYCLE MBALL 2X SUPER JPS,0x40e0780,77,0x2102798,0x1,6,"count + share of TOTAL PLAYS p: p=0 -> msg 0x4e2 ""%u\n%u%% OF GAMES""(v,0); v/p=0 -> 0x4e2 (v, v*100/p); else 0x4e3 ""%u\n%u%u%% OF GAMES"" (v, v/p, (v%p)*100/p)  [integer part and fraction are printed side by side]",0x2e6c4,,,counter 77,,,,,"0 -> ""0\n0% OF GAMES""",,code
86,FEATURE AUDITS,FEATURE AUDIT #14,CLU HURRYUP STARTED,0x40e0790,78,0x21027a8,0x1,6,"count + share of TOTAL PLAYS p: p=0 -> msg 0x4e2 ""%u\n%u%% OF GAMES""(v,0); v/p=0 -> 0x4e2 (v, v*100/p); else 0x4e3 ""%u\n%u%u%% OF GAMES"" (v, v/p, (v%p)*100/p)  [integer part and fraction are printed side by side]",0x2e6c4,,,counter 78,,,,on_clu_hurryup_started,"0 -> ""0\n0% OF GAMES""",,code
87,FEATURE AUDITS,FEATURE AUDIT #15,CLU HURRYUP AWARDS,0x40e07a0,79,0x21027b8,0x1,6,"count + share of TOTAL PLAYS p: p=0 -> msg 0x4e2 ""%u\n%u%% OF GAMES""(v,0); v/p=0 -> 0x4e2 (v, v*100/p); else 0x4e3 ""%u\n%u%u%% OF GAMES"" (v, v/p, (v%p)*100/p)  [integer part and fraction are printed side by side]",0x2e6c4,,,counter 79,,,,clu_collect_shot,"0 -> ""0\n0% OF GAMES""",,code
88,FEATURE AUDITS,FEATURE AUDIT #16,GEM HURRYUP STARTED,0x40e07b0,80,0x21027c8,0x1,6,"count + share of TOTAL PLAYS p: p=0 -> msg 0x4e2 ""%u\n%u%% OF GAMES""(v,0); v/p=0 -> 0x4e2 (v, v*100/p); else 0x4e3 ""%u\n%u%u%% OF GAMES"" (v, v/p, (v%p)*100/p)  [integer part and fraction are printed side by side]",0x2e6c4,,,counter 80,,,,on_gem_hurryup_started,"0 -> ""0\n0% OF GAMES""",,code
89,FEATURE AUDITS,FEATURE AUDIT #17,GEM HURRYUP AWARDS,0x40e07c0,81,0x21027d8,0x1,6,"count + share of TOTAL PLAYS p: p=0 -> msg 0x4e2 ""%u\n%u%% OF GAMES""(v,0); v/p=0 -> 0x4e2 (v, v*100/p); else 0x4e3 ""%u\n%u%u%% OF GAMES"" (v, v/p, (v%p)*100/p)  [integer part and fraction are printed side by side]",0x2e6c4,,,counter 81,,,,on_gem_hurryup_awards,"0 -> ""0\n0% OF GAMES""",,code
90,FEATURE AUDITS,FEATURE AUDIT #18,ZUSE FASTSCORING STARTED,0x40e07d0,82,0x21027e8,0x1,6,"count + share of TOTAL PLAYS p: p=0 -> msg 0x4e2 ""%u\n%u%% OF GAMES""(v,0); v/p=0 -> 0x4e2 (v, v*100/p); else 0x4e3 ""%u\n%u%u%% OF GAMES"" (v, v/p, (v%p)*100/p)  [integer part and fraction are printed side by side]",0x2e6c4,,,counter 82,,,,on_zuse_fastscoring_started,"0 -> ""0\n0% OF GAMES""",,code
91,FEATURE AUDITS,FEATURE AUDIT #19,FLYNN'S ARCADE: 500K,0x40e07e0,83,0x21027f8,0x1,1,"""%d""",0x32b2c,,,counter 83,,,,,"0 -> ""0""",,code
92,FEATURE AUDITS,FEATURE AUDIT #20,FLYNN'S ARCADE: ADV. GEM,0x40e07f0,84,0x2102808,0x1,1,"""%d""",0x32b2c,,,counter 84,,,,,"0 -> ""0""",,code
93,FEATURE AUDITS,FEATURE AUDIT #21,FLYNN'S ARCADE: ADV. CLU,0x40e0800,85,0x2102818,0x1,1,"""%d""",0x32b2c,,,counter 85,,,,,"0 -> ""0""",,code
94,FEATURE AUDITS,FEATURE AUDIT #22,FLYNN'S ARCADE: ADV. ZUSE,0x40e0810,86,0x2102828,0x1,1,"""%d""",0x32b2c,,,counter 86,,,,,"0 -> ""0""",,code
95,FEATURE AUDITS,FEATURE AUDIT #23,FLYNN'S ARCADE: ADV. QUORRA,0x40e0820,87,0x2102838,0x1,1,"""%d""",0x32b2c,,,counter 87,,,,,"0 -> ""0""",,code
96,FEATURE AUDITS,FEATURE AUDIT #24,FLYNN'S ARCADE: ADV. DISC,0x40e0830,88,0x2102848,0x1,1,"""%d""",0x32b2c,,,counter 88,,,,,"0 -> ""0""",,code
97,FEATURE AUDITS,FEATURE AUDIT #25,FLYNN'S ARCADE: ADV. LIGHT CYCLE,0x40e0840,89,0x2102858,0x1,1,"""%d""",0x32b2c,,,counter 89,,,,,"0 -> ""0""",,code
98,FEATURE AUDITS,FEATURE AUDIT #26,FLYNN'S ARCADE: ADV. RECOGNIZER,0x40e0850,90,0x2102868,0x1,1,"""%d""",0x32b2c,,,counter 90,,,,,"0 -> ""0""",,code
99,FEATURE AUDITS,FEATURE AUDIT #27,FLYNN'S ARCADE: ADV. SEA OF SIMUL.,0x40e0860,91,0x2102878,0x1,1,"""%d""",0x32b2c,,,counter 91,,,,,"0 -> ""0""",,code
100,FEATURE AUDITS,FEATURE AUDIT #28,FLYNN'S ARCADE: MORE TIME,0x40e0870,92,0x2102888,0x1,1,"""%d""",0x32b2c,,,counter 92,,,,,"0 -> ""0""",,code
101,FEATURE AUDITS,FEATURE AUDIT #29,FLYNN'S ARCADE: LIGHT EXTRA BALL,0x40e0880,93,0x2102898,0x1,1,"""%d""",0x32b2c,,,counter 93,,,,,"0 -> ""0""",,code
102,FEATURE AUDITS,FEATURE AUDIT #30,FLYNN'S ARCADE: LIGHT SPECIAL,0x40e0890,94,0x21028a8,0x1,1,"""%d""",0x32b2c,,,counter 94,,,,,"0 -> ""0""",,code
103,FEATURE AUDITS,FEATURE AUDIT #31,EXTRA BALLS LIT,0x40e08a0,95,0x21028b8,0x1,6,"count + share of TOTAL PLAYS p: p=0 -> msg 0x4e2 ""%u\n%u%% OF GAMES""(v,0); v/p=0 -> 0x4e2 (v, v*100/p); else 0x4e3 ""%u\n%u%u%% OF GAMES"" (v, v/p, (v%p)*100/p)  [integer part and fraction are printed side by side]",0x2e6c4,,,counter 95,,,,on_extra_balls_lit,"0 -> ""0\n0% OF GAMES""",,code
104,FEATURE AUDITS,FEATURE AUDIT #32,LEFT ORBIT,0x40e08b0,96,0x21028c8,0x1,6,"count + share of TOTAL PLAYS p: p=0 -> msg 0x4e2 ""%u\n%u%% OF GAMES""(v,0); v/p=0 -> 0x4e2 (v, v*100/p); else 0x4e3 ""%u\n%u%u%% OF GAMES"" (v, v/p, (v%p)*100/p)  [integer part and fraction are printed side by side]",0x2e6c4,,,counter 96,,,,sw43_left_orbit,"0 -> ""0\n0% OF GAMES""",,code
105,FEATURE AUDITS,FEATURE AUDIT #33,RIGHT ORBIT,0x40e08c0,97,0x21028d8,0x1,6,"count + share of TOTAL PLAYS p: p=0 -> msg 0x4e2 ""%u\n%u%% OF GAMES""(v,0); v/p=0 -> 0x4e2 (v, v*100/p); else 0x4e3 ""%u\n%u%u%% OF GAMES"" (v, v/p, (v%p)*100/p)  [integer part and fraction are printed side by side]",0x2e6c4,,,counter 97,,,,sw46_right_orbit,"0 -> ""0\n0% OF GAMES""",,code
106,FEATURE AUDITS,FEATURE AUDIT #34,LEFT RAMP,0x40e08d0,98,0x21028e8,0x1,6,"count + share of TOTAL PLAYS p: p=0 -> msg 0x4e2 ""%u\n%u%% OF GAMES""(v,0); v/p=0 -> 0x4e2 (v, v*100/p); else 0x4e3 ""%u\n%u%u%% OF GAMES"" (v, v/p, (v%p)*100/p)  [integer part and fraction are printed side by side]",0x2e6c4,,,counter 98,,,,FUN_0102a948,"0 -> ""0\n0% OF GAMES""",,code
107,FEATURE AUDITS,FEATURE AUDIT #35,RIGHT RAMP,0x40e08e0,99,0x21028f8,0x1,6,"count + share of TOTAL PLAYS p: p=0 -> msg 0x4e2 ""%u\n%u%% OF GAMES""(v,0); v/p=0 -> 0x4e2 (v, v*100/p); else 0x4e3 ""%u\n%u%u%% OF GAMES"" (v, v/p, (v%p)*100/p)  [integer part and fraction are printed side by side]",0x2e6c4,,,counter 99,,,,FUN_0102aa58,"0 -> ""0\n0% OF GAMES""",,code
108,FEATURE AUDITS,FEATURE AUDIT #36,L. INNER LOOP,0x40e08f0,100,0x2102908,0x1,6,"count + share of TOTAL PLAYS p: p=0 -> msg 0x4e2 ""%u\n%u%% OF GAMES""(v,0); v/p=0 -> 0x4e2 (v, v*100/p); else 0x4e3 ""%u\n%u%u%% OF GAMES"" (v, v/p, (v%p)*100/p)  [integer part and fraction are printed side by side]",0x2e6c4,,,counter 100,,,,left_spinner_spin_and_lil_shot,"0 -> ""0\n0% OF GAMES""",,code
109,FEATURE AUDITS,FEATURE AUDIT #37,R. INNER LOOP,0x40e0900,101,0x2102918,0x1,6,"count + share of TOTAL PLAYS p: p=0 -> msg 0x4e2 ""%u\n%u%% OF GAMES""(v,0); v/p=0 -> 0x4e2 (v, v*100/p); else 0x4e3 ""%u\n%u%u%% OF GAMES"" (v, v/p, (v%p)*100/p)  [integer part and fraction are printed side by side]",0x2e6c4,,,counter 101,,,,sw39_right_inner_loop_shot,"0 -> ""0\n0% OF GAMES""",,code
110,FEATURE AUDITS,FEATURE AUDIT #38,VUK,0x40e0910,102,0x2102928,0x1,6,"count + share of TOTAL PLAYS p: p=0 -> msg 0x4e2 ""%u\n%u%% OF GAMES""(v,0); v/p=0 -> 0x4e2 (v, v*100/p); else 0x4e3 ""%u\n%u%u%% OF GAMES"" (v, v/p, (v%p)*100/p)  [integer part and fraction are printed side by side]",0x2e6c4,,,counter 102,,,,on_vuk,"0 -> ""0\n0% OF GAMES""",,code
111,FEATURE AUDITS,FEATURE AUDIT #39,SOS STARTS,0x40e0920,103,0x2102938,0x1,6,"count + share of TOTAL PLAYS p: p=0 -> msg 0x4e2 ""%u\n%u%% OF GAMES""(v,0); v/p=0 -> 0x4e2 (v, v*100/p); else 0x4e3 ""%u\n%u%u%% OF GAMES"" (v, v/p, (v%p)*100/p)  [integer part and fraction are printed side by side]",0x2e6c4,,,counter 103,,,,,"0 -> ""0\n0% OF GAMES""",,code
112,FEATURE AUDITS,FEATURE AUDIT #40,ITEMS LIT: FLYNN,0x40e0930,104,0x2102948,0x1,6,"count + share of TOTAL PLAYS p: p=0 -> msg 0x4e2 ""%u\n%u%% OF GAMES""(v,0); v/p=0 -> 0x4e2 (v, v*100/p); else 0x4e3 ""%u\n%u%u%% OF GAMES"" (v, v/p, (v%p)*100/p)  [integer part and fraction are printed side by side]",0x2e6c4,,,counter 104,,,,,"0 -> ""0\n0% OF GAMES""",,code
113,FEATURE AUDITS,FEATURE AUDIT #41,ITEMS COLLECTED: FLYNN,0x40e0940,105,0x2102958,0x1,6,"count + share of TOTAL PLAYS p: p=0 -> msg 0x4e2 ""%u\n%u%% OF GAMES""(v,0); v/p=0 -> 0x4e2 (v, v*100/p); else 0x4e3 ""%u\n%u%u%% OF GAMES"" (v, v/p, (v%p)*100/p)  [integer part and fraction are printed side by side]",0x2e6c4,,,counter 105,,,,,"0 -> ""0\n0% OF GAMES""",,code
114,FEATURE AUDITS,FEATURE AUDIT #42,ITEMS LIT: GEM,0x40e0950,106,0x2102968,0x1,6,"count + share of TOTAL PLAYS p: p=0 -> msg 0x4e2 ""%u\n%u%% OF GAMES""(v,0); v/p=0 -> 0x4e2 (v, v*100/p); else 0x4e3 ""%u\n%u%u%% OF GAMES"" (v, v/p, (v%p)*100/p)  [integer part and fraction are printed side by side]",0x2e6c4,,,counter 106,,,,,"0 -> ""0\n0% OF GAMES""",,code
115,FEATURE AUDITS,FEATURE AUDIT #43,ITEMS COLLECTED: GEM,0x40e0960,107,0x2102978,0x1,6,"count + share of TOTAL PLAYS p: p=0 -> msg 0x4e2 ""%u\n%u%% OF GAMES""(v,0); v/p=0 -> 0x4e2 (v, v*100/p); else 0x4e3 ""%u\n%u%u%% OF GAMES"" (v, v/p, (v%p)*100/p)  [integer part and fraction are printed side by side]",0x2e6c4,,,counter 107,,,,,"0 -> ""0\n0% OF GAMES""",,code
116,FEATURE AUDITS,FEATURE AUDIT #44,ITEMS LIT: CLU,0x40e0970,108,0x2102988,0x1,6,"count + share of TOTAL PLAYS p: p=0 -> msg 0x4e2 ""%u\n%u%% OF GAMES""(v,0); v/p=0 -> 0x4e2 (v, v*100/p); else 0x4e3 ""%u\n%u%u%% OF GAMES"" (v, v/p, (v%p)*100/p)  [integer part and fraction are printed side by side]",0x2e6c4,,,counter 108,,,,,"0 -> ""0\n0% OF GAMES""",,code
117,FEATURE AUDITS,FEATURE AUDIT #45,ITEMS COLLECTED: CLU,0x40e0980,109,0x2102998,0x1,6,"count + share of TOTAL PLAYS p: p=0 -> msg 0x4e2 ""%u\n%u%% OF GAMES""(v,0); v/p=0 -> 0x4e2 (v, v*100/p); else 0x4e3 ""%u\n%u%u%% OF GAMES"" (v, v/p, (v%p)*100/p)  [integer part and fraction are printed side by side]",0x2e6c4,,,counter 109,,,,,"0 -> ""0\n0% OF GAMES""",,code
118,FEATURE AUDITS,FEATURE AUDIT #46,ITEMS LIT: ZUSE,0x40e0990,110,0x21029a8,0x1,6,"count + share of TOTAL PLAYS p: p=0 -> msg 0x4e2 ""%u\n%u%% OF GAMES""(v,0); v/p=0 -> 0x4e2 (v, v*100/p); else 0x4e3 ""%u\n%u%u%% OF GAMES"" (v, v/p, (v%p)*100/p)  [integer part and fraction are printed side by side]",0x2e6c4,,,counter 110,,,,,"0 -> ""0\n0% OF GAMES""",,code
119,FEATURE AUDITS,FEATURE AUDIT #47,ITEMS COLLECTED: ZUSE,0x40e09a0,111,0x21029b8,0x1,6,"count + share of TOTAL PLAYS p: p=0 -> msg 0x4e2 ""%u\n%u%% OF GAMES""(v,0); v/p=0 -> 0x4e2 (v, v*100/p); else 0x4e3 ""%u\n%u%u%% OF GAMES"" (v, v/p, (v%p)*100/p)  [integer part and fraction are printed side by side]",0x2e6c4,,,counter 111,,,,,"0 -> ""0\n0% OF GAMES""",,code
120,FEATURE AUDITS,FEATURE AUDIT #48,ITEMS LIT: QUORRA,0x40e09b0,112,0x21029c8,0x1,6,"count + share of TOTAL PLAYS p: p=0 -> msg 0x4e2 ""%u\n%u%% OF GAMES""(v,0); v/p=0 -> 0x4e2 (v, v*100/p); else 0x4e3 ""%u\n%u%u%% OF GAMES"" (v, v/p, (v%p)*100/p)  [integer part and fraction are printed side by side]",0x2e6c4,,,counter 112,,,,,"0 -> ""0\n0% OF GAMES""",,code
121,FEATURE AUDITS,FEATURE AUDIT #49,ITEMS COLLECTED: QUORRA,0x40e09c0,113,0x21029d8,0x1,6,"count + share of TOTAL PLAYS p: p=0 -> msg 0x4e2 ""%u\n%u%% OF GAMES""(v,0); v/p=0 -> 0x4e2 (v, v*100/p); else 0x4e3 ""%u\n%u%u%% OF GAMES"" (v, v/p, (v%p)*100/p)  [integer part and fraction are printed side by side]",0x2e6c4,,,counter 113,,,,,"0 -> ""0\n0% OF GAMES""",,code
122,FEATURE AUDITS,FEATURE AUDIT #50,ITEMS LIT: DISC,0x40e09d0,114,0x21029e8,0x1,6,"count + share of TOTAL PLAYS p: p=0 -> msg 0x4e2 ""%u\n%u%% OF GAMES""(v,0); v/p=0 -> 0x4e2 (v, v*100/p); else 0x4e3 ""%u\n%u%u%% OF GAMES"" (v, v/p, (v%p)*100/p)  [integer part and fraction are printed side by side]",0x2e6c4,,,counter 114,,,,,"0 -> ""0\n0% OF GAMES""",,code
123,FEATURE AUDITS,FEATURE AUDIT #51,ITEMS COLLECTED: DISC,0x40e09e0,115,0x21029f8,0x1,6,"count + share of TOTAL PLAYS p: p=0 -> msg 0x4e2 ""%u\n%u%% OF GAMES""(v,0); v/p=0 -> 0x4e2 (v, v*100/p); else 0x4e3 ""%u\n%u%u%% OF GAMES"" (v, v/p, (v%p)*100/p)  [integer part and fraction are printed side by side]",0x2e6c4,,,counter 115,,,,,"0 -> ""0\n0% OF GAMES""",,code
124,FEATURE AUDITS,FEATURE AUDIT #52,ITEMS LIT: LIGHT CYCLE,0x40e09f0,116,0x2102a08,0x1,6,"count + share of TOTAL PLAYS p: p=0 -> msg 0x4e2 ""%u\n%u%% OF GAMES""(v,0); v/p=0 -> 0x4e2 (v, v*100/p); else 0x4e3 ""%u\n%u%u%% OF GAMES"" (v, v/p, (v%p)*100/p)  [integer part and fraction are printed side by side]",0x2e6c4,,,counter 116,,,,,"0 -> ""0\n0% OF GAMES""",,code
125,FEATURE AUDITS,FEATURE AUDIT #53,ITEMS COLLECTED: LIGHT CYCLE,0x40e0a00,117,0x2102a18,0x1,6,"count + share of TOTAL PLAYS p: p=0 -> msg 0x4e2 ""%u\n%u%% OF GAMES""(v,0); v/p=0 -> 0x4e2 (v, v*100/p); else 0x4e3 ""%u\n%u%u%% OF GAMES"" (v, v/p, (v%p)*100/p)  [integer part and fraction are printed side by side]",0x2e6c4,,,counter 117,,,,,"0 -> ""0\n0% OF GAMES""",,code
126,FEATURE AUDITS,FEATURE AUDIT #54,ITEMS LIT: RECOGNIZER,0x40e0a10,118,0x2102a28,0x1,6,"count + share of TOTAL PLAYS p: p=0 -> msg 0x4e2 ""%u\n%u%% OF GAMES""(v,0); v/p=0 -> 0x4e2 (v, v*100/p); else 0x4e3 ""%u\n%u%u%% OF GAMES"" (v, v/p, (v%p)*100/p)  [integer part and fraction are printed side by side]",0x2e6c4,,,counter 118,,,,,"0 -> ""0\n0% OF GAMES""",,code
127,FEATURE AUDITS,FEATURE AUDIT #55,ITEMS COLLECTED: RECOGNIZER,0x40e0a20,119,0x2102a38,0x1,6,"count + share of TOTAL PLAYS p: p=0 -> msg 0x4e2 ""%u\n%u%% OF GAMES""(v,0); v/p=0 -> 0x4e2 (v, v*100/p); else 0x4e3 ""%u\n%u%u%% OF GAMES"" (v, v/p, (v%p)*100/p)  [integer part and fraction are printed side by side]",0x2e6c4,,,counter 119,,,,,"0 -> ""0\n0% OF GAMES""",,code
128,FEATURE AUDITS,FEATURE AUDIT #56,ITEMS LIT: TRON,0x40e0a30,120,0x2102a48,0x1,6,"count + share of TOTAL PLAYS p: p=0 -> msg 0x4e2 ""%u\n%u%% OF GAMES""(v,0); v/p=0 -> 0x4e2 (v, v*100/p); else 0x4e3 ""%u\n%u%u%% OF GAMES"" (v, v/p, (v%p)*100/p)  [integer part and fraction are printed side by side]",0x2e6c4,,,counter 120,,,,,"0 -> ""0\n0% OF GAMES""",,code
129,FEATURE AUDITS,FEATURE AUDIT #57,ITEMS COLLECTED: TRON,0x40e0a40,121,0x2102a58,0x1,6,"count + share of TOTAL PLAYS p: p=0 -> msg 0x4e2 ""%u\n%u%% OF GAMES""(v,0); v/p=0 -> 0x4e2 (v, v*100/p); else 0x4e3 ""%u\n%u%u%% OF GAMES"" (v, v/p, (v%p)*100/p)  [integer part and fraction are printed side by side]",0x2e6c4,,,counter 121,,,,,"0 -> ""0\n0% OF GAMES""",,code
130,FEATURE AUDITS,FEATURE AUDIT #58,COMBO AWARDS,0x40e0a50,122,0x2102a68,0x1,6,"count + share of TOTAL PLAYS p: p=0 -> msg 0x4e2 ""%u\n%u%% OF GAMES""(v,0); v/p=0 -> 0x4e2 (v, v*100/p); else 0x4e3 ""%u\n%u%u%% OF GAMES"" (v, v/p, (v%p)*100/p)  [integer part and fraction are printed side by side]",0x2e6c4,,,counter 122,,,,on_combo_shot,"0 -> ""0\n0% OF GAMES""",,code
131,FEATURE AUDITS,FEATURE AUDIT #59,CASTOR COMBO,0x40e0a60,123,0x2102a78,0x1,6,"count + share of TOTAL PLAYS p: p=0 -> msg 0x4e2 ""%u\n%u%% OF GAMES""(v,0); v/p=0 -> 0x4e2 (v, v*100/p); else 0x4e3 ""%u\n%u%u%% OF GAMES"" (v, v/p, (v%p)*100/p)  [integer part and fraction are printed side by side]",0x2e6c4,,,counter 123,,,,,"0 -> ""0\n0% OF GAMES""",,code
132,FEATURE AUDITS,FEATURE AUDIT #60,LAST ISO COMBO,0x40e0a70,124,0x2102a88,0x1,6,"count + share of TOTAL PLAYS p: p=0 -> msg 0x4e2 ""%u\n%u%% OF GAMES""(v,0); v/p=0 -> 0x4e2 (v, v*100/p); else 0x4e3 ""%u\n%u%u%% OF GAMES"" (v, v/p, (v%p)*100/p)  [integer part and fraction are printed side by side]",0x2e6c4,,,counter 124,,,,,"0 -> ""0\n0% OF GAMES""",,code
133,FEATURE AUDITS,FEATURE AUDIT #61,THE OUTLANDS COMBO,0x40e0a80,125,0x2102a98,0x1,6,"count + share of TOTAL PLAYS p: p=0 -> msg 0x4e2 ""%u\n%u%% OF GAMES""(v,0); v/p=0 -> 0x4e2 (v, v*100/p); else 0x4e3 ""%u\n%u%u%% OF GAMES"" (v, v/p, (v%p)*100/p)  [integer part and fraction are printed side by side]",0x2e6c4,,,counter 125,,,,,"0 -> ""0\n0% OF GAMES""",,code
134,FEATURE AUDITS,FEATURE AUDIT #62,LIGHT CYCLE COMBO,0x40e0a90,126,0x2102aa8,0x1,6,"count + share of TOTAL PLAYS p: p=0 -> msg 0x4e2 ""%u\n%u%% OF GAMES""(v,0); v/p=0 -> 0x4e2 (v, v*100/p); else 0x4e3 ""%u\n%u%u%% OF GAMES"" (v, v/p, (v%p)*100/p)  [integer part and fraction are printed side by side]",0x2e6c4,,,counter 126,,,,,"0 -> ""0\n0% OF GAMES""",,code
135,FEATURE AUDITS,FEATURE AUDIT #63,LIGHT RUNNER COMBO,0x40e0aa0,127,0x2102ab8,0x1,6,"count + share of TOTAL PLAYS p: p=0 -> msg 0x4e2 ""%u\n%u%% OF GAMES""(v,0); v/p=0 -> 0x4e2 (v, v*100/p); else 0x4e3 ""%u\n%u%u%% OF GAMES"" (v, v/p, (v%p)*100/p)  [integer part and fraction are printed side by side]",0x2e6c4,,,counter 127,,,,,"0 -> ""0\n0% OF GAMES""",,code
136,FEATURE AUDITS,FEATURE AUDIT #64,THE GRID COMBO,0x40e0ab0,128,0x2102ac8,0x1,6,"count + share of TOTAL PLAYS p: p=0 -> msg 0x4e2 ""%u\n%u%% OF GAMES""(v,0); v/p=0 -> 0x4e2 (v, v*100/p); else 0x4e3 ""%u\n%u%u%% OF GAMES"" (v, v/p, (v%p)*100/p)  [integer part and fraction are printed side by side]",0x2e6c4,,,counter 128,,,,,"0 -> ""0\n0% OF GAMES""",,code
137,FEATURE AUDITS,FEATURE AUDIT #65,SIREN COMBO,0x40e0ac0,129,0x2102ad8,0x1,6,"count + share of TOTAL PLAYS p: p=0 -> msg 0x4e2 ""%u\n%u%% OF GAMES""(v,0); v/p=0 -> 0x4e2 (v, v*100/p); else 0x4e3 ""%u\n%u%u%% OF GAMES"" (v, v/p, (v%p)*100/p)  [integer part and fraction are printed side by side]",0x2e6c4,,,counter 129,,,,,"0 -> ""0\n0% OF GAMES""",,code
138,FEATURE AUDITS,FEATURE AUDIT #66,JARVIS COMBO,0x40e0ad0,130,0x2102ae8,0x1,6,"count + share of TOTAL PLAYS p: p=0 -> msg 0x4e2 ""%u\n%u%% OF GAMES""(v,0); v/p=0 -> 0x4e2 (v, v*100/p); else 0x4e3 ""%u\n%u%u%% OF GAMES"" (v, v/p, (v%p)*100/p)  [integer part and fraction are printed side by side]",0x2e6c4,,,counter 130,,,,,"0 -> ""0\n0% OF GAMES""",,code
139,FEATURE AUDITS,FEATURE AUDIT #67,THREE MAN LIGHT JET COMBO,0x40e0ae0,131,0x2102af8,0x1,6,"count + share of TOTAL PLAYS p: p=0 -> msg 0x4e2 ""%u\n%u%% OF GAMES""(v,0); v/p=0 -> 0x4e2 (v, v*100/p); else 0x4e3 ""%u\n%u%u%% OF GAMES"" (v, v/p, (v%p)*100/p)  [integer part and fraction are printed side by side]",0x2e6c4,,,counter 131,,,,,"0 -> ""0\n0% OF GAMES""",,code
140,FEATURE AUDITS,FEATURE AUDIT #68,RICOCHET COMBO,0x40e0af0,132,0x2102b08,0x1,6,"count + share of TOTAL PLAYS p: p=0 -> msg 0x4e2 ""%u\n%u%% OF GAMES""(v,0); v/p=0 -> 0x4e2 (v, v*100/p); else 0x4e3 ""%u\n%u%u%% OF GAMES"" (v, v/p, (v%p)*100/p)  [integer part and fraction are printed side by side]",0x2e6c4,,,counter 132,,,,,"0 -> ""0\n0% OF GAMES""",,code
141,FEATURE AUDITS,FEATURE AUDIT #69,END OF LINE COMBO,0x40e0b00,133,0x2102b18,0x1,6,"count + share of TOTAL PLAYS p: p=0 -> msg 0x4e2 ""%u\n%u%% OF GAMES""(v,0); v/p=0 -> 0x4e2 (v, v*100/p); else 0x4e3 ""%u\n%u%u%% OF GAMES"" (v, v/p, (v%p)*100/p)  [integer part and fraction are printed side by side]",0x2e6c4,,,counter 133,,,,,"0 -> ""0\n0% OF GAMES""",,code
142,FEATURE AUDITS,FEATURE AUDIT #70,RINZLER COMBO,0x40e0b10,134,0x2102b28,0x1,6,"count + share of TOTAL PLAYS p: p=0 -> msg 0x4e2 ""%u\n%u%% OF GAMES""(v,0); v/p=0 -> 0x4e2 (v, v*100/p); else 0x4e3 ""%u\n%u%u%% OF GAMES"" (v, v/p, (v%p)*100/p)  [integer part and fraction are printed side by side]",0x2e6c4,,,counter 134,,,,,"0 -> ""0\n0% OF GAMES""",,code
143,FEATURE AUDITS,FEATURE AUDIT #71,FIND FLYNN STARTED,0x40e0b20,135,0x2102b38,0x1,6,"count + share of TOTAL PLAYS p: p=0 -> msg 0x4e2 ""%u\n%u%% OF GAMES""(v,0); v/p=0 -> 0x4e2 (v, v*100/p); else 0x4e3 ""%u\n%u%u%% OF GAMES"" (v, v/p, (v%p)*100/p)  [integer part and fraction are printed side by side]",0x2e6c4,,,counter 135,,,,on_find_flynn_started,"0 -> ""0\n0% OF GAMES""",,code
144,FEATURE AUDITS,FEATURE AUDIT #72,FIND FLYNN COMPLETED,0x40e0b30,136,0x2102b48,0x1,6,"count + share of TOTAL PLAYS p: p=0 -> msg 0x4e2 ""%u\n%u%% OF GAMES""(v,0); v/p=0 -> 0x4e2 (v, v*100/p); else 0x4e3 ""%u\n%u%u%% OF GAMES"" (v, v/p, (v%p)*100/p)  [integer part and fraction are printed side by side]",0x2e6c4,,,counter 136,,,,on_find_flynn_completed,"0 -> ""0\n0% OF GAMES""",,code
145,FEATURE AUDITS,FEATURE AUDIT #73,PORTAL MULTIBALL STARTED,0x40e0b40,137,0x2102b58,0x1,6,"count + share of TOTAL PLAYS p: p=0 -> msg 0x4e2 ""%u\n%u%% OF GAMES""(v,0); v/p=0 -> 0x4e2 (v, v*100/p); else 0x4e3 ""%u\n%u%u%% OF GAMES"" (v, v/p, (v%p)*100/p)  [integer part and fraction are printed side by side]",0x2e6c4,,,counter 137,,,,portal_mb_start,"0 -> ""0\n0% OF GAMES""",,code
146,FEATURE AUDITS,FEATURE AUDIT #74,PORTAL MULTIBALL AWARDS,0x40e0b50,138,0x2102b68,0x1,6,"count + share of TOTAL PLAYS p: p=0 -> msg 0x4e2 ""%u\n%u%% OF GAMES""(v,0); v/p=0 -> 0x4e2 (v, v*100/p); else 0x4e3 ""%u\n%u%u%% OF GAMES"" (v, v/p, (v%p)*100/p)  [integer part and fraction are printed side by side]",0x2e6c4,,,counter 138,,,,portal_mb_shot,"0 -> ""0\n0% OF GAMES""",,code
147,FEATURE AUDITS,FEATURE AUDIT #75,PORTAL MULTIBALL SUPER JACKPOTS,0x40e0b60,139,0x2102b78,0x1,6,"count + share of TOTAL PLAYS p: p=0 -> msg 0x4e2 ""%u\n%u%% OF GAMES""(v,0); v/p=0 -> 0x4e2 (v, v*100/p); else 0x4e3 ""%u\n%u%u%% OF GAMES"" (v, v/p, (v%p)*100/p)  [integer part and fraction are printed side by side]",0x2e6c4,,,counter 139,,,,portal_mb_shot,"0 -> ""0\n0% OF GAMES""",,code
148,FEATURE AUDITS,FEATURE AUDIT #76,PORTAL MULTIBALL BONUS AWARDS,0x40e0b70,140,0x2102b88,0x1,6,"count + share of TOTAL PLAYS p: p=0 -> msg 0x4e2 ""%u\n%u%% OF GAMES""(v,0); v/p=0 -> 0x4e2 (v, v*100/p); else 0x4e3 ""%u\n%u%u%% OF GAMES"" (v, v/p, (v%p)*100/p)  [integer part and fraction are printed side by side]",0x2e6c4,,,counter 140,,,,portal_mb_shot,"0 -> ""0\n0% OF GAMES""",,code
149,FEATURE AUDITS,FEATURE AUDIT #77,RECOGNIZER BATTLE STARTED,0x40e0b80,141,0x2102b98,0x1,6,"count + share of TOTAL PLAYS p: p=0 -> msg 0x4e2 ""%u\n%u%% OF GAMES""(v,0); v/p=0 -> 0x4e2 (v, v*100/p); else 0x4e3 ""%u\n%u%u%% OF GAMES"" (v, v/p, (v%p)*100/p)  [integer part and fraction are printed side by side]",0x2e6c4,,,counter 141,,,,dbattle_light,"0 -> ""0\n0% OF GAMES""",,code
150,FEATURE AUDITS,FEATURE AUDIT #78,DAFT PUNK MULTIBALL STARTED,0x40e0b90,142,0x2102ba8,0x1,6,"count + share of TOTAL PLAYS p: p=0 -> msg 0x4e2 ""%u\n%u%% OF GAMES""(v,0); v/p=0 -> 0x4e2 (v, v*100/p); else 0x4e3 ""%u\n%u%u%% OF GAMES"" (v, v/p, (v%p)*100/p)  [integer part and fraction are printed side by side]",0x2e6c4,,,counter 142,,,,eol_multiball_start,"0 -> ""0\n0% OF GAMES""",,code
