adj_value,name,record,coin_door,unit_index,unit_value_minor,currency_format,slot1_units,slot2_units,slot3_units,slot4_units,slot5_units,slot_money,ladder,ladder_len,first_credit,awards,service_summary,factory_default_for,tag
0,AUSTRALIA 1,0x37694,0x37668,0,10,AUD %d.%02d,2,10,20,50,5,$0.20|$1.00|$2.00|$5.00|$0.50,0 0 0 0 0 0 0 0 0 1 0 0 0 0 0 0 0 0 0 2,20,$1.00,$1.00=1|$2.00=3,1/1.00 3/2.00,,code
1,AUSTRALIA 2,0x376b8,0x37668,0,10,AUD %d.%02d,2,10,20,50,5,$0.20|$1.00|$2.00|$5.00|$0.50,0 0 0 0 0 0 0 0 0 1,10,$1.00,$1.00=1,1/1.00,,code
2,AUSTRALIA 3,0x376e4,0x37668,0,10,AUD %d.%02d,2,10,20,50,5,$0.20|$1.00|$2.00|$5.00|$0.50,0 0 0 0 0 0 0 0 0 0 0 0 0 0 0 0 0 0 0 1,20,$2.00,$2.00=1,1/2.00,AUSTRALIA,code
3,AUSTRALIA 4,0x37730,0x37668,0,10,AUD %d.%02d,2,10,20,50,5,$0.20|$1.00|$2.00|$5.00|$0.50,0 0 0 0 0 0 0 0 0 0 0 0 0 0 0 0 0 0 0 1 0 0 0 0 0 0 0 0 0 0 0 0 0 0 0 0 0 0 0 1 0 0 0 0 0 0 0 0 0 1,50,$2.00,$2.00=1|$4.00=2|$5.00=3,1/2.00 2/4.00 3/5.00,,code
4,AUSTRALIA 5,0x377ac,0x37668,0,10,AUD %d.%02d,2,10,20,50,5,$0.20|$1.00|$2.00|$5.00|$0.50,0 0 0 0 0 0 0 0 0 0 0 0 0 0 0 0 0 0 0 0 0 0 0 0 0 0 0 0 0 1 0 0 0 0 0 0 0 0 0 0 0 0 0 0 0 0 0 0 0 1 0 0 0 0 0 0 0 0 0 0 0 0 0 0 0 0 0 0 0 0 0 0 0 0 0 0 0 0 0 1 0 0 0 0 0 0 0 0 0 0 0 0 0 0 0 0 0 0 0 2,100,$3.00,$3.00=1|$5.00=2|$8.00=3|$10.00=5,1/3.00 2/5.00 3/8.00 5/10.00,,code
5,AUSTRALIA 6,0x377e4,0x37668,0,10,AUD %d.%02d,2,10,20,50,5,$0.20|$1.00|$2.00|$5.00|$0.50,0 0 0 0 0 0 0 0 0 0 0 0 0 0 0 0 0 0 0 1 0 0 0 0 0 0 0 0 0 1,30,$2.00,$2.00=1|$3.00=2,1/2.00 2/3.00,,code
6,CANADA 1,0x37824,0x377fc,0,25,CAD %d.%02d,1,1,4,8,0,$0.25|$0.25|$1.00|$2.00|$0.00,0 1 1 1,4,$0.50,$0.50=1|$0.75=2|$1.00=3,1/0.50 2/0.75 3/1.00,CANADA 1,code
7,CANADA 2,0x37840,0x377fc,1,100,CAD %d.%02d,1,1,2,2,0,$1.00|$1.00|$2.00|$2.00|$0.00,1 2,2,$1.00,$1.00=1|$2.00=3,1/1.00 3/2.00,CANADA 2,code
8,CROATIA,0x37f8c,0x37f6c,0,100,%d HRK,1,2,5,1,0,1 HRK|2 HRK|5 HRK|1 HRK|0 HRK,0 0 1 0 1,5,3 HRK,3 HRK=1|5 HRK=2,1/3 2/5,CROATIA,code
9,DENMARK 1,0x37878,0x37858,0,100,%d DKK,1,5,10,20,0,1 DKK|5 DKK|10 DKK|20 DKK|0 DKK,0 0 1 0 1,5,3 DKK,3 DKK=1|5 DKK=2,1/3 2/5,DENMARK,code
10,DENMARK 2,0x3789c,0x37858,0,100,%d DKK,1,5,10,20,0,1 DKK|5 DKK|10 DKK|20 DKK|0 DKK,0 1 0 1 1 0 1 0 1 2,10,2 DKK,2 DKK=1|4 DKK=2|5 DKK=3|7 DKK=4|9 DKK=5|10 DKK=7,1/2 2/4 3/5 4/7 5/9 7/10,,code
11,EURO 1,0x37be0,0x37bc0,0,10,EUR %d.%02d,5,10,20,2,0,EUR 0.50|EUR 1.00|EUR 2.00|EUR 0.20|EUR 0.00,0 0 0 0 1,5,EUR 0.50,EUR 0.50=1,1/0.50,BELGIUM,code
12,EURO 2,0x37c0c,0x37bc0,0,10,EUR %d.%02d,5,10,20,2,0,EUR 0.50|EUR 1.00|EUR 2.00|EUR 0.20|EUR 0.00,0 0 0 0 1 0 0 0 0 1 0 0 0 0 1 0 0 0 0 2,20,EUR 0.50,EUR 0.50=1|EUR 1.00=2|EUR 1.50=3|EUR 2.00=5,1/0.50 2/1.00 3/1.50 5/2.00,,code
13,EURO 3,0x37c30,0x37bc0,0,10,EUR %d.%02d,5,10,20,2,0,EUR 0.50|EUR 1.00|EUR 2.00|EUR 0.20|EUR 0.00,0 0 0 0 1 0 0 0 0 2,10,EUR 0.50,EUR 0.50=1|EUR 1.00=3,1/0.50 3/1.00,NETHERLANDS,code
14,EURO 4,0x37c5c,0x37bc0,0,10,EUR %d.%02d,5,10,20,2,0,EUR 0.50|EUR 1.00|EUR 2.00|EUR 0.20|EUR 0.00,0 0 0 0 1 0 0 0 0 1 0 0 0 0 1 0 0 0 0 3,20,EUR 0.50,EUR 0.50=1|EUR 1.00=2|EUR 1.50=3|EUR 2.00=6,1/0.50 2/1.00 3/1.50 6/2.00,,code
15,EURO 5,0x37c88,0x37bc0,0,10,EUR %d.%02d,5,10,20,2,0,EUR 0.50|EUR 1.00|EUR 2.00|EUR 0.20|EUR 0.00,0 0 0 0 1 0 0 0 0 2 0 0 0 0 1 0 0 0 0 3,20,EUR 0.50,EUR 0.50=1|EUR 1.00=3|EUR 1.50=4|EUR 2.00=7,1/0.50 3/1.00 4/1.50 7/2.00,,code
16,EURO 6,0x37ca8,0x37bc0,0,10,EUR %d.%02d,5,10,20,2,0,EUR 0.50|EUR 1.00|EUR 2.00|EUR 0.20|EUR 0.00,0 0 0 0 2,5,EUR 0.50,EUR 0.50=2,2/0.50,,code
17,EURO 7,0x37ce8,0x37bc0,0,10,EUR %d.%02d,5,10,20,2,0,EUR 0.50|EUR 1.00|EUR 2.00|EUR 0.20|EUR 0.00,0 0 0 0 0 0 0 0 0 1 0 0 0 0 0 0 0 0 0 1 0 0 0 0 0 0 0 0 0 1 0 0 0 0 0 0 0 0 0 2,40,EUR 1.00,EUR 1.00=1|EUR 2.00=2|EUR 3.00=3|EUR 4.00=5,1/1.00 2/2.00 3/3.00 5/4.00,,code
18,EURO 8,0x37d14,0x37bc0,0,10,EUR %d.%02d,5,10,20,2,0,EUR 0.50|EUR 1.00|EUR 2.00|EUR 0.20|EUR 0.00,0 0 0 0 0 0 0 0 0 1 0 0 0 0 0 0 0 0 0 2,20,EUR 1.00,EUR 1.00=1|EUR 2.00=3,1/1.00 3/2.00,FINLAND|GREECE|SPAIN,code
19,EURO 9,0x37d40,0x37bc0,0,10,EUR %d.%02d,5,10,20,2,0,EUR 0.50|EUR 1.00|EUR 2.00|EUR 0.20|EUR 0.00,0 0 0 0 0 0 0 0 0 1 0 0 0 0 1 0 0 0 0 1,20,EUR 1.00,EUR 1.00=1|EUR 1.50=2|EUR 2.00=3,1/1.00 2/1.50 3/2.00,AUSTRIA,code
20,EURO 10,0x37d78,0x37bc0,0,10,EUR %d.%02d,5,10,20,2,0,EUR 0.50|EUR 1.00|EUR 2.00|EUR 0.20|EUR 0.00,0 0 0 0 0 0 0 0 0 1 0 0 0 0 0 0 0 0 0 2 0 0 0 0 0 0 0 0 0 4,30,EUR 1.00,EUR 1.00=1|EUR 2.00=3|EUR 3.00=7,1/1.00 3/2.00 7/3.00,FRANCE,code
21,EURO 11,0x37da4,0x37bc0,0,10,EUR %d.%02d,5,10,20,2,0,EUR 0.50|EUR 1.00|EUR 2.00|EUR 0.20|EUR 0.00,0 0 0 0 0 0 0 0 0 1 0 0 0 0 0 0 0 0 0 3,20,EUR 1.00,EUR 1.00=1|EUR 2.00=4,1/1.00 4/2.00,,code
22,EURO 12,0x37de4,0x37bc0,0,10,EUR %d.%02d,5,10,20,2,0,EUR 0.50|EUR 1.00|EUR 2.00|EUR 0.20|EUR 0.00,0 0 0 0 0 0 0 0 0 2 0 0 0 0 0 0 0 0 0 2 0 0 0 0 0 0 0 0 0 2 0 0 0 0 0 0 0 0 0 3,40,EUR 1.00,EUR 1.00=2|EUR 2.00=4|EUR 3.00=6|EUR 4.00=9,2/1.00 4/2.00 6/3.00 9/4.00,,code
23,GERMANY 1,0x37e54,0x37e34,0,10,EUR %d.%02d,5,10,20,50,0,EUR 0.50|EUR 1.00|EUR 2.00|EUR 5.00|EUR 0.00,0 0 0 0 1,5,EUR 0.50,EUR 0.50=1,1/0.50,,code
24,GERMANY 2,0x37e80,0x37e34,0,10,EUR %d.%02d,5,10,20,50,0,EUR 0.50|EUR 1.00|EUR 2.00|EUR 5.00|EUR 0.00,0 0 0 0 1 0 0 0 0 1 0 0 0 0 1 0 0 0 0 2,20,EUR 0.50,EUR 0.50=1|EUR 1.00=2|EUR 1.50=3|EUR 2.00=5,1/0.50 2/1.00 3/1.50 5/2.00,GERMANY,code
25,GERMANY 3,0x37eac,0x37e34,0,10,EUR %d.%02d,5,10,20,50,0,EUR 0.50|EUR 1.00|EUR 2.00|EUR 5.00|EUR 0.00,0 0 0 0 1 0 0 0 0 1 0 0 0 0 1 0 0 0 0 3,20,EUR 0.50,EUR 0.50=1|EUR 1.00=2|EUR 1.50=3|EUR 2.00=6,1/0.50 2/1.00 3/1.50 6/2.00,,code
26,ITALY 1,0x378d4,0x378b4,0,10,EUR %d.%02d,5,1,5,1,0,EUR 0.50|EUR 0.10|EUR 0.50|EUR 0.10|EUR 0.00,0 0 0 0 1,5,EUR 0.50,EUR 0.50=1,1/0.50,ITALY,code
27,ITALY 2,0x37900,0x378b4,0,10,EUR %d.%02d,5,1,5,1,0,EUR 0.50|EUR 0.10|EUR 0.50|EUR 0.10|EUR 0.00,0 0 0 0 0 0 0 0 0 1 0 0 0 0 0 0 0 0 0 2,20,EUR 1.00,EUR 1.00=1|EUR 2.00=3,1/1.00 3/2.00,,code
28,JAPAN 1,0x37f38,0x37f1c,0,10000,JPY %d,1,1,1,1,0,JPY 100|JPY 100|JPY 100|JPY 100|JPY 0,1,1,JPY 100,JPY 100=1,1/100,,code
29,JAPAN 2,0x37f54,0x37f1c,0,10000,JPY %d,1,1,1,1,0,JPY 100|JPY 100|JPY 100|JPY 100|JPY 0,1 2,2,JPY 100,JPY 100=1|JPY 200=3,1/100 3/200,JAPAN,code
30,LITHUANIA,0x38060,0x38044,0,100,%d LTL,1,2,5,0,0,1 LTL|2 LTL|5 LTL|0 LTL|0 LTL,0 1,2,2 LTL,2 LTL=1,1/2,LITHUANIA,code
31,MIDDLE EAST,0x37fc0,0x37fa4,0,100,%d TOKEN(S),1,1,1,1,0,1 TOKEN(S)|1 TOKEN(S)|1 TOKEN(S)|1 TOKEN(S)|0 TOKEN(S),1,1,1 TOKEN(S),1 TOKEN(S)=1,1/1,MIDDLE EAST,code
32,NEW ZEALAND 1,0x37934,0x37918,0,100,NZD %d,1,1,2,1,0,NZD 1|NZD 1|NZD 2|NZD 1|NZD 0,1,1,NZD 1,NZD 1=1,1/1,NEW ZEALAND,code
33,NEW ZEALAND 2,0x37950,0x37918,0,100,NZD %d,1,1,2,1,0,NZD 1|NZD 1|NZD 2|NZD 1|NZD 0,1 2,2,NZD 1,NZD 1=1|NZD 2=3,1/1 3/2,,code
34,NORWAY 1,0x37984,0x37968,0,500,%d NOK,2,1,4,2,0,10 NOK|5 NOK|20 NOK|10 NOK|0 NOK,0 1,2,10 NOK,10 NOK=1,1/10,NORWAY,code
35,NORWAY 2,0x379a0,0x37968,0,500,%d NOK,2,1,4,2,0,10 NOK|5 NOK|20 NOK|10 NOK|0 NOK,0 1 0 2,4,10 NOK,10 NOK=1|20 NOK=3,1/10 3/20,,code
36,NORWAY 3,0x379bc,0x37968,0,500,%d NOK,2,1,4,2,0,10 NOK|5 NOK|20 NOK|10 NOK|0 NOK,0 0 0 1,4,20 NOK,20 NOK=1,1/20,,code
37,NORWAY 4,0x379dc,0x37968,0,500,%d NOK,2,1,4,2,0,10 NOK|5 NOK|20 NOK|10 NOK|0 NOK,0 0 0 1 0 0 0 2,8,20 NOK,20 NOK=1|40 NOK=3,1/20 3/40,,code
38,PORTUGAL,0x37e1c,0x37dfc,0,10,EUR %d.%02d,5,1,5,1,0,EUR 0.50|EUR 0.10|EUR 0.50|EUR 0.10|EUR 0.00,0 0 0 0 1,5,EUR 0.50,EUR 0.50=1,1/0.50,PORTUGAL,code
39,RUSSIA,0x3802c,0x3800c,0,100,%d RUB,10,5,1,1,0,10 RUB|5 RUB|1 RUB|1 RUB|0 RUB,0 0 0 0 1,5,5 RUB,5 RUB=1,1/5,RUSSIA,code
40,SOUTH AFRICA 1,0x37ee0,0x37ec4,0,50,ZAR %d.%02d,1,2,4,10,0,ZAR 0.50|ZAR 1.00|ZAR 2.00|ZAR 5.00|ZAR 0.00,0 0 0 1,4,ZAR 2.00,ZAR 2.00=1,1/2.00,SOUTH AFRICA,code
41,SOUTH AFRICA 2,0x37f04,0x37ec4,0,50,ZAR %d.%02d,1,2,4,10,0,ZAR 0.50|ZAR 1.00|ZAR 2.00|ZAR 5.00|ZAR 0.00,0 0 0 0 0 1 0 0 0 1,10,ZAR 3.00,ZAR 3.00=1|ZAR 5.00=2,1/3.00 2/5.00,,code
42,SWEDEN 1,0x37a20,0x379f4,0,100,%d SEK,1,5,10,1,0,1 SEK|5 SEK|10 SEK|1 SEK|0 SEK,0 0 0 0 0 0 0 0 0 1 0 0 0 0 1 0 0 0 0 1,20,10 SEK,10 SEK=1|15 SEK=2|20 SEK=3,1/10 2/15 3/20,SWEDEN,code
43,SWEDEN 2,0x37a40,0x379f4,0,100,%d SEK,1,5,10,1,0,1 SEK|5 SEK|10 SEK|1 SEK|0 SEK,0 0 0 0 1,5,5 SEK,5 SEK=1,1/5,,code
44,SWITZERLAND 1,0x37a78,0x37a58,0,100,%d CHF,1,2,5,1,0,1 CHF|2 CHF|5 CHF|1 CHF|0 CHF,1 1 1 1 2,5,1 CHF,1 CHF=1|2 CHF=2|3 CHF=3|4 CHF=4|5 CHF=6,1/1 2/2 3/3 4/4 6/5,SWITZERLAND,code
45,SWITZERLAND 2,0x37a98,0x37a58,0,100,%d CHF,1,2,5,1,0,1 CHF|2 CHF|5 CHF|1 CHF|0 CHF,1 2 2 2 2,5,1 CHF,1 CHF=1|2 CHF=3|3 CHF=5|4 CHF=7|5 CHF=9,1/1 3/2 5/3 7/4 9/5,,code
46,TAIWAN,0x37ff4,0x37fd8,0,1000,TWD %d,1,1,1,1,0,TWD 10|TWD 10|TWD 10|TWD 10|TWD 0,1,1,TWD 10,TWD 10=1,1/10,TAIWAN,code
47,UK 1,0x37adc,0x37ab0,0,10,GBP %d.%02d,1,5,10,2,20,GBP 0.10|GBP 0.50|GBP 1.00|GBP 0.20|GBP 2.00,0 0 0 0 0 0 0 0 0 3 0 0 0 0 0 0 0 0 0 4,20,GBP 1.00,GBP 1.00=3|GBP 2.00=7,3/1.00 7/2.00,,code
48,UK 2,0x37b00,0x37ab0,0,10,GBP %d.%02d,1,5,10,2,20,GBP 0.10|GBP 0.50|GBP 1.00|GBP 0.20|GBP 2.00,0 0 0 0 0 0 0 0 0 4,10,GBP 1.00,GBP 1.00=4,4/1.00,,code
49,UK 3,0x37b2c,0x37ab0,0,10,GBP %d.%02d,1,5,10,2,20,GBP 0.10|GBP 0.50|GBP 1.00|GBP 0.20|GBP 2.00,0 0 0 0 1 0 0 0 0 1 0 0 0 0 1 0 0 0 0 2,20,GBP 0.50,GBP 0.50=1|GBP 1.00=2|GBP 1.50=3|GBP 2.00=5,1/0.50 2/1.00 3/1.50 5/2.00,,code
50,UK 4,0x37b50,0x37ab0,0,10,GBP %d.%02d,1,5,10,2,20,GBP 0.10|GBP 0.50|GBP 1.00|GBP 0.20|GBP 2.00,0 0 1 0 0 1 0 0 1 1,10,GBP 0.30,GBP 0.30=1|GBP 0.60=2|GBP 0.90=3|GBP 1.00=4,1/0.30 2/0.60 3/0.90 4/1.00,,code
51,UK 5,0x37b7c,0x37ab0,0,10,GBP %d.%02d,1,5,10,2,20,GBP 0.10|GBP 0.50|GBP 1.00|GBP 0.20|GBP 2.00,0 0 0 0 0 0 0 0 0 1 0 0 0 0 0 0 0 0 0 2,20,GBP 1.00,GBP 1.00=1|GBP 2.00=3,1/1.00 3/2.00,U.K.,code
52,UK 6,0x37ba8,0x37ab0,0,10,GBP %d.%02d,1,5,10,2,20,GBP 0.10|GBP 0.50|GBP 1.00|GBP 0.20|GBP 2.00,0 0 0 0 0 0 0 0 0 0 0 0 0 0 0 0 0 0 0 3,20,GBP 2.00,GBP 2.00=3,3/2.00,,code
53,USA 1,0x37528,0x374dc,1,25,"USD %,d.%02d",1,4,1,1,0,$0.25|$1.00|$0.25|$0.25|$0.00,1,1,$0.25,$0.25=1,1/0.25,CHUCK-E-CHEESE,code
54,USA 2,0x37544,0x374dc,1,25,"USD %,d.%02d",1,4,1,1,0,$0.25|$1.00|$0.25|$0.25|$0.00,0 1 1 1,4,$0.50,$0.50=1|$0.75=2|$1.00=3,1/0.50 2/0.75 3/1.00,,code
55,USA 3,0x37560,0x374dc,1,25,"USD %,d.%02d",1,4,1,1,0,$0.25|$1.00|$0.25|$0.25|$0.00,0 1,2,$0.50,$0.50=1,1/0.50,,code
56,USA 4,0x3757c,0x374b8,1,25,"USD %,d.%02d",1,1,1,1,0,$0.25|$0.25|$0.25|$0.25|$0.00,0 1,2,$0.50,$0.50=1,1/0.50,,code
57,USA 5,0x3759c,0x374dc,1,25,"USD %,d.%02d",1,4,1,1,0,$0.25|$1.00|$0.25|$0.25|$0.00,0 1 0 1 0 1 0 2,8,$0.50,$0.50=1|$1.00=2|$1.50=3|$2.00=5,1/0.50 2/1.00 3/1.50 5/2.00,,code
58,USA 6,0x375b8,0x37500,1,25,"USD %,d.%02d",1,6,1,1,0,$0.25|$1.50|$0.25|$0.25|$0.00,0 1,2,$0.50,$0.50=1,1/0.50,,code
59,USA 7,0x375d8,0x374dc,1,25,"USD %,d.%02d",1,4,1,1,0,$0.25|$1.00|$0.25|$0.25|$0.00,0 1 0 1 0 2 0 2,8,$0.50,$0.50=1|$1.00=2|$1.50=4|$2.00=6,1/0.50 2/1.00 4/1.50 6/2.00,,code
60,USA 8,0x375f4,0x374dc,1,25,"USD %,d.%02d",1,4,1,1,0,$0.25|$1.00|$0.25|$0.25|$0.00,0 1 0 2,4,$0.50,$0.50=1|$1.00=3,1/0.50 3/1.00,,code
61,USA 9,0x37610,0x374dc,1,25,"USD %,d.%02d",1,4,1,1,0,$0.25|$1.00|$0.25|$0.25|$0.00,0 0 0 1,4,$1.00,$1.00=1,1/1.00,,code
62,USA 10,0x37630,0x374dc,1,25,"USD %,d.%02d",1,4,1,1,0,$0.25|$1.00|$0.25|$0.25|$0.00,0 0 1 0 0 1 0 1,8,$0.75,$0.75=1|$1.50=2|$2.00=3,1/0.75 2/1.50 3/2.00,(table default; U.S.A. has no override),code
63,USA 11,0x37650,0x374dc,1,25,"USD %,d.%02d",1,4,1,1,0,$0.25|$1.00|$0.25|$0.25|$0.00,0 0 0 1 0 0 0 2,8,$1.00,$1.00=1|$2.00=3,1/1.00 3/2.00,,code
64,CUSTOM,"NVRAM 0x2110808 (0x1a bytes + ~checksum16): {coin-door ptr -> 0x2110824 (10 x 12 B unit table), unit index, ladder ptr -> 0x211089c (<= 100 B), ladder length, u16 name msg 0x26e, u16 money formats x3, u8 valid}",,,,,,,,,,,,,,,,,code
