coil,name,register,address,bit,desc_flags
1,TROUGH UP-KICKER,SOL_B,0x02400021,0,0x00010040
2,AUTO LAUNCH,SOL_B,0x02400021,1,0x00010040
3,DROP TARGET BANK,SOL_B,0x02400021,2,0x00010000
4,VIDEO GAME EJECT,SOL_B,0x02400021,3,0x00010040
5,DISC MOTOR POWER,SOL_B,0x02400021,4,0x00010000
6,RECOGNIZER 3-BANK MOTOR/RELAY,SOL_B,0x02400021,5,0x00004100
7,ORBIT UP/DOWN POST,SOL_B,0x02400021,6,0x00010000
8,SHAKER MOTOR (OPTIONAL),SOL_B,0x02400021,7,0x00000100
9,LEFT BUMPER,SOL_A,0x02400020,0,0x00012000
10,RIGHT BUMPER,SOL_A,0x02400020,1,0x00012000
11,BOTTOM BUMPER,SOL_A,0x02400020,2,0x00012000
12,UPPER LEFT FLIPPER,SOL_A,0x02400020,3,0x00010008
13,LEFT SLINGSHOT,SOL_A,0x02400020,4,0x00010000
14,RIGHT SLINGSHOT,SOL_A,0x02400020,5,0x00010000
15,LEFT FLIPPER,SOL_A,0x02400020,6,0x00010008
16,RIGHT FLIPPER,SOL_A,0x02400020,7,0x00010008
17,ZEN FLASHER,SOL_C,0x02400022,0,0x00000004
18,FLASH: VIDEO GAME,SOL_C,0x02400022,1,0x00000004
19,FLASH: LEFT RAMP,SOL_C,0x02400022,2,0x00000004
20,FLASH: BOTTOM ARCH (LEFT),SOL_C,0x02400022,3,0x00000004
21,FLASH: BOTTOM ARCH (RIGHT),SOL_C,0x02400022,4,0x00000004
22,DISC DIRECTION RELAY,SOL_C,0x02400022,5,0x00004000
23,RECOGNIZER MOTOR RELAY,SOL_C,0x02400022,6,0x00004100
24,OPTIONAL COIL,SOL_C,0x02400022,7,0x00000082
25,FLASH: RIGHT RAMP,FLSH_LMP,0x02400023,0,0x00000004
26,FLASH: DISC (LEFT),FLSH_LMP,0x02400023,1,0x00000004
27,FLASH: DISC (RIGHT),FLSH_LMP,0x02400023,2,0x00000004
28,FLASH: BACKPANEL,FLSH_LMP,0x02400023,3,0x00000004
29,FLASH: RECOGNIZER,FLSH_LMP,0x02400023,4,0x00000004
30,DISC MOTOR RELAY,FLSH_LMP,0x02400023,5,0x00010000
31,FLASH: RED DISC,FLSH_LMP,0x02400023,6,0x00000004
32,FLASH: BLUE DISC,FLSH_LMP,0x02400023,7,0x00000004
33,AUX 1: TICKET ADVANCE,AUX_DRV via ESTB strobe,0x02400026 + strobe bit 0x40 on 0x0240002B,0,0x00000c01
34,AUX 2: TICKET METER,AUX_DRV via ESTB strobe,0x02400026 + strobe bit 0x40 on 0x0240002B,1,0x00000c81
35,AUX 3: TICKET ENABLE,AUX_DRV via ESTB strobe,0x02400026 + strobe bit 0x40 on 0x0240002B,2,0x00000c01
