coil,name,desc_addr,flags_hex,flags_decoded,test_fn,test_pulse_ms,ballsearch_ms,wire_color_1,wire_color_2,desc_tail_hex,game_calls,game_call_sites,leffs_using_coil,le_coil_same_number,le_same_device_coil,le_same_device_name,le_flags_hex,le_test_pulse_ms,le_game_calls,le_mpf_default_pulse_ms,observed_on_ms,observed_tag,tag
1,TROUGH UP-KICKER,0x40c6270,0x00010040,ball_device_kicker solenoid,,64,0,YEL-VIO,BRN-BLK,0x00000101,coil_queue_pulse_wait 64ms x1,0x1015b68,,TROUGH UP-KICKER,1,TROUGH UP-KICKER,0x00010040,64,coil_queue_pulse_wait 64ms x1,64,game start: 65.2 ms,observed,code
2,AUTO LAUNCH,0x40c628c,0x00010040,ball_device_kicker solenoid,,64,0,YEL-VIO,BRN-RED,0x00000102,coil_queue_pulse_wait 64ms x1,0x1015be4,,AUTO LAUNCH,2,AUTO LAUNCH,0x00010040,64,coil_queue_pulse_wait 64ms x1,64,,,code
3,DISC DIRECTION RELAY,0x40c62a8,0x00010000,solenoid,,64,0,YEL-VIO,BRN-ORG,0x00000103,coil_off ?ms x2; coil_on ?ms x1,0x10039a4 0x10039b0 0x1003a30,,DROP TARGET BANK,22,DISC DIRECTION RELAY,0x00004000,64,coil_on (hold) x1,,,,code
4,VIDEO GAME EJECT,0x40c62c4,0x00010040,ball_device_kicker solenoid,,64,0,YEL-VIO,BRN-YEL,0x00000104,coil_drive_onoff 64ms x1,0x1015e38,,VIDEO GAME EJECT,4,VIDEO GAME EJECT,0x00010040,64,coil_drive_onoff 64ms on 1/off 1 x1,64,loops: 32 x ~1 ms pattern bits,observed,code
5,DISC MOTOR POWER,0x40c62e0,0x00010000,solenoid,0x1003c38,0,0,BRN,BRN-GRN,0x00000105,coil_drive_pulse_wait ?ms x1; coil_off ?ms x1; coil_on ?ms x1,0x1003964 0x1003974 0x1003a1c,,DISC MOTOR POWER,5,DISC MOTOR POWER,0x00010000,0,coil_drive_pulse_wait ?ms x1; coil_on (hold) x1,,,,code
6,RECOGNIZER 3-BANK MOTOR/RELAY,0x40c62fc,0x00004100,motor_or_long relay,0x101b220,0,0,YEL-VIO,BRN-BLU,0x00000106,,,,RECOGNIZER 3-BANK MOTOR/RELAY,6,RECOGNIZER 3-BANK MOTOR/RELAY,0x00004100,0,,,,,code
7,ORBIT UP/DOWN POST,0x40c6318,0x00010000,solenoid,,64,0,YEL-VIO,BRN-VIO,0x00000107,,,,ORBIT UP/DOWN POST,7,ORBIT UP/DOWN POST,0x00010000,64,,64,"game start: 67.7 ms, 275 x ~1 ms pattern bits",observed,code
8,SHAKER MOTOR (OPTIONAL),0x40c6334,0x00000100,motor_or_long,,1000,0,RED-WHT,BRN-GRY,0x00000108,coil_drive_pulse ?ms x1; shaker_run 1024ms x18; shaker_run 200ms x2; shaker_run 384ms x26,0x1001dc8 0x10023f8 0x10033c4 0x1003650 0x1004e00 0x1005adc 0x1005d24 0x1005f80 0x10066c4 0x1008514 0x100871c 0x1008930 0x1009200 0x100942c 0x100f334 0x100f5c0 0x1014720 0x1014a30 0x1014c4c 0x1018030 0x1018250 0x1018608 0x1018774 0x101a388 0x101ed20 0x101f368 0x101f7d8 0x101f84c 0x101f8c0 0x101fa54 0x101fac8 0x101fb3c 0x101fbb0 0x101fc24 0x101fc98 0x101fd20 0x101ff10 0x1020390 0x1027194 0x1027a54 0x1027c64 0x1027eac 0x1028e84 0x1029384 0x10295e4 0x1029d48 0x1029ef0,,SHAKER MOTOR (OPTIONAL),8,SHAKER MOTOR (OPTIONAL),0x00000100,1000,shaker_run 384ms x29; shaker_run 1024ms x18; shaker_run 200ms x3; coil_drive_pulse ?ms x1,,shaker 1: 200.5 ms; shaker 2: 385 ms; shaker 3: 1026.7 ms,observed,code
9,LEFT BUMPER,0x40c6350,0x00012000,bumper solenoid,,64,64,YEL-VIO,BLU-BRN,0x00000109,,,,LEFT BUMPER,9,LEFT BUMPER,0x00012000,64,,32,,,code
10,RIGHT BUMPER,0x40c636c,0x00012000,bumper solenoid,,64,64,YEL-VIO,BLU-RED,0x0000010a,,,,RIGHT BUMPER,10,RIGHT BUMPER,0x00012000,64,,32,,,code
11,BOTTOM BUMPER,0x40c6388,0x00012000,bumper solenoid,,64,64,YEL-VIO,BLU-ORG,0x0000010b,,,,BOTTOM BUMPER,11,BOTTOM BUMPER,0x00012000,64,,32,,,code
12,UPPER LEFT FLIPPER,0x40c63a4,0x00010008,flipper solenoid,,64,0,RED-YEL,BLU-YEL,0x0000010c,,,,UPPER LEFT FLIPPER,12,UPPER LEFT FLIPPER,0x00010008,64,,40,,,code
13,LEFT SLINGSHOT,0x40c63c0,0x00010000,solenoid,,64,64,YEL-VIO,BLU-GRN,0x0000010d,,,,LEFT SLINGSHOT,13,LEFT SLINGSHOT,0x00010000,64,,32,,,code
14,RIGHT SLINGSHOT,0x40c63dc,0x00010000,solenoid,,64,64,YEL-VIO,BLU-BLK,0x0000010e,,,,RIGHT SLINGSHOT,14,RIGHT SLINGSHOT,0x00010000,64,,32,,,code
15,LEFT FLIPPER,0x40c63f8,0x00010008,flipper solenoid,,64,0,GRY-YEL,ORG-GRY,0x0000010f,,,,LEFT FLIPPER,15,LEFT FLIPPER,0x00010008,64,,40,,,code
16,RIGHT FLIPPER,0x40c6414,0x00010008,flipper solenoid,,64,0,BLU-YEL,ORG-VIO,0x00000110,,,,RIGHT FLIPPER,16,RIGHT FLIPPER,0x00010008,64,,40,,,code
17,ZEN FLASHER,0x40c6430,0x00000004,flasher,,64,0,ORG,VIO-BRN,0x00000111,coil_pulse 18ms x1; coil_pulse_fn 200ms x1; coilgroup_pulse 64ms x1; coilgroup_pulse_fn 100ms x1; coilgroup_pulse_fn 200ms x1,0x10035dc 0x101ec90 0x1028338 0x1028654 0x1028688,19 21 22 23 24 25 26 27 28 29 30 31 32 44 47 48 49 50 51 54 57 59 60 61 62 63 66 68 69 70 71 73 74 82 84 85 86 87 99 101 103 106 107 112 117 119 121 122 123 125 126 127 128 132 133 134 135 136 137 138 139 141 149 153 156 157 158 159,ZEN FLASHER,17,ZEN FLASHER,0x00000004,64,coil_pulse_fn 200ms pattern (var) x2; coilgroup_pulse_fn 200ms pattern (var) x1; coil_pulse 18ms x1; coilgroup_pulse_fn 100ms pattern (var) x1; coilgroup_pulse 64ms x1,64,leff 85: 64.2 ms; leff 86: 64-64.3 ms; leff 106: 221 x ~1 ms pattern bits; leff 107: 64-64.2 ms; leff 119: 64-64.2 ms; coil_pulse 17 48: 48-64.2 ms; coil_pulse 18 48: 64.2 ms; loops: 675 x ~1 ms pattern bits,observed,code
18,FLASH: VIDEO GAME,0x40c644c,0x00000004,flasher,,64,64,ORG,VIO-RED,0x00000112,coil_pulse 48ms x1; coil_pulse_fn 200ms x1; coilgroup_pulse 32ms x1; coilgroup_pulse 48ms x1; coilgroup_pulse_fn 100ms x1; coilgroup_pulse_fn 200ms x1,0x10035dc 0x1015e6c 0x1015ea8 0x101eca4 0x1027138 0x10274f8,19 21 22 23 24 25 26 27 28 29 30 31 32 35 36 44 47 48 49 50 51 54 57 59 60 61 62 63 66 68 69 70 71 73 74 82 84 85 86 87 99 101 103 112 117 119 121 122 123 125 126 127 128 132 133 134 135 136 137 138 139 141 149 152 153 156 157 158 159,FLASH: VIDEO GAME,18,FLASH: VIDEO GAME,0x00000004,64,coil_pulse_fn 200ms pattern (var) x2; coilgroup_pulse_fn 200ms pattern (var) x1; coilgroup_pulse 48ms x1; coilgroup_pulse_fn 100ms pattern (var) x1; coilgroup_pulse 32ms x1; coil_pulse 48ms x1,48,"leff 85: 64.2 ms; leff 86: 64-64.3 ms; leff 119: 64-64.2 ms; coil_pulse 17 48: 64.2 ms; coil_pulse 18 48: 48.2-64.2 ms; eject lane: 48-48.8 ms; loops: 7-49.3 ms, 796 x ~1 ms pattern bits",observed,code
19,FLASH: BACK CENTER,0x40c6468,0x00000004,flasher,,64,0,ORG,VIO-ORG,0x00000113,coil_pulse 18ms x1; coil_pulse 32ms x1; coil_pulse 48ms x8; coil_pulse_fn 50ms x1; coilgroup_pulse 32ms x1,0x1001574 0x1002050 0x1004d84 0x1005108 0x100f7d8 0x1013e74 0x101493c 0x10149b8 0x1014bd4 0x1014e14 0x10179f4 0x10219a0,19 21 22 23 24 25 26 27 28 29 30 31 32 34 44 47 48 49 50 51 54 57 59 60 61 62 63 66 68 69 70 71 73 74 82 84 85 86 87 99 101 103 112 117 119 121 123 125 126 127 128 132 133 134 135 136 137 138 139 141 153 156 157 158 159,FLASH: LEFT RAMP,,,,,,,"leff 34: 32 ms; leff 73: 18 ms; leff 84: 48-48.5 ms, 80 x ~1 ms pattern bits; leff 85: 47.5-64.2 ms; leff 86: 64-64.6 ms; leff 119: 64.2-64.5 ms; coil_pulse 17 48: 64.2 ms; coil_pulse 19 48: 65 ms",observed,code
20,FLASH: BOTTOM ARCH (LEFT),0x40c6484,0x00001804,flasher hidden_in_tests not_in_flash_test,,64,0,ORG,VIO-WHT,0x00000114,coilgroup_pulse 64ms x1; coilgroup_pulse_fn 100ms x1,0x1028654 0x1028688,19 21 22 23 24 25 26 27 28 29 30 31 32 44 47 48 49 50 51 54 57 59 60 61 62 63 66 68 69 70 71 73 74 82 84 85 86 87 99 101 103 106 107 112 117 119 121 123 125 126 127 128 132 133 134 135 136 137 138 139 141 153 156 157 158 159,FLASH: BOTTOM ARCH (LEFT),20,FLASH: BOTTOM ARCH (LEFT),0x00000004,64,coil_pulse_fn 100ms pattern (var) x1; coil_pulse 48ms x1; coilgroup_pulse_fn 100ms pattern (var) x1; coilgroup_pulse 64ms x1,64,leff 85: 64-64.2 ms; leff 86: 64-64.6 ms; leff 106: 221 x ~1 ms pattern bits; leff 107: 64-64.2 ms; leff 119: 64.2-64.5 ms; coil_pulse 17 48: 64.2 ms; coil_pulse 19 48: 64 ms; coil_pulse 20 48: 48 ms,observed,code
21,FLASH: BOTTOM ARCH (RIGHT),0x40c64a0,0x00001804,flasher hidden_in_tests not_in_flash_test,,64,0,ORG,VIO-GRN,0x00000115,coilgroup_pulse 64ms x1; coilgroup_pulse_fn 100ms x1,0x1028654 0x1028688,19 21 22 23 24 25 26 27 28 29 30 31 32 44 47 48 49 50 51 54 57 59 60 61 62 63 66 68 69 70 71 73 74 82 84 85 86 87 99 101 103 106 107 112 117 119 121 123 125 126 127 128 132 133 134 135 136 137 138 139 141 153 156 157 158 159,FLASH: BOTTOM ARCH (RIGHT),21,FLASH: BOTTOM ARCH (RIGHT),0x00000004,64,coil_pulse_fn 100ms pattern (var) x1; coil_pulse 48ms x1; coilgroup_pulse_fn 100ms pattern (var) x1; coilgroup_pulse 64ms x1,64,leff 85: 64 ms; leff 86: 64.2 ms; leff 106: 221 x ~1 ms pattern bits; leff 107: 64-64.2 ms; leff 119: 64.2-64.3 ms; coil_pulse 17 48: 64 ms; coil_pulse 19 48: 64 ms; coil_pulse 21 48: 48.3 ms,observed,code
22,FLASH: LOWER LEFT,0x40c64bc,0x00000004,flasher,,64,0,ORG,VIO-BLU,0x00000116,coil_pulse 48ms x8; coil_pulse_fn 100ms x1; coil_pulse_fn 50ms x1,0x1001568 0x1002030 0x1004d9c 0x100515c 0x1013e48 0x10148f0 0x101498c 0x1014ba8 0x1014de8 0x10179c8,19 21 22 23 24 25 26 27 28 29 30 31 32 44 47 48 49 50 51 54 57 59 60 61 62 63 66 68 69 70 71 73 74 82 84 85 86 87 99 101 103 112 117 119 121 123 125 126 127 128 132 133 134 135 136 137 138 139 141 153 156 157 158 159,DISC DIRECTION RELAY,,,,,,,"leff 84: 48-48.2 ms, 80 x ~1 ms pattern bits; leff 85: 48.2-64 ms; leff 86: 64.2 ms; leff 119: 64.2-64.3 ms; coil_pulse 17 48: 64 ms; coil_pulse 19 48: 64 ms; coil_pulse 22 48: 48 ms",observed,code
23,FLASH: LOWER RIGHT,0x40c64d8,0x00000004,flasher,,64,0,ORG,VIO-BLK,0x00000117,coil_pulse 48ms x8; coil_pulse_fn 50ms x1,0x1001548 0x1002070 0x10050fc 0x1013e80 0x1014900 0x10149c4 0x1014bb4 0x1014df4 0x1017a00,19 21 22 23 24 25 26 27 28 29 30 31 32 44 47 48 49 50 51 54 57 59 60 61 62 63 66 68 69 70 71 73 74 82 84 85 86 87 99 101 103 112 117 119 121 123 125 126 127 128 132 133 134 135 136 137 138 139 141 153 156 157 158 159,RECOGNIZER MOTOR RELAY,,,,,,,"leff 84: 48-48.5 ms, 80 x ~1 ms pattern bits; leff 85: 47.5-64.2 ms; leff 86: 64.2 ms; leff 119: 64.2-64.3 ms; coil_pulse 18 48: 64 ms; coil_pulse 19 48: 64.2 ms; coil_pulse 23 48: 48 ms",observed,code
24,OPTIONAL COIL,0x40c64f4,0x00000082,power_exempt optional,,0,0,RED,VIO-GRY,0x00000118,,,,OPTIONAL COIL,24,OPTIONAL COIL,0x00000082,0,,80,game start: 80.5-81.8 ms,observed,code
25,FLASH: BACK LEFT,0x40c6510,0x00000004,flasher,,64,0,ORG,BLK-BRN,0x00000119,coil_pulse 48ms x8; coil_pulse_fn 50ms x1,0x100153c 0x1002090 0x1005150 0x1013e54 0x101492c 0x1014998 0x1014bc8 0x1014e08 0x10179d4,19 21 22 23 24 25 26 27 28 29 30 31 32 44 47 48 49 50 51 54 57 59 60 61 62 63 66 68 69 70 71 73 74 82 84 85 86 87 99 101 103 112 117 119 121 123 125 126 127 128 132 133 134 135 136 137 138 139 141 153 156 157 158 159,FLASH: RIGHT RAMP,,,,,,,"leff 84: 48-48.2 ms, 80 x ~1 ms pattern bits; leff 85: 48-64.2 ms; leff 86: 64.2 ms; leff 119: 64.2-64.3 ms; coil_pulse 18 48: 64 ms; coil_pulse 19 48: 64.2 ms; coil_pulse 25 48: 48.2 ms",observed,code
26,FLASH: DISC (LEFT),0x40c652c,0x00000004,flasher,,64,0,ORG,BLK-RED,0x0000011a,coil_pulse 24ms x3; coil_pulse 32ms x1; coil_pulse_fn 250ms x1; coilgroup_pulse 32ms x5,0x1005044 0x1005648 0x10062b4 0x1006668 0x101a314 0x101a7cc 0x101ad28 0x1021640 0x1022500 0x10279f4,19 21 22 23 24 25 26 27 28 29 30 31 32 33 43 44 46 47 48 49 50 51 53 54 57 59 60 61 62 63 64 66 68 69 70 71 73 74 82 84 85 86 87 94 96 97 99 101 103 112 117 119 121 123 125 126 127 128 132 133 134 135 136 137 138 139 141 153 155 156 157 158 159,FLASH: DISC (LEFT),26,FLASH: DISC (LEFT),0x00000004,64,coilgroup_pulse 32ms x5; coil_pulse 24ms x3; coil_pulse_fn 100ms pattern (var) x1; coil_pulse_fn 250ms pattern (var) x1; coil_pulse 32ms x1,32,leff 85: 64.2-64.5 ms; leff 86: 64.2-64.3 ms; leff 94: 48-48.2 ms; leff 106: 48 ms; leff 119: 64-64.2 ms; coil_pulse 18 48: 64.2 ms; coil_pulse 26 48: 48 ms,observed,code
27,FLASH: DISC (RIGHT),0x40c6548,0x00000004,flasher,,64,0,ORG,BLK-ORG,0x0000011b,coil_pulse 24ms x3; coil_pulse 32ms x1; coil_pulse_fn 250ms x1; coilgroup_pulse 32ms x4,0x1005058 0x1005648 0x10062c0 0x1006668 0x101a328 0x101a7cc 0x101ad3c 0x1022514 0x10279f4,19 21 22 23 24 25 26 27 28 29 30 31 32 43 44 46 47 48 49 50 51 53 54 57 59 60 61 62 63 64 66 68 69 70 71 73 74 82 84 85 86 87 94 96 97 99 101 103 112 117 119 121 123 125 126 127 128 132 133 134 135 136 137 138 139 141 153 155 156 157 158 159,FLASH: DISC (RIGHT),27,FLASH: DISC (RIGHT),0x00000004,64,coilgroup_pulse 32ms x4; coil_pulse 24ms x3; coil_pulse_fn 100ms pattern (var) x1; coil_pulse_fn 250ms pattern (var) x1; coil_pulse 32ms x1,32,leff 85: 64.2-64.5 ms; leff 86: 64.2-64.3 ms; leff 94: 48 ms; leff 106: 48 ms; leff 119: 64-64.2 ms; coil_pulse 18 48: 64.2 ms; coil_pulse 27 48: 48.2 ms,observed,code
28,FLASH: BACKPANEL,0x40c6564,0x00000004,flasher,,64,0,ORG,BLK-YEL,0x0000021c,coil_pulse 32ms x1; coil_pulse 48ms x8; coil_pulse 64ms x1; coil_pulse_fn 50ms x1; coil_pulse_fn 750ms x2; coilgroup_pulse 32ms x1; coilgroup_pulse_fn 150ms x1,0x100155c 0x1002024 0x1002044 0x1002064 0x1002084 0x100512c 0x1013eec 0x1013f0c 0x1014964 0x1014be8 0x1014e28 0x1017a4c 0x102901c 0x1029340 0x102a300,19 21 22 23 24 25 26 27 28 29 30 31 32 44 47 48 49 50 51 54 57 59 60 61 62 63 66 68 69 70 71 73 74 82 84 85 86 87 99 101 103 109 112 114 115 117 119 121 123 125 126 127 128 132 133 134 135 136 137 138 139 141 153 156 157 158 159,FLASH: BACKPANEL,28,FLASH: BACKPANEL,0x00000004,64,coil_pulse 48ms x6; coil_pulse_fn 750ms pattern (var) x2; coil_pulse 64ms x1; coil_pulse_fn 50ms pattern (var) x1; coilgroup_pulse 32ms x1; coilgroup_pulse_fn 150ms pattern (var) x1; coil_pulse 32ms x1,48,leff 84: 80 x ~1 ms pattern bits; leff 85: 48-64.2 ms; leff 86: 64-64.3 ms; leff 115: 32 ms; leff 119: 32-64.3 ms; coil_pulse 18 48: 64.2 ms; coil_pulse 28 48: 48.2 ms,observed,code
29,FLASH: RECOGNIZER,0x40c6580,0x00000004,flasher,,64,0,ORG,BLK-GRN,0x0000011d,coil_pulse 24ms x2; coilgroup_pulse_fn 100ms x1,0x1018710 0x101a2d0 0x101a300,19 21 22 23 24 25 26 27 28 29 30 31 32 44 47 48 49 50 51 54 57 59 60 61 62 63 66 68 69 70 71 73 74 82 84 85 86 87 90 93 99 101 103 112 117 119 121 123 125 126 127 128 132 133 134 135 136 137 138 139 141 153 156 157 158 159,FLASH: RECOGNIZER,29,FLASH: RECOGNIZER,0x00000004,64,coil_pulse 24ms x2; coilgroup_pulse_fn 100ms pattern (var) x1,24,leff 85: 64.2 ms; leff 86: 64-64.3 ms; leff 119: 64-64.3 ms; coil_pulse 18 48: 64.2 ms; coil_pulse 29 48: 48.2 ms,observed,code
30,DISC MOTOR RELAY,0x40c659c,0x00010000,solenoid,,64,0,BRN,BLK-BLU,0x0000011e,coil_off ?ms x1; coil_on ?ms x1,0x1003934 0x1003a24,,DISC MOTOR RELAY,30,DISC MOTOR RELAY,0x00010000,64,coil_on (hold) x1,,,,code
31,FLASH: RED DISC (LEFT),0x40c65b8,0x00000004,flasher,,64,0,ORG,BLK-VIO,0x0000021f,coil_pulse_fn 250ms x1,0x1005098,19 21 22 23 24 25 26 27 28 29 30 31 32 44 47 48 49 50 51 54 57 59 60 61 62 63 64 66 68 69 70 71 73 74 82 84 85 86 87 99 101 103 112 117 119 121 123 125 126 127 128 132 133 134 135 136 137 138 139 141 153 156 157 158 159,FLASH: RED DISC,31,FLASH: RED DISC,0x00000004,64,coil_pulse_fn 250ms pattern (var) x2; coil_pulse 32ms x1,32,leff 65: 64.2-64.8 ms; leff 85: 64.2 ms; leff 86: 64-64.2 ms; leff 119: 64-64.2 ms; coil_pulse 17 48: 64.3 ms; coil_pulse 18 48: 64.2 ms; coil_pulse 31 48: 48 ms,observed,code
32,FLASH: RED DISC (RIGHT),0x40c65d4,0x00000004,flasher,,64,0,ORG,BLK-GRY,0x00000220,coil_pulse_fn 250ms x1,0x10050ac,19 21 22 23 24 25 26 27 28 29 30 31 32 44 47 48 49 50 51 54 57 59 60 61 62 63 64 66 68 69 70 71 73 74 82 84 85 86 87 99 101 103 112 117 119 121 123 125 126 127 128 132 133 134 135 136 137 138 139 141 153 156 157 158 159,FLASH: BLUE DISC,32,FLASH: BLUE DISC,0x00000004,64,coil_pulse 32ms x1,32,leff 65: 64.2-64.8 ms; leff 85: 64.2 ms; leff 86: 64-64.2 ms; leff 119: 64-64.2 ms; coil_pulse 17 48: 64.3 ms; coil_pulse 18 48: 64.2 ms; coil_pulse 32 48: 48.3 ms,observed,code
33,AUX 1: TICKET ADVANCE,0x40c65f0,0x00000c01,aux no_cycle_test hidden_in_tests,,64,0,RED,WHT,0x00000121,,,,AUX 1: TICKET ADVANCE,33,AUX 1: TICKET ADVANCE,0x00000c01,64,,64,,,code
34,AUX 2: TICKET METER,0x40c660c,0x00000c81,aux optional no_cycle_test hidden_in_tests,,64,0,RED,BRN,0x00000122,,,,AUX 2: TICKET METER,34,AUX 2: TICKET METER,0x00000c81,64,,100,,,code
35,AUX 3: TICKET ENABLE,0x40c6628,0x00000c01,aux no_cycle_test hidden_in_tests,,64,0,GRY-RED,BLK-WHT,0x00000123,,,,AUX 3: TICKET ENABLE,35,AUX 3: TICKET ENABLE,0x00000c01,64,,,,,code
