00000000	
00000004	
00000008	
0000000c	
00000010	
00000014	NotUsed
00000018	
0000001c	
00000084	
000001a4	
000001ac	
000001bc	
000001d8	
00000300	
00000308	
00000340	
00000380	
00000390	
0000048c	
000004b8	
00000580	
000005e0	
00000600	
00000648	
000006bc	
000006e0	
000006f4	
00000728	
00000764	
000007a0	
000007cc	
00000800	
00000874	
000009ec	
00000a38	
00000a78	
00000b04	
00000b64	
00000ba4	
00000bb4	
00000cb0	
00000cdc	
00000da4	
00000e00	
00000e10	
00000e90	
00000f28	
00000f8c	
00001080	
000010e8	
00001118	
00001204	
00001208	
00001278	
000012bc	
00001328	
00001504	
0000153c	
000015d4	
000015dc	
00001620	
0000164c	
0000178c	audit_add
00001900	
00001988	
0000198c	
000019e0	
00001a50	
00001ac0	
00001b40	
00001bc4	
00001c3c	
00001c44	
00001ca4	
00001d50	
00001e18	
00001fd4	
00002394	
000023c8	
00002638	
00002664	
0000272c	
000027a0	
00002810	
00002844	
00002868	
00002880	
000028d8	
000028f4	
000029a0	
000029e0	
00002a1c	
00002a60	
00002ac0	
00002b60	
00002bc8	
00002c54	
00002cb0	
00002d18	
00002de0	
00002e5c	
00002f34	
00002fbc	
00003034	
000030a8	
00003138	
00003174	
00003350	
000033a0	
0000343c	
00003480	
00003560	
0000364c	
00003688	
000036cc	
00003708	
00003750	
0000378c	
00003938	
00003984	
00003a0c	
00003a4c	
00003a8c	
00003b68	
00003ba4	
00003be4	
00003c20	
00003c5c	
00003c98	
00003e30	
00003e80	
00003f08	
00003f48	
00003f88	
00004068	
000040a4	
000040e8	
00004124	
00004164	
000041a0	
000041b4	
000041c8	
000041dc	
000041f0	
000042a8	
000043a4	
0000442c	
00004694	
000046e4	
0000477c	
00004780	
000047b0	
000047f8	
0000482c	
00004890	
00004928	
0000496c	
0000498c	
00004990	
000049c8	
000049cc	
000049f8	
00004a00	
00004a50	
00004cb4	
00004cf0	
00004d24	
00004d48	
00004e70	
00004e74	
00004e88	
00004e8c	
00004e9c	
00004f18	
00004fb4	
00004ff4	
000050f4	
0000519c	
000051b4	
000051b8	
000051c8	
000051cc	
000051e4	
00005274	
00005284	
000052b4	
000053f8	
000054ec	
00005538	
00005580	
00005584	
000055c8	
00005750	
00005794	
00005858	
000058b8	
00005948	
000059c8	
00005a04	
00005a18	
00005a44	
00005aa8	
00005ab4	
00005ac8	fatal_error
00005ad8	
00005b08	
00005b60	
00005bd0	
00005be0	
00005c1c	
00005c74	
00005c88	
00005ddc	
00005e08	
00005ea0	
00005edc	
00005f2c	
00005ff0	
0000605c	
000060f4	
00006110	
00006154	
00006164	
00006180	
00006268	
00006274	
000062d8	
000062e0	
00006334	
00006360	
000063c0	
000064a4	
00006588	game_flag_clear
000065d8	game_flag_set
00006628	
000066a8	game_flag_test
00006700	
00006744	
00006748	
00006870	
00006970	
000069c0	
00006a20	
00006a60	
00006a74	
00006ad8	
00006b24	
00006b34	
00006b94	
00006c0c	
00006c14	
00006c6c	
00006ce0	
00006ce4	
00006ef8	
00006f8c	
00006fe0	
00006ffc	
00007040	
00007090	
000070d8	
00007114	
000071b8	
000071f4	
000072c8	
00007304	
00007378	
00007390	
000073a0	
000073b0	
000073c8	
000073e4	
00007404	
0000743c	
000075f8	
0000762c	
00007694	
000077d0	
00007870	
00007910	
00007944	
000079ec	event_post
00007a54	
00007a58	
00007a68	
00007a70	
00007b84	
00007bc4	
00007bcc	
00007be8	
00007c08	
00007c24	
00007ce0	
00007d48	
00007d9c	
00007ea8	
00007eb8	
00007f68	
00008098	
0000809c	
00008114	
00008168	
000081a0	
000081f8	
0000826c	
000082b0	
0000833c	
000083b0	
000083f4	
00008478	
000084f8	
00008548	
000085f4	
00008640	
000086c0	
00008710	
00008730	
00008788	
000087ac	
0000898c	
00008ab8	
00008afc	
00008d10	
00008d60	
00008d90	
00008de0	
00008e10	
00008e20	
00008e30	
00008ec0	
00008ee0	
00008f78	
00008fdc	
00009028	
00009068	
000090d8	
00009140	
000091c0	
00009200	
00009270	
000092d8	
00009358	
00009398	
00009408	
00009470	
00009500	
00009588	
00009750	
0000987c	
00009a70	
00009b9c	
00009c54	
00009d00	
00009db0	
00009e54	
00009f0c	
00009fb8	
0000a068	
0000a10c	
0000a180	
0000a1e4	
0000a23c	
0000a258	
0000a288	
0000a2c8	
0000a2dc	
0000a370	
0000a3b4	
0000a3d8	
0000a3ec	
0000a424	
0000a430	
0000a440	
0000a45c	
0000a498	
0000a4bc	
0000a4e0	
0000a4fc	
0000a544	
0000a58c	
0000a5d0	
0000a61c	
0000a688	
0000a690	
0000a6f0	
0000a7a8	
0000a7ec	
0000a844	
0000a9d4	
0000aa64	
0000aaac	
0000aad8	
0000aadc	
0000aafc	
0000ab84	
0000abe4	
0000ac18	
0000b058	
0000b05c	
0000b0f0	
0000b1fc	
0000b200	
0000b300	
0000b3b4	
0000b46c	
0000b4bc	
0000b530	
0000b578	
0000b5dc	
0000b624	
0000b718	
0000b71c	
0000b76c	
0000b7d4	
0000b808	
0000b80c	
0000b840	
0000b91c	task_sleep
0000b984	
0000ba04	
0000ba3c	
0000bad8	
0000bb40	
0000bbd0	
0000bc74	
0000bcec	
0000bd84	
0000bd88	
0000bdec	
0000be68	task_running
0000becc	task_running_range
0000bf40	
0000bf48	
0000bfd0	
0000c044	
0000c098	
0000c0d0	
0000c0fc	
0000c154	
0000c18c	
0000c1b8	
0000c1bc	
0000c268	
0000c274	
0000c2b8	
0000c31c	
0000c3a0	
0000c404	
0000c488	
0000c5b0	
0000c5d0	
0000c668	
0000c674	
0000c684	
0000c6b4	
0000c6d4	
0000c708	
0000c828	
0000c84c	
0000c8a4	
0000c8dc	
0000c914	
0000c988	
0000c9dc	
0000ca5c	
0000ca60	
0000ca94	
0000caf8	
0000cb24	
0000cb50	
0000cbb0	
0000cc14	
0000cc44	
0000cc88	
0000ccc8	
0000cd08	
0000cd4c	
0000cd90	
0000cdc0	
0000ce08	
0000cebc	
0000cf6c	
0000cf9c	
0000d230	
0000d244	
0000d2b4	
0000d388	
0000d41c	
0000d438	
0000d460	
0000d4f4	
0000d50c	
0000d524	
0000d53c	
0000d5d0	
0000d5f4	
0000d620	
0000d6a4	
0000d6c0	
0000d6dc	
0000d6f8	
0000d814	
0000dec0	
0000ded4	
0000deec	
0000df90	
0000df98	
0000dfac	
0000e000	
0000e07c	
0000e084	
0000e098	
0000e134	
0000e1ac	
0000e224	
0000e260	
0000e2d8	
0000e318	
0000e360	
0000e3d4	
0000e444	
0000e4b8	
0000e4c4	
0000e4c8	
0000e4dc	
0000e4fc	
0000e544	
0000e588	
0000e608	
0000e72c	
0000e85c	
0000eadc	
0000eb50	
0000eb5c	
0000ec84	
0000ec9c	
0000ecd0	
0000ee20	
0000ee48	
0000ee68	
0000ee7c	
0000ef60	
0000ef8c	
0000efb8	
0000eff4	
0000f090	
0000f098	
0000f0f0	
0000f178	
0000f248	
0000f2b8	
0000f32c	
0000f330	
0000f340	
0000f344	
0000f378	
0000f390	
0000f434	
0000f704	
0000f708	
0000f718	
0000f754	
0000f8d0	
0000f914	
0000f924	
0000f934	
0000f944	
0000f954	
0000f964	
0000f974	
0000f9a8	
0000f9b0	
0000fa34	
0000fa3c	
0000fad0	
0000fb10	
0000fbd0	
0000fbe8	
0000fc20	
0000fc28	
0000fec0	
0000fef0	
0000ff5c	
0000ff90	
0000ff98	
0000ffd8	
00010098	
0001009c	
000100f8	
000101b4	
0001025c	
000102b8	
00010358	
00010380	
000103a8	
000103cc	
00010438	
000104a0	
000105d8	
0001061c	
000106a4	
00010938	
000109c8	
00010a08	
00010a14	
00010a50	
00010ad4	
00010b18	
00010b78	
00010c08	
00010c20	
00010c34	
00010c70	
00010c78	
00010ce8	
00010d38	
00010d7c	
00010e58	
00010e78	
00010f3c	
00010f7c	
00011018	
00011058	
000110f4	
00011104	
0001149c	
000114b4	
00011574	
00011578	
00011594	
000115c0	
00011628	
00011650	
00011678	
0001167c	
000116f4	
00011748	
00011758	
00011768	
00011778	
000117f0	
00011894	
000118f0	
00011950	
00011984	
000119bc	
00011a78	
00011ad4	
00011b54	
00011bec	
00011c04	
00011c84	
00011d04	
00011d74	
00011d84	
00011d8c	
00011dd4	
00011df4	
00011e8c	
00011eb8	
00011edc	
00011eec	
00011f08	
00011f2c	
00011f48	
00011f64	
00011fbc	
00012070	
00013440	
00013484	
00013604	
00013624	
00013628	
00013638	
0001364c	
00013688	
0001368c	
0001369c	
000136b0	
000136ec	
000136fc	
0001370c	
0001373c	
0001374c	
000137a0	
000137f0	
00013838	
00013874	
000138b4	
000138f4	
00013930	
00013974	
000139b4	
000139c8	
00013a74	
00013b30	
00013ce4	
00013da8	
00013df0	
00013df4	
00013e38	
00013e98	
00013eb8	
00013f28	
00013f94	
0001404c	
00014084	
000140cc	
0001410c	
00014184	
00014210	
00014278	
000142d0	
00014310	
00014384	
00014420	
00014440	
00014480	
00014514	
00014550	
00014560	
00014568	
00014570	
00014594	
000145b8	
000145f4	
000146ac	
000146e4	
000148d0	
00014984	
00014a00	
00014aac	
00014af4	
00014bd8	
00014c28	
00014c9c	
00014e6c	
00014f50	
00014fa0	
00014fb0	
00014fe8	
0001501c	
0001509c	
000152dc	
0001535c	
000153e8	
000155f4	
000155fc	
00015728	
00015760	
000157f8	
0001587c	
00015888	
000158a0	
00015a1c	
00015a68	
00015b70	
00015b88	
00015ba0	
00015bb8	
00015bd4	
00015c04	
00015c54	
00015cac	
00015d0c	
00015d4c	
00015d60	
00015d80	
00015da0	
00015dd4	
00015e10	
00015e2c	
00015e48	
00015e64	
00015e80	
00015e9c	
00015eb8	
00015ed4	
00015ed8	
00015ef4	
00015ef8	
00015f14	
00015f18	
00015f34	
00015f38	
00015f54	
00015f58	
00015f74	
00015f78	
00015f94	
00015f98	
00015fb4	
00015fe4	
00015fec	
00016030	
00016080	
00016214	
000162f8	
000163a0	
00016458	
00016504	
0001657c	
00016608	
00016618	
00016624	
00016634	
000166f4	
00016790	
000167cc	
00016900	
00016904	
00016914	
00016928	
00016a00	
00016a04	
00016a14	
00016a28	
00016a70	
00016a94	
00016a98	
00016ac0	
00016afc	
00016b48	
00016b88	
00016bc0	
00016c00	
00016c40	
00016d74	
00016e0c	
00016e58	
00016ea4	
00016ef0	
00016fd0	
00017058	
000170a4	
000170c0	
0001710c	
00017128	
00017174	task_2b
0001723c	
00017268	
000172a8	
00017310	
0001737c	
00017444	
0001749c	
000174f0	
000174f4	
00017524	
0001767c	
000176bc	
00017788	
000179a8	
000179c4	
00017a28	
00017a88	
00017b24	
00017b94	
00017bf0	
00017c20	
00017c50	
00017cd4	
00017d50	
00017dbc	
00017e4c	
00018004	
00018190	
00018228	
00018274	
000182b0	
000182fc	
000183d0	
00018490	
000184dc	
000184f8	
00018544	
00018560	
000185ac	task_2b_2
000186c8	
000186f4	
00018734	
00018800	
000188c8	
00018924	
00018978	
0001897c	
000189b0	
00018b40	
00018cf4	
00018d10	
00018d70	
00018dc8	
00018e34	
00018e88	
00018ee8	
00018f40	
00018fac	
00019004	
00019064	
000190c0	
00019130	
00019160	
00019190	
00019270	
00019350	
000194f8	
00019578	
000195dc	
00019628	
00019648	
0001965c	
00019688	
00019690	
000196e4	
00019720	
00019740	
0001979c	
000197ac	
0001982c	
00019898	
000198a8	
00019988	
000199d4	
00019a20	task_31
00019ac4	
00019b0c	
00019b1c	
00019b24	
00019b34	
00019bdc	
00019be4	
00019bf8	
00019c1c	
00019c24	
00019c58	
00019d24	
00019d58	
00019d9c	
00019dac	
00019de0	
00019e10	
00019e98	
00019ecc	
00019f20	
00019f98	
00019fd4	
0001a014	
0001a034	
0001a088	
0001a0c0	
0001a138	
0001a168	
0001a1fc	
0001a27c	
0001a2a4	
0001a3a4	
0001a434	
0001a458	
0001a478	
0001a4f0	
0001a554	
0001a5c0	
0001a63c	
0001a6ac	
0001a6c8	
0001a728	
0001a7ac	
0001a828	
0001a86c	
0001a8c4	
0001a9f4	
0001aaac	
0001aab8	
0001ab18	
0001ab68	
0001abfc	
0001ad4c	
0001b0b4	
0001b10c	
0001b124	
0001b134	
0001b144	
0001b2e0	
0001b320	
0001b330	
0001b370	
0001b3a0	
0001b3ec	
0001b418	
0001b52c	
0001b57c	
0001b59c	
0001b660	
0001b86c	
0001b954	
0001b980	
0001ba1c	
0001ba30	
0001ba40	
0001ba98	
0001baf4	balldev_count_switches
0001bb58	
0001bbb0	
0001bc10	
0001bc68	
0001bc78	
0001bc88	
0001bcac	
0001bd18	balls_count_all
0001bdcc	
0001be30	
0001bed8	
0001bf34	
0001bf70	
0001bfb8	
0001c014	
0001c1b4	
0001c264	
0001c5b0	
0001c5d4	
0001c5f4	
0001c610	
0001c668	
0001c904	
0001c924	
0001ca3c	
0001ccd0	
0001ccec	
0001d05c	
0001d340	
0001d348	
0001d368	
0001d6d8	
0001d994	sw18_trough_4_l
0001da30	
0001da78	
0001dae0	
0001dc70	
0001dc9c	
0001dca0	
0001dd90	
0001dfdc	
0001e044	
0001e080	
0001e0e4	
0001e128	
0001e17c	
0001e27c	
0001e2c8	
0001e320	
0001e38c	no_balldev_tasks
0001e394	
0001e3ac	
0001e400	
0001e454	
0001e4a8	
0001e58c	task_17
0001e614	
0001e660	task_16
0001e694	
0001e6b8	
0001e704	
0001e738	
0001e918	
0001ea28	
0001ea60	
0001ed7c	
0001eeb0	
0001ef04	
0001efe4	
0001f258	
0001f368	
0001f3b8	
0001f470	
0001f4a0	task_ball_search
0001f634	
0001f6fc	
0001f758	
0001f768	
0001f79c	
0001f7a4	
0001f888	
0001fa44	
0001fa5c	
0001faf0	
0001fb4c	
0001fbb0	
0001fc18	
0001fc94	
0001fd48	
0001fdd4	
0001feb8	
0001febc	
0001ff30	
0001ff74	
0001ffac	
0001ffdc	
0002007c	
000200a4	
00020168	
000202a8	
000202dc	
0002032c	
00020448	
00020584	
0002058c	
00020650	
00020658	
00020764	
00020a30	
00020a64	
00020afc	
00020c5c	
00020d14	start_button_handler
00020d1c	
00021004	sw16_start_button
0002101c	sw15_tournament_start
00021034	
00021054	
00021080	
0002108c	
000210d4	
00021248	
00021254	
0002126c	
000212a0	
000212ac	
000212e8	
00021304	
00021360	current_player
00021394	
000213bc	
000213c0	
000213ec	
00021404	
0002143c	
00021470	
000214a4	
000214d0	
000215d0	
000215e4	
00021650	
000216a8	
00021710	
00021768	
000217bc	
0002181c	
0002187c	
000218d8	
00021938	
00021990	
000219bc	
000219dc	
00021a04	
00021a50	
00021a98	
00021aa4	
00021ab8	
00021abc	
00021b0c	
00021b34	
00021c64	
00021c8c	
00021cd8	
00021d84	
00021db0	
00021e50	
00021f40	
00022008	
00022074	
0002217c	
0002218c	
00022190	
000221e0	
0002234c	
000224cc	
000224d0	
000224e0	
00022548	
00022630	
00022650	
000226e8	
00022778	
000227cc	
00022870	
000228ec	
00022944	
00022998	
00022a90	
00022b38	
00022bd4	
00022be4	
00022c08	
00022c80	
00022d2c	
00022f18	
00022fd4	
000231a4	
000233c8	
000233e8	
0002340c	lamp_show_start
00023428	
000235a0	
000235bc	
000235c0	
000235fc	
00023608	
00023638	
00023648	
0002367c	
000236e0	
00023728	
0002373c	
00023760	
00023774	
000238b8	
000239a8	
000239ec	
00023a84	
00023c6c	
00023dd4	
00023e18	task_39
00023e40	
00023f30	
00023f60	
00023f74	
00023fc8	
00023ffc	
00024014	
0002407c	
000240ac	
00024218	
00024298	
00024320	
00024344	
00024398	
0002444c	
00024520	task_2e
00024564	
00024620	
00024650	
00024698	
0002469c	
000246cc	
0002470c	
0002478c	
00024938	
000249e4	
00024aa0	
00024b58	
00024bac	
00024bf0	
00024c34	
0002511c	
000251cc	
00025240	
000252a0	
000252c4	
000252c8	
00025480	
0002553c	
00025598	
00025620	
00025674	
00025704	
00025784	
00025864	
00025868	
00025910	
0002596c	
0002599c	
000259bc	
00025a7c	
00025abc	
00025b9c	
00025bfc	
00025c2c	
00025c4c	
00025c50	
00025e5c	
00025e70	
00025f40	
0002617c	
000262f8	
00026468	
000265e4	
00026760	
000268e8	
00026a64	
00026bcc	
00026d30	
00026fb8	
0002700c	
000270bc	
00027100	
00027104	
00027174	
000271b8	
000271bc	
0002722c	
00027234	
0002725c	
00027274	
00027290	
000272ac	
000272e4	
000272f0	
00027324	
0002738c	
00027398	
000273c0	
000273dc	
00027400	
00027424	
0002746c	
000274c0	
000275b0	
0002760c	
000276d0	
0002779c	
00027830	
000278b8	
000278ec	
0002791c	
00027940	
00027970	
00027994	
000279c4	
000279e8	
00027a70	
00027a88	
00027acc	
00027ad0	
00027b34	
00027b74	
00027b94	
00027ec4	
00027ff0	
000280b0	
000280c4	
000280d0	
00028114	
0002818c	
000281f4	
00028224	
0002829c	
000282e0	
000283f8	
00028468	
00028524	
00028534	
00028544	
00028580	
000285c0	
00028604	
00028648	
00028694	
000286e8	
00028734	
00028788	
000287a4	
000287d4	
00028888	
000288a8	
00028940	
00028990	
000289e0	
00028a04	
00028a0c	
00028a24	
00028a28	
00028a74	
00028be0	
00028c1c	
00028c6c	
00028ca8	
00028d08	
00028d5c	
00028d64	
00028de0	
00028e48	
00028eb0	
00028eb8	
00028f34	
00028f74	
00029174	
00029178	
000291e8	
00029248	
0002928c	
00029388	
000293fc	
0002959c	
000295e0	
00029600	
00029648	
00029690	
000296ec	
00029754	
000298b8	
00029a20	
00029b7c	
00029ce4	
00029e68	
00029f18	
00029fdc	
0002a0a0	
0002a16c	
0002a244	
0002a2a8	
0002a2ec	
0002a364	
0002a3dc	
0002a45c	
0002a564	
0002a614	
0002a6d8	
0002a79c	
0002a868	
0002a8ec	
0002a950	
0002a9c8	
0002aa40	
0002aac0	
0002ab50	
0002ac00	
0002acc4	
0002ad88	
0002ae54	
0002ae84	
0002af68	
0002af84	
0002b084	
0002b08c	
0002b094	
0002b110	
0002b118	
0002b194	
0002b210	
0002b2a0	
0002b32c	
0002b378	
0002b424	
0002b4d8	
0002b554	
0002b56c	
0002b594	
0002b5b0	
0002b600	
0002b604	
0002b614	
0002b618	
0002b638	
0002b648	
0002b658	
0002b678	
0002b6d0	
0002b780	
0002b7b0	
0002b7d4	
0002b950	
0002b9fc	
0002ba40	
0002bb98	
0002bc38	
0002bca8	
0002bd00	
0002bd6c	
0002bde8	
0002be5c	
0002bed8	
0002bf6c	
0002c06c	
0002c18c	
0002c1c8	
0002c1e4	snd_start_sample
0002c744	snd_resolve_call
0002c8f4	snd_play
0002c924	snd_play_arg
0002c950	snd_play2
0002c984	snd_play3
0002ca1c	
0002ca40	
0002ca64	
0002ca9c	
0002cb00	
0002cbb4	
0002ccd4	
0002cd2c	
0002cd90	
0002ceb4	
0002cf10	
0002d024	
0002d09c	
0002d0e8	
0002d114	
0002d178	
0002d180	
0002d1f8	
0002d23c	
0002d2d0	
0002d33c	
0002d368	
0002d39c	
0002d3d0	
0002d414	
0002d454	
0002d4c4	
0002d4d4	
0002d530	
0002d56c	
0002d590	
0002d644	
0002d6b0	
0002d6b8	
0002d734	
0002d760	
0002d808	
0002d8b4	
0002dc3c	
0002dc40	
0002dc4c	
0002dc50	
0002dc78	
0002dc80	
0002dc90	
0002dc94	
0002dca0	
0002dcc0	
0002dea4	
0002deb4	
0002dedc	
0002df5c	
0002df6c	
0002df7c	
0002df8c	
0002dfb4	
0002e020	
0002e06c	
0002e0bc	
0002e0fc	
0002e13c	
0002e16c	
0002e1bc	
0002e214	
0002e27c	
0002e2bc	
0002e2f4	
0002e308	
0002e354	
0002e3a0	
0002e3f4	
0002e440	
0002e484	
0002e4c8	
0002e540	
0002e54c	
0002e5a4	
0002e5d4	
0002e62c	
0002e6c4	
0002e778	
0002e7a8	
0002e818	
0002e9b8	
0002ea24	
0002ea90	
0002eafc	
0002eb6c	
0002eb8c	
0002ebac	
0002ebcc	
0002ebe8	
0002ecec	
0002ed24	
0002ee44	
0002ee78	
0002ee90	
0002eec8	
0002eee0	
0002ef18	
0002ef30	
0002ef68	
0002ef80	
0002efb8	
0002efd0	
0002efe8	
0002f0e8	
0002f120	
0002f248	
0002f260	
0002f4b4	
0002f4e8	
0002f6b4	
0002f6dc	
0002f714	
0002f740	
0002f778	
0002f7a4	
0002f7dc	
0002f808	
0002f840	
0002f86c	
0002f8a4	
0002f8b8	
0002f9a0	
0002fa50	
0002fbe0	
0002fcc0	
0002fd60	leff_013
0002fdf8	leff_015
0002fe1c	leff_014
0002ff04	
0002ff4c	
0002ffa8	
0002ffc0	
0002ffd4	
0002ffec	
00030004	
0003001c	
00030034	
0003005c	
00030078	
00030094	
000300bc	
00030218	
0003023c	
00030260	
00030284	
000302a8	
00030388	
000303c0	
000303f8	
00030430	
0003046c	
000304a4	
00030508	
000305d8	
0003070c	
00030750	
00030794	
000307d8	
0003081c	
00030860	
000308e8	
00030c24	
00030c54	
00030db0	
00030e00	
00030e20	
00030f14	
00030f34	
00031008	
00031028	
0003111c	
0003113c	
0003118c	
0003119c	
000311ec	
0003123c	
00031254	
000312a0	
000312ec	
000313c8	
000313f8	
00031448	
00031468	
000314b8	
000314d8	
000315ac	
000315dc	
0003162c	
0003164c	
0003169c	
000316bc	
0003170c	
0003172c	
0003177c	
0003179c	
000317ec	
00031828	
00031874	
000318c0	
0003199c	
000319ac	
00031d50	
00031d80	
00031e30	
00031e40	
00031e60	
00031e6c	
00031fc0	
00032010	
00032060	
00032704	
000327a8	
00032a84	
00032ad8	
00032b2c	
00032b74	
00032c04	
00032c94	
00032d04	
00032e44	leff_002
00032e80	
00032ec0	
00032fb0	
00032fc0	
00032fd8	
00032fdc	
00032fec	
00033018	
000331e4	
00033228	
00033300	
00033304	
00033314	
00033328	
00033384	
00033410	
0003342c	
0003343c	
0003347c	
0003354c	
0003357c	
000335cc	
000336a0	
00033778	
00033780	
0003378c	
00033790	
00033794	
000337bc	
000337d8	
000337dc	
000337e0	
000337e4	
00033800	
0003380c	
0003383c	
0003384c	
0003385c	
0003387c	
00033890	
000338a8	
000338c8	
000338d4	
000338d8	
000338e4	
000338f4	
00033900	
0003390c	
00033910	
0003391c	
00033988	
000339ec	
00033a64	
00033a68	
00033ad8	
00033adc	
00033afc	
00033b1c	
00033be8	
00033ef0	
00033f1c	
00033f50	
0003405c	
00034064	
000340cc	
000340d0	
00034124	
00034314	
0003432c	
0003433c	
00034340	
0003438c	
00034390	
00034408	
0003440c	
00034438	
0003443c	
000349bc	
00034a6c	
00034a70	
00034a74	
00034fe0	
00034fe4	
000354c8	
00035560	
00035564	
00035a30	
00035ae4	
00035ae8	
00035ba8	
00035bdc	
00035ca0	
00035cd0	
00035d20	
00035dc8	
00035e08	
00035e0c	
00035e40	
00035e6c	
00035e70	
00035e8c	
00035ec0	
00035ef0	
00035f0c	
00035f28	
00035f68	
00035fb0	
01000000	deff_010
01000128	
010001f0	
0100026c	
010002dc	
01000308	
01000468	
01000564	
01000768	
01000898	
010008a8	
0100094c	
01000980	
010009a8	
01000a88	
01000b08	
01000b28	
01000b7c	
01000ba8	
01000bcc	
01000c00	
01000c60	
01000cac	
01000cb0	
01000cd4	
01000cf8	
01000d60	
01000d78	
01000e28	
01000e7c	
01001374	deff_025
010014cc	leff_020
01001594	tubeshow_093
010015f0	tubeshow_094
01001648	tubeshow_095
010016a0	tubeshow_096
010016f4	tubeshow_097
0100174c	tubeshow_098
010017a4	tubeshow_099
010017fc	tubeshow_100
01001858	tubeshow_101
010018b0	tubeshow_102
01001904	tubeshow_103
0100195c	
0100199c	tubeshow_104
01001a28	tubeshow_105
01001acc	
01001b34	
01001b44	
01001b54	
01001c08	
01001c2c	
01001c88	
01001c98	
01001cf8	
01001d40	
01001d54	
01001d5c	
01001d7c	
01001df4	
01001e08	task_c0
01001eb0	task_93
01001eb4	
01001edc	
01001f38	on_clu_hurryup_started
01002054	
01002098	on_clu_hurryup_awards
010021c8	
01002234	
01002268	
010022c4	
010022d8	deff_071_terminate_clu
01002574	
010025d0	leff_077
0100268c	tubeshow_022
0100276c	deff_072_terminate_clu
010028a4	
010028dc	
010028ec	leff_078
010029c0	tubeshow_023
01002a60	
01002a74	deff_073
01002c38	
01002c5c	
01002c74	tubeshow_024
01002d10	
01002d24	deff_074_terminate
01002e9c	tubeshow_025
01002f9c	
01003118	
01003128	
01003138	
0100317c	
010031ac	
01003208	
0100323c	
0100329c	
010032b4	
010032cc	
010032ec	
01003344	
01003358	
01003360	
01003370	
010033bc	
010033c4	task_cd
0100344c	
010034a4	
010034ac	
010035c0	
01003618	
010036f0	
01003714	on_combo_awards
01003918	
01003928	
01003930	
01003940	
0100394c	
0100396c	
010039b4	task_87
010039b8	
010039e0	
01003a74	leff_159
01003bf0	
01003c30	deff_138_way
01003e40	leff_161
01003eb0	deff_139_end_of_line
01004010	
0100415c	
01004198	
010041f8	
01004238	
01004298	
010042d0	
01004608	
0100461c	deff_055_multiball_e_b
01004ac8	tubeshow_086
01004ad8	
01004b38	
01004b68	
01004b94	
01004b9c	
01004bb0	
01004be8	
01004bfc	
01004c30	
01004c68	
01004c94	task_a6
01004c98	
01004cc0	on_daft_punk_multiball_started
01004ddc	
01004e10	
01004e50	
01004e60	
01004e6c	
01004e94	
01005074	
010050b8	
010050f8	task_b0
01005124	
01005154	
01005198	
010051c4	leff_057
0100524c	
01005260	deff_056_end_of_line
01005428	
0100547c	tubeshow_087
01005524	deff_057_switches
010055d8	
01005634	
01005644	leff_059
01005658	leff_060
010056b8	tubeshow_088
010057cc	
010057e0	deff_058_jackpot
01005950	
01005968	tubeshow_089
01005a34	
01005a48	deff_059_double_jackpot
01005bb8	
01005bd0	tubeshow_090
01005d30	
01005d44	deff_060_ball_added
01005f48	
01005f60	tubeshow_091
01005ffc	
01006010	deff_061_end_of_line
01006148	tubeshow_092
01006240	
01006298	
0100646c	
01006488	
01006498	
010064a8	
010064c4	task_a8
01006534	
010065ac	
010065e8	
01006610	
01006648	
01006660	leff_076
01006684	
010066c0	
01006794	
010067a4	
010067b4	
010067d8	
01006828	
01006858	
01006880	
0100688c	
01006b90	
01006d34	
01006d84	
01006de0	
01006e14	
01006e48	
01006e88	
01006ecc	
01006eec	
01006f00	
01006f34	
01006f6c	
01006f8c	
01006fd4	
01007018	
01007044	
01007074	
01007084	
010070b8	
010070c8	
010070fc	task_88
01007100	
01007128	on_disc_multiball_started
01007244	on_disc_m_b_blue_disc_shots
01007558	
010075b0	task_ab
010075dc	task_89
010075e0	
01007608	task_ad
0100769c	
01007714	
01007770	
010077ac	
010077c0	
010077c8	
010077d8	
010077e0	
010077f0	task_8a
010077f4	
0100781c	
010078c8	
010078d0	
010078ec	
0100791c	leff_043
01007990	tubeshow_041
01007a30	
01007a44	deff_046_disc
01007ca4	
01007cf8	
01007d4c	
01007dec	leff_044
01007e9c	tubeshow_042
01007f34	deff_047_disc_multiball
010081c0	
010081f8	
01008208	leff_045
010082e4	leff_047
010083b8	
010083ec	leff_046
01008430	tubeshow_043
010084cc	
01008508	
01008544	
01008590	
010085dc	
01008628	
01008678	
010086c4	
01008714	
01008760	
010087b0	
01008800	
0100884c	
010088b8	
0100890c	
01008920	deff_048_disc_multiball
01008afc	
01008b6c	tubeshow_044
01008c08	
01008c1c	deff_049_disc_multiball
01008df8	
01008e68	tubeshow_045
01008f04	
01008f18	deff_050_super_jackpot
01009088	
010090f8	tubeshow_046
01009194	
010091a8	deff_051_disc_multiball
01009340	leff_051
0100937c	tubeshow_047
0100947c	
01009490	deff_052_disc
010095c4	leff_052
01009638	tubeshow_048
010096d0	deff_053_disc_multiball
010097ec	
01009834	leff_053
01009880	leff_054
010098c4	tubeshow_049
01009964	
01009978	deff_054_disc
01009a9c	leff_055
01009b4c	tubeshow_050
01009be4	
01009e94	
01009f08	
01009f28	
01009f74	
01009fb0	
01009ffc	
0100a028	
0100a074	
0100a104	
0100a150	
0100a178	
0100a1d0	
0100a21c	
0100a244	
0100a290	
0100a2b8	
0100a304	
0100a32c	
0100a378	
0100a3a0	
0100a3ec	
0100a414	
0100a460	task_2b_3
0100a50c	
0100a538	
0100a594	
0100a5d4	
0100a5e8	
0100a614	
0100a654	
0100a678	
0100a714	
0100a724	
0100a758	
0100a808	
0100a844	
0100a8b4	
0100a900	
0100a96c	
0100a9c0	
0100aa48	
0100aac8	
0100aca4	
0100af3c	
0100af9c	
0100afac	
0100b050	
0100b148	
0100b188	
0100b1a4	
0100b1cc	
0100b1dc	
0100b294	
0100b36c	
0100b414	
0100b4b8	
0100b598	
0100b5d8	
0100b670	
0100b6bc	
0100b770	
0100b7c0	
0100b810	
0100b850	
0100b868	
0100b8bc	
0100b910	
0100b940	
0100b954	
0100b964	
0100b998	
0100ba40	
0100ba80	
0100bab0	
0100baf0	
0100bb40	
0100bb98	
0100bbac	
0100bbf8	
0100bc14	task_2b_4
0100bc5c	
0100bc88	
0100bcdc	
0100bdf4	
0100be74	
0100bea4	
0100bf04	
0100bf70	
0100c0bc	
0100c154	
0100c1c0	
0100c1e8	
0100c1f0	
0100c248	
0100c2a0	
0100c470	
0100c514	
0100c51c	
0100c540	
0100c544	
0100c558	
0100c738	
0100c748	leff_132
0100c7bc	
0100ca20	
0100cab4	
0100cb50	
0100cccc	
0100cd68	
0100cee8	
0100cf94	
0100d108	deff_112_super
0100d158	leff_131
0100d1bc	
0100d20c	
0100d320	
0100d334	
0100d348	
0100d35c	
0100d3a0	
0100d3e4	
0100d428	
0100d570	
0100d5b4	
0100d5c8	task_d1
0100d654	
0100d698	on_find_flynn_started
0100d74c	
0100d79c	on_find_flynn_completed
0100d87c	
0100d890	deff_136_shoot
0100da00	tubeshow_013
0100da04	leff_157
0100dac0	tubeshow_014
0100dad8	
0100daec	deff_137_flynn
0100dc40	tubeshow_015
0100dc44	
0100dd38	
0100dd68	
0100dd78	
0100dd98	
0100ddb0	
0100de24	
0100de3c	
0100de90	task_97
0100de94	
0100debc	
0100df3c	
0100df9c	
0100dfcc	
0100dfdc	
0100e004	
0100e014	
0100e058	
0100e068	
0100e090	
0100e0a0	
0100e0cc	
0100e0e0	
0100e134	
0100e144	
0100e184	
0100e1dc	
0100e234	
0100e248	
0100e274	
0100e288	
0100e2bc	
0100e2e0	
0100e344	
0100e358	
0100e3b8	
0100e3d0	deff_104_arcade_is_lit
0100e4a0	
0100e53c	
0100e5d8	
0100e674	
0100e70c	
0100e7a8	
0100e844	
0100e8a8	
0100e8bc	deff_105
0100ecf4	
0100edd4	
0100ee04	
0100ee74	
0100ee98	
0100eea8	
0100ef30	
0100ef64	
0100ef94	
0100f050	
0100f090	
0100f0a4	
0100f0cc	
0100f104	
0100f14c	
0100f164	
0100f1c0	
0100f1d8	
0100f244	
0100f25c	
0100f288	
0100f29c	task_45
0100f400	
0100f430	leff_133
0100f4d8	
0100f500	
0100f510	
0100f564	
0100f594	
0100f5c8	
0100f604	deff_040_player
0100f71c	
0100f75c	
0100f7bc	
0100f7f0	
0100f8b0	
0100f918	
0100f930	
0100f98c	
0100f9d8	
0100fb10	
0100fbb0	
0100fbb8	
0100fd88	
0100fecc	
0100ff08	
0100ff64	
0100ffa0	
01010038	
01010150	
01010a08	
01010aa0	
01010ad8	
01010af4	
01010b08	
01010b1c	
01010b40	
01010b58	
01010b7c	
01010b90	deff_127
01010c54	
01010c90	
01010ccc	
01010d04	
01010d40	
01010d74	
01010db0	
01010dec	
01010e28	
01010e64	
01010ea0	
01010edc	
01010f18	
01010f54	
01010f88	
01010fc4	
01011000	
0101103c	
01011078	
010110b4	
010110f0	
0101112c	
01011168	
010111a4	
010111e0	
0101121c	
01011258	
01011294	
010112d0	
0101130c	
01011348	deff_128
01011394	
010113d0	
0101140c	
01011448	
0101148c	
010114f8	
01011544	
01011580	
010115d0	
0101160c	
01011644	
01011680	
010116b8	
010116f4	
01011748	
01011784	
010117bc	
010117f4	
0101182c	
01011868	
010118a0	
010118dc	
01011914	
01011950	
0101198c	
010119cc	
01011a18	
01011a54	
01011a8c	
01011ac4	
01011b00	
01011b38	
01011b74	
01011bac	
01011be8	
01011c20	
01011c5c	
01011c90	
01011cc8	
01011d00	
01011d3c	
01011d74	
01011db0	
01011dec	
01011e24	deff_129
01011e64	deff_130_game_over
01011fb0	deff_131
01012030	on_extra_balls_lit
010120d8	task_c9
01012164	task_82
01012168	
01012190	
010121fc	task_83
01012200	
01012228	
01012284	deff_132_extra_ball
0101237c	deff_133_extra
01012534	
0101254c	deff_026_player
01012640	deff_028
010126d4	deff_029_bump_n_win
01012750	
01012768	
010127b0	
010127c0	
0101283c	
01012850	
01012994	deff_030_ticket1_s
01012aec	
01012b50	
01013290	
010132a0	
010138f8	
01013970	
01013980	
010139b8	
01013a08	
01013ad0	
01013b48	
01013b5c	
01013b70	
01013b78	
01013b88	task_c2
01013c30	task_96
01013c34	
01013c5c	on_gem_hurryup_started
01013da8	on_gem_hurryup_awards
01013eac	
01013f34	
01013fa0	
01013fd4	
01013fe4	leff_083
01014044	tubeshow_018
010140e4	
010140f8	deff_075_more_to_start
010142a0	tubeshow_016
010143a0	
010143b4	deff_076_follow_gem
010143b8	
01014520	tubeshow_017
0101461c	deff_077_follow_gem
01014758	
0101476c	deff_078_follow_gem
01014924	leff_084
010149e0	tubeshow_019
01014ae0	
01014af4	deff_079_follow
01014c6c	
01014d54	tubeshow_020
01014eb0	
01015010	
0101506c	
01015094	
010150ec	
01015140	
01015194	
010151e8	
01015248	
01015278	
010152c8	
010152fc	
01015344	
010153c8	
01015400	
01015450	
01015460	
01015490	
010154c0	
010154d0	
01015560	
01015600	
010156a0	
01015720	
0101577c	
010157d8	
01015830	
01015888	
010158b0	
010159a8	
01015b1c	
01015b5c	
01015ba0	
01015bfc	
01015c28	
01015c84	
01015ce8	leff_037
01015d40	leff_038
01015da4	leff_039
01015dfc	leff_040
01015e60	
01015ef0	
01015f24	
01015f40	
01015f60	
01015f7c	
01016008	
01016028	
01016048	
01016080	
010160b8	
010160c8	
01016164	
01016188	
010162a8	
01016348	
010163ec	
0101643c	
010164a0	
0101656c	
01016658	
01016678	
010167ac	clu_lane_entry
010167e0	
010167f4	
0101685c	
0101688c	
010168d0	
01016a68	
01016abc	
01016b0c	
01016d14	
01016e58	
01016f14	
01016fb0	
01016fc0	
01017074	
01017128	
01017174	leff_086
010171d8	leff_087
01017230	deff_080_more
01017420	leff_088
0101745c	tubeshow_021
010174f4	deff_081_special_is_lit
01017590	deff_082_special
01017628	leff_089
0101768c	
0101781c	
010178fc	
0101794c	
010179dc	tubeshow_002
01017a3c	tubeshow_003
01017a9c	tubeshow_004
01017afc	tubeshow_005
01017b60	tubeshow_006
01017bc0	tubeshow_007
01017c1c	tubeshow_008
01017c7c	tubeshow_009
01017ce0	
01017d0c	
01017dc4	
01017fdc	tubeshow_001
01018084	
01018174	
010181bc	
01018240	
01018254	
01018288	
010182c0	
0101830c	task_ba
010183a0	
010183a8	
010184b0	task_bc
01018544	
0101854c	
01018608	
0101860c	
01018678	
010186bc	
01018804	
01018b8c	
01018ba0	deff_083_more
01018d88	tubeshow_051
01018e34	
01018e48	deff_084_light_cycle
010190fc	tubeshow_052
01019208	
0101921c	deff_085_light_cycle
010194a4	
010194fc	
01019588	leff_093
01019660	tubeshow_053
01019768	
01019788	deff_086_light_cycle
010198d0	
01019908	
01019944	
01019978	
010199b4	
010199f0	
01019a2c	
01019a68	
01019aa4	
01019ad8	
01019b14	
01019b50	
01019b8c	
01019bc8	
01019c04	
01019c40	
01019c7c	
01019cb8	
01019cf4	
01019d30	
01019d6c	
01019da8	
01019de4	
01019e20	
01019e60	
01019e74	deff_087_jackpot
0101a05c	leff_095
0101a138	tubeshow_055
0101a234	
0101a248	deff_088_super_jackpot
0101a3f4	leff_096
0101a44c	tubeshow_056
0101a5ac	
0101a5c0	deff_089_double
0101a790	leff_097
0101a7e8	tubeshow_057
0101a948	
0101a95c	deff_090_light_cycle
0101ab54	tubeshow_058
0101ac3c	
0101ac74	
0101ac84	
0101ada8	
0101aecc	
0101aff0	leff_094
0101b040	tubeshow_054
0101b0dc	
0101b15c	
0101b228	task_92
0101b26c	on_light_cycle_multiball_started
0101b368	
0101b3c0	
0101b418	task_b8
0101b444	
0101b488	
0101b4cc	
0101b4fc	
0101b5b4	
0101b74c	
0101b824	
0101ba3c	
0101baac	
0101bb18	
0101bb68	
0101bbc0	
0101bc7c	
0101bcec	
0101bd08	sw11_video_game_eject
0101bd48	
0101bdb8	
0101bdd0	
0101bf48	leff_035
0101bf78	leff_036
0101bfc4	
0101c024	
0101c088	
0101c0ec	
0101c198	
0101c1b0	
0101c1e4	
0101c244	
0101c28c	
0101c30c	
0101c348	
0101c358	
0101c3a4	
0101c3ac	
0101c65c	deff_043_more
0101c79c	leff_041
0101c800	deff_044_level_completed
0101c8dc	leff_042
0101c934	deff_134_left_ramp_made
0101ca38	deff_135_big_bump1_s
0101cb2c	
0101cb54	leff_154
0101cbc4	task_cb
0101cc04	
0101ccf0	
0101cd7c	
0101cddc	
0101ce1c	
0101ce30	
0101ce60	
0101ce90	
0101cec4	
0101cef8	
0101cf0c	
0101cf14	
0101cf24	
0101cf34	task_5c
0101cf84	
0101cfe0	
0101cfec	
0101d044	
0101d06c	
0101d0b4	on_quorra_m_b_super_jackpots
0101d328	
0101d33c	deff_062_to_light
0101d50c	leff_065
0101d5bc	tubeshow_032
0101d6a0	
0101d6b4	deff_063_quorra
0101d898	tubeshow_033
0101d97c	
0101d990	deff_064_quorra
0101dc30	
0101dca0	
0101dcf4	
0101dd98	tubeshow_034
0101de30	deff_065_quorra_multiball
0101e0f8	
0101e134	
0101e16c	
0101e1a8	
0101e1e4	
0101e220	
0101e254	
0101e290	
0101e2cc	
0101e30c	
0101e320	deff_068_double
0101e540	tubeshow_038
0101e640	
0101e654	deff_069_double
0101e88c	tubeshow_039
0101e99c	
0101e9b0	deff_070_quorra
0101eb28	tubeshow_040
0101ec38	
0101ec4c	deff_066_quorra_multiball
0101ed8c	leff_070
0101edb8	tubeshow_036
0101ee9c	
0101eeb0	deff_067_quorra_multiball
0101efe4	tubeshow_037
0101f0ac	
0101f0e4	
0101f0f4	leff_068
0101f188	leff_069
0101f25c	tubeshow_035
0101f2f8	
0101f384	
0101f410	
0101f518	task_8d
0101f55c	on_quorra_multiball_started
0101f688	
0101f6f4	
0101f714	
0101f76c	task_b3
0101f798	
0101f7e8	
0101f82c	
0101f85c	
0101f8e0	
0101fb1c	
0101fcec	
0101fd1c	
0101fd94	
0101fe20	
0101fe70	
0101fe80	task_7e
0101ff28	
0101ff5c	
0101ff88	
0101ffd8	
01020034	
010200f4	
010201b4	
010201e4	
01020388	
01020510	
01020698	
01020820	
010209b0	deff_108
01020a2c	tubeshow_059
01020abc	
01020ae8	
01020b14	
01020b38	
01020b4c	
01020bb4	
01020bf4	
01020c40	
01020ca4	
01020cf0	task_9d
01020cf4	
01020d1c	on_recognizer_battle_started
01020da8	
01020ea4	
01020ee4	
01020f10	
01020f44	
01020ff8	leff_099
0102114c	leff_101
010211a0	leff_104
010211f8	
0102120c	deff_109_disc
010214e4	leff_105
01021570	tubeshow_060
0102160c	deff_110_recognizer_battle
01021694	leff_106
01021700	leff_107
01021744	tubeshow_061
010217e0	
010218a4	
010218e8	
01021954	
010219a0	
010219dc	
01021a2c	
01021a68	
01021aa0	
01021adc	
01021b14	
01021b50	
01021bac	deff_111_more_to_start
01021d48	
01021d9c	
01021f58	tubeshow_062
01021ff4	
010221ec	
0102225c	
0102227c	
01022308	
01022388	
010223c4	
010224c4	
010224ec	
010225cc	
01022638	
01022648	
01022668	
010226c8	
01022718	
01022768	
01022798	
010227f0	
01022880	
010229ec	
01022a64	
01022acc	
01022eac	
01022f5c	
01022fc0	
01022fdc	
01022fec	
01022ffc	
01023010	
0102304c	
01023060	
0102309c	
010230b0	
010230ec	
010235d8	
01023624	
01023670	
01023704	
010237a0	
01023858	
010238ac	
01023930	
01023940	
01023a98	deff_019
01023b70	tubeshow_010
01023bd0	
01023c24	
01023cb0	
01023ddc	
01023edc	
01023fe4	
0102410c	
010241a0	
01024230	
01024290	
01024378	
01024460	
01024500	
01024640	
0102466c	
0102469c	task_a2
010246a0	
010246c8	
010246fc	
010247d4	
010248c0	task_a1
010248c4	
010248ec	
010249c0	
01024a98	
01024b84	task_a1_2
01024b88	
01024bb0	
01024c84	
01024d68	
01024e8c	
01024e9c	
01024eb0	
01024f08	task_a1_3
01024f0c	
01024f34	
010250f0	
01025158	
0102522c	
010252f8	task_a1_4
010252fc	
01025324	
010253f0	
01025458	
01025534	
01025620	task_a1_5
01025624	
0102564c	
01025720	
010257f8	
010258c4	task_a1_6
010258c8	
010258f0	
01025a0c	
01025a74	
01025b58	
01025c24	task_a1_7
01025c28	
01025c50	
01025d94	
01025df8	
01025ed8	
01025f38	task_a1_8
01025f3c	
01025f64	
01026058	
01026130	
010261fc	task_a1_9
01026200	
01026228	
010262f4	
0102635c	
01026390	
010263b0	
010263f0	
01026404	task_a0
01026408	
01026430	
01026444	
01026490	
01026520	
01026524	
010265f4	
010265f8	
01026608	
010266c0	
01026724	
01026754	
01026784	
01026794	
010267fc	
01026814	leff_134
01026898	tubeshow_064
010268b0	
010268c4	deff_113_sea_of
01026bc0	
01026bd8	tubeshow_065
01026c70	deff_114_sea_of
01026dbc	
01026e04	
01026e38	
01026e6c	
01026edc	
01026f4c	
01026f74	leff_136
01026ff0	tubeshow_066
01027090	
010270a4	deff_115
01027294	tubeshow_067
0102732c	
01027374	
01027478	
010275c0	
010275d4	deff_116
01027648	tubeshow_068
010276e8	
010276fc	deff_117
01027770	tubeshow_069
0102780c	
01027820	deff_118
01027894	tubeshow_070
0102792c	leff_141
01027990	leff_142
010279e8	leff_143
01027a50	
01027a64	deff_119
01027ad8	tubeshow_071
01027b74	
01027b88	deff_120
01027bfc	tubeshow_072
01027c98	
01027cac	deff_121
01027d20	tubeshow_073
01027dbc	
01027dd0	deff_122
01027e44	tubeshow_074
01027ee0	
01027ef4	deff_123
01027f68	tubeshow_075
01028008	
0102801c	deff_124
01028090	tubeshow_076
0102812c	
01028140	deff_125_sea_of
0102832c	tubeshow_077
010283cc	deff_126_sea_of
010285b4	tubeshow_078
0102864c	
010286b8	
010286e4	
01028924	
010289b8	
01028a00	
01028a84	
01028b04	
01028b58	
01028b64	
01028b74	
01028bb0	
01028bc0	
01028bc8	
01028bd8	task_70
01028c18	
01028c68	
01028cb8	
01028d28	
01028d44	
01028d50	
01028d60	
01028d98	
01028dac	
01028db4	
01028dc4	task_72
01028e04	
01028e54	
01028ea4	
01028f14	
01028f34	
01028f44	
01028f4c	
01028f5c	task_74
01028f9c	
01028fec	
0102903c	task_86
01029040	
01029068	
010290e0	
010290ec	
01029148	
010291a4	
010291b8	leff_109
01029244	tubeshow_011
010292c4	deff_101_skill_shot
010293c8	leff_111
01029454	tubeshow_012
010294d0	deff_102_skill_shot
010295d4	leff_113
01029668	deff_103_skill_shot
0102976c	
010299bc	
01029a3c	
01029a5c	
01029ab0	
01029b54	task_64
01029ba4	on_l_inner_loop
01029c74	deff_041_left_spinner
01029d94	leff_033
01029db8	
01029dd8	
01029e2c	
01029ed0	task_65
01029f20	
01029fd8	deff_042_right_spinner
0102a0f8	leff_034
0102a128	
0102a188	
0102a1b4	
0102a284	
0102a294	
0102a2f0	
0102a31c	sw23_shooter_lane
0102a420	
0102a434	sw30_left_bumper
0102a4a8	sw31_right_bumper
0102a51c	sw32_bottom_bumper
0102a590	sw26_left_slingshot
0102a600	sw27_right_slingshot
0102a670	sw01_t_ron
0102a68c	sw02_t_r_on
0102a6a8	sw03_tr_o_n
0102a6c4	sw04_tro_n
0102a6e0	sw44_left_spinner
0102a704	sw36_right_orbit_spinner
0102a728	
0102a794	
0102a808	sw43_left_orbit
0102a8a4	sw46_right_orbit
0102a940	on_left_ramp
0102a948	
0102a9bc	on_left_ramp_2
0102aa14	sw35_l_ramp_entrance
0102aa38	sw37_l_ramp_exit
0102aa50	on_right_ramp
0102aa58	
0102aad8	on_right_ramp_2
0102ab30	sw38_r_ramp_entrance
0102ab54	sw34_r_ramp_exit
0102ab6c	sw41_disc_opto
0102ac1c	leff_075
0102ac5c	sw12_zen_rollover
0102ac88	sw24_left_outlane
0102ad20	sw25_c_lu
0102ad54	sw14_c_l_u
0102ad88	sw28_cl_u
0102adbc	sw29_right_outlane
0102ae3c	sw39_right_inner_loop
0102ae44	
0102aec8	sw49_recogniz_3_bank_l
0102af44	sw50_recogniz_3_bank_c
0102afc0	sw51_recogniz_3_bank_r
0102b03c	sw52_3_bank_motor_dn
0102b088	sw53_3_bank_motor_up
0102b08c	sw07_z_use
0102b0d4	sw08_z_u_se
0102b11c	sw48_zu_s_e
0102b164	sw13_zus_e
0102b1ac	sw54_recog_motor_pos_1
0102b1c8	sw55_recog_motor_pos_2
0102b1e4	sw56_recog_motor_pos_3
0102b20c	
0102b26c	
0102b4d4	
0102b4dc	
0102b528	
0102b744	
0102b980	
0102bc40	
0102be0c	
0102bfd8	
0102c198	
0102c358	
0102c3b4	
0102c3f0	
0102c4a4	
0102c4b0	
0102c4c4	task_9f
0102c588	
0102c78c	
0102c7e4	
0102c870	deff_107_collect
0102ca18	deff_106_tron
0102cafc	tubeshow_063
0102cb94	
0102cc48	
0102cc4c	
0102cdd8	deff_038_match
0102d0f0	
0102d188	
0102d244	
0102d294	
0102d2ec	
0102d368	
0102d494	
0102d644	
0102d764	
0102d860	
0102da50	
0102db1c	
0102dca0	
0102dcb0	
0102dd50	deff_045_end
0102e4b4	
0102e4c4	
0102e4d4	
0102e500	
0102e520	
0102e570	task_a3
0102e584	
0102e608	
0102e61c	
0102e690	
0102e6a0	
0102e6d8	
0102e6e0	
0102e704	
0102e834	
0102e8c0	
0102eaa4	
0102ec38	
0102eddc	on_vuk
0102f024	
0102f1f0	
0102f2a4	
0102f2e8	
0102f314	
0102f34c	
0102f37c	
0102f3e8	
0102f408	task_a5
0102f40c	
0102f434	
0102f474	on_portal_multiball_started
0102f5f4	
0102f654	
0102f680	
0102f694	
0102f6c8	
0102f8a4	
0102f8b8	
0102f8fc	
0102f94c	
0102f9a4	
0102f9d8	leff_163
0102fa64	
0102fa7c	leff_164
0102fac0	tubeshow_079
0102fad8	
0102faec	deff_140_sea_of_simulation
0102fe38	
0102fee4	tubeshow_080
0102ffa0	deff_141_portal_multiball
01030150	
01030188	
01030198	leff_166
0103041c	leff_167
01030460	tubeshow_081
01030500	
01030514	deff_142
010306b8	
01030728	tubeshow_082
010307c4	
010307d8	deff_143_super
010309b8	
01030a28	tubeshow_083
01030ac4	
01030ad8	deff_144
01030bf0	
01030c60	tubeshow_084
01030cfc	
01030d10	deff_145_portal_multiball
01030e38	tubeshow_085
01030ed0	
01031138	task_cc
0103116c	
010311ac	
01031208	
0103129c	
01031338	deff_100_zen
01031450	leff_117
01031490	leff_118
010314d0	
01031558	
01031588	
010315d8	
01031624	
01031654	
01031664	
0103167c	
010316f0	task_9b
010316f4	
0103171c	
01031730	task_59
010317bc	
01031804	
0103184c	
01031888	
010318ac	on_zuse_fastscoring_started
01031a5c	
01031ab8	
01031b5c	
01031b70	
01031b78	
01031b88	
01031cc0	task_80
01031d0c	
01031e28	leff_126
01031eb0	
01031f08	
01031f8c	
01031fbc	
01031fe0	
01032018	
01032028	leff_124
01032118	tubeshow_030
010321b4	leff_125
01032228	deff_093_zuse
01032338	tubeshow_028
010323d0	
010324fc	
01032510	deff_094_fast_scoring
01032674	
010326e4	
0103270c	tubeshow_029
010327a4	
010327c0	
010327d8	deff_095_all_targets
01032900	
01032a30	
01032bd0	deff_096
01032cb0	
01032cc8	
01032d00	
01032d38	deff_097_all
01032ebc	deff_098_all_targets
010330fc	
0103316c	
01033198	
010331ac	deff_099_fast_scoring
01033308	leff_130
01033338	tubeshow_031
01033434	
01033624	
01033680	
010336c8	
0103370c	
01033744	
01033790	
010339fc	
01033b3c	deff_091_collect
01033da8	
01033de4	leff_120
01033e70	tubeshow_026
01033efc	
01033fbc	deff_092_more
01034130	
01034218	tubeshow_027
010342b0	
01034364	deff_001
010344d8	deff_014
010344dc	
010344f4	deff_020_ball_saved
010345bc	deff_011_locating_pinballs
01034664	
01034668	
010346e8	deff_032
01034d34	deff_031_player
01034e78	
01034f88	deff_033_player
01035090	deff_027
010350e8	deff_012_operator_alert
0103520c	deff_013_pinball_missing
01035288	deff_039_competition_mode
010353b0	
01035450	
0103550c	
010355cc	
0103586c	
0103587c	
01035c40	
01035c6c	
01035ccc	deff_024_slam_tilt
01035d3c	deff_022
01035d40	deff_021_tilt
01035db8	deff_023_danger
01035e48	deff_016_tournament_game
01036030	deff_018_bump_n_win
01036244	deff_035_you_qualified
0103637c	
01036380	
010363a4	
0103649c	deff_036_1_first_second_third_fourth_fi
01036934	
01036938	
010369bc	deff_037
01036a5c	deff_034_sorry
01036c14	deff_007_this_machine_will_not
01036ce0	deff_009
01036da0	deff_008_this_game_has_a
01036e6c	
01036f1c	deff_004_50v_20v_disabled
0103703c	deff_005
010374f4	deff_006_hz
01037588	
01037994	
01037a6c	deff_003_technician_alert
0103815c	deff_002_use_to_adjust_volume
01038268	
010383cc	
010386f4	
01038828	
0103886c	
010388b0	
010388f4	
01038938	
0103897c	
01038a00	
01038a84	
01038afc	
01038b8c	
01038c60	
01038d54	
01038dcc	
01038e5c	
01038f50	
01039078	
010390f8	
010391fc	
01039340	
01039448	
01039554	
01039580	
010395e4	
0103977c	
010398b4	
01039a6c	
01039c10	
01039da4	
0103a19c	
0103a2f4	
0103a49c	
0103b34c	
0103b4ac	
0103b824	
0103b90c	
0103b9f8	
0103bb24	
0103bc10	
0103bd48	
0103be80	
0103bf70	
0103cde8	
0103cff8	
0103d030	
0103d070	
0103d8bc	
0103d8dc	
0103d90c	
0103da48	
0103dad0	
0103db70	
0103dbbc	
0103dc14	
0103dd00	
0103e5b4	
0103e600	
0103e638	
0103e690	
0103ea84	
0103ead4	
0103eb2c	
0103eb8c	
0103ef18	
0103ef70	
0103efe0	
0103f040	
0103f47c	
0103f530	
0103f690	leff_008
0103f6f0	
0103f7ac	
0103fb44	
0103fd48	
0103fd7c	
0103ff98	
0103ffdc	
01040278	
010408a8	
01040b94	
01040e14	
01040e6c	
01040edc	
01041268	
010412c0	
01041340	
010413b0	
010417ec	
01041830	
01041874	
01041a10	
01041c6c	
01041cb0	
01041cf4	
01041d38	
01041d7c	
01041dc0	leff_004
01041e08	
010420cc	
0104210c	
01042154	
01042160	leff_006
010421e4	
01042578	leff_003
010425d0	
0104270c	
010427dc	
01042ab8	leff_007
01042b10	
01042f0c	
01042f24	
01042f30	
01042f3c	leff_005
01042fc0	
01043358	
010434f8	
01043698	
0104383c	
010439d4	
01043a74	
01043fd0	
01044a1c	
01044aa0	
01044b9c	
01044bfc	
01045264	
010452b0	
010452e0	
010452f4	
0104534c	
01045a78	
01045a98	
01045ae4	
01045b44	
01045f00	
010467d4	
01046858	
010476ac	
010478bc	
01047928	
010479d0	
01047a04	
01047a48	
01047b1c	
01047ba8	
01047bd4	
01047bf8	
01047e00	
01047e68	
01047f0c	
01047fb0	
0104806c	
01048104	
010481b4	
0104822c	
01048230	
010482c4	
01048348	
01048404	
010484c8	
01048538	
010485bc	
010489b0	
01048bc0	
01048bf0	
01048c6c	
01048cac	
01048cbc	
01048f84	
01049090	
0104911c	
010491ec	
01049378	
0104951c	
01049648	
010496c0	
010497b0	
01049848	
0104985c	
01049878	
0104988c	
010498a8	
010498c8	
010498e8	
0104993c	
01049978	
010499c8	
01049a0c	
01049a58	
01049ac4	
01049b00	
01049b28	
01049b88	
01049bb4	
01049f74	
0104a050	
0104a118	
0104a11c	
0104a138	
0104a200	
0104a248	
0104a288	
0104a318	
0104a63c	
0104a6a8	
0104a714	
0104a760	
0104a7b4	
0104a7e4	
0104a83c	
0104a94c	
0104ab48	
0104abe8	
0104ac88	
0104acc4	
0104b114	
0104b18c	
0104b24c	
0104b314	
0104b33c	
0104bcac	
0104bf88	
0104c100	
0104c16c	
0104c188	
0104c240	
0104c394	
0104c3e8	
0104c5b0	
0104c730	
0104d06c	
0104d17c	
0104d1d0	
0104d278	
0104d2b8	
0104d39c	
0104d554	
0104d57c	
0104d788	
0104d870	
0104d9c8	
0104db04	
0104dd48	
0104e0f0	
0104e13c	
0104ea3c	
0104ea8c	
0104eb0c	
0104ebc0	
0104ec1c	
0104ed1c	
0104f018	
0104f078	
0104f0c4	
0104f0e0	
0104f12c	
0104f144	
0104f1e4	
0104f1e8	
0104f390	
0104f3a4	
0104f3bc	
0104f3c0	
0104f4c0	
0104f4c4	
0104f61c	
0104f620	
0104f6a4	
0104f6a8	
0104f6c8	
0104f6cc	
0104f720	
0104f724	
0104f824	
0104f828	
0104f888	
0104f898	
0104f8b0	
0104f8cc	
0104f8e8	
0104f908	
0104f924	
0104f940	
0104f990	
0104f994	
0104f9f4	
0104fa2c	
0104fa64	
0104fa98	
0104fa9c	
0104faf4	
0104faf8	
0104fb4c	
0104fb50	
0104fbb4	
0104fc24	
0104fc74	
0104fc78	
0104fcd4	
0104fd2c	
0104fd80	
0104fd84	
0104fdd4	
0104fdd8	
0104fe28	
0104fe2c	
0104ff5c	
01050010	
0105006c	
010500c8	
0105011c	
01050120	
01050184	
01050188	
01050330	
01050334	
01050384	
01050388	
0105045c	
01050460	
010504fc	
01050500	
01050554	
01050558	
010505f4	
010505f8	
010506fc	
01050700	
01050808	
0105080c	
01050894	
01050898	
010508fc	
01050900	
01050a30	
01050a34	
01050ab4	
01050ab8	
01050ae0	
01050ae4	
01050b0c	
01050b10	
01050b54	
01050b58	
01050d44	
01050d48	
01050d98	
01050d9c	
01050df8	
01050dfc	
01050e58	
01050e5c	
01050f18	
01050f1c	
01050fb8	
01050fbc	
01050fd4	
01050fd8	
01050ff0	
01050ff4	
0105100c	
01051010	
0105102c	
01051048	
01051068	
0105106c	
01051090	
010510b0	
010510b4	
01051330	
01051334	
01051384	
01051388	
010513d8	
010513dc	
