t_s,peripheral,register,address,value,pc
0.031248,EBI,CSR0,0xffe00000,0x4003131,0xe4
0.031248,EBI,CSR1,0xffe00004,0x200212e,0xe4
0.031248,EBI,CSR2,0xffe00008,0x300313d,0xe4
0.031248,EBI,CSR3,0xffe0000c,0x1003121,0xe4
0.031248,EBI,CSR4,0xffe00010,0x50000000,0xe4
0.031248,EBI,CSR5,0xffe00014,0x60000000,0xe4
0.031248,EBI,CSR6,0xffe00018,0x70000000,0xe4
0.031248,EBI,CSR7,0xffe0001c,0x80000000,0xe4
0.031248,EBI,RCR,0xffe00020,0x1,0xe4
0.031248,EBI,MCR,0xffe00024,0x0,0xe4
0.366182,AIC,IDCR,0xfffff124,0x10,0x11f3c
0.366504,AIC,IDCR,0xfffff124,0x10,0x11f3c
0.366505,AIC,IECR,0xfffff120,0x0,0x11f6c
0.366506,AIC,IECR,0xfffff120,0x0,0x11f6c
0.366507,AIC,IDCR,0xfffff124,0x10,0x11f3c
0.366526,AIC,IECR,0xfffff120,0x0,0x11f6c
0.366526,AIC,IDCR,0xfffff124,0x10,0x11f3c
0.366527,AIC,IECR,0xfffff120,0x0,0x11f6c
0.366529,AIC,SPU,0xfffff134,0x13600,0x134c8
0.366530,AIC,IDCR,0xfffff124,0x1,0x16bd0
0.366530,AIC,ICCR,0xfffff128,0x1,0x16bd8
0.366530,AIC,SVR0,0xfffff080,0x16b80,0x16be0
0.366531,PIO,PDR,0xffff0004,0x1000,0x15880
0.366531,AIC,IDCR,0xfffff124,0x1,0x16ba0
0.366531,AIC,SVR0,0xfffff080,0x2b600,0x16ba8
0.366531,AIC,SMR0,0xfffff000,0x66,0x16bb0
0.366532,AIC,ICCR,0xfffff128,0x1,0x16bb4
0.366532,AIC,IECR,0xfffff120,0x1,0x16bb8
0.366533,AIC,IDCR,0xfffff124,0x10000,0x16bd0
0.366533,AIC,ICCR,0xfffff128,0x10000,0x16bd8
0.366533,AIC,SVR16,0xfffff0c0,0x16b78,0x16bf0
0.366534,PIO,PDR,0xffff0004,0x200,0x15880
0.366534,AIC,IDCR,0xfffff124,0x10000,0x16ba0
0.366534,AIC,SVR16,0xfffff0c0,0x33300,0x16ba8
0.366534,AIC,SMR16,0xfffff040,0x64,0x16bb0
0.366534,AIC,ICCR,0xfffff128,0x10000,0x16bb4
0.366535,AIC,IECR,0xfffff120,0x10000,0x16bb8
0.366536,PS,PCER,0xffff4004,0x10,0x15b80
0.366536,PIO,PDR,0xffff0004,0x1,0x15880
0.366537,TC0,CCR,0xfffe0000,0x2,0x1634c
0.366537,TC0,IDR,0xfffe0028,0xffffffff,0x16358
0.366537,TC0,CMR,0xfffe0004,0x4000,0x16364
0.366537,TC0,CCR,0xfffe0000,0x1,0x1636c
0.366538,TC0,IER,0xfffe0024,0x10,0x13508
0.366538,AIC,IDCR,0xfffff124,0x10,0x16ba0
0.366538,AIC,SVR4,0xfffff090,0x13624,0x16ba8
0.366538,AIC,SMR4,0xfffff010,0x5,0x16bb0
0.366538,AIC,ICCR,0xfffff128,0x10,0x16bb4
0.366538,AIC,IECR,0xfffff120,0x10,0x16bb8
0.366539,AIC,ISCR,0xfffff12c,0x10,0x16c18
0.366539,TC0,RC,0xfffe001c,0x1388,0x13534
0.366540,TC0,CCR,0xfffe0000,0x4,0x163bc
0.366541,PS,PCER,0xffff4004,0x20,0x15b80
0.366541,PIO,PDR,0xffff0004,0x8,0x15880
0.366541,TC1,CCR,0xfffe0040,0x2,0x1634c
0.366541,TC1,IDR,0xfffe0068,0xffffffff,0x16358
0.366542,TC1,CMR,0xfffe0044,0x4000,0x16364
0.366542,TC1,CCR,0xfffe0040,0x1,0x1636c
0.366542,TC1,IER,0xfffe0064,0x10,0x13568
0.366543,AIC,IDCR,0xfffff124,0x20,0x16ba0
0.366543,AIC,SVR5,0xfffff094,0x13688,0x16ba8
0.366543,AIC,SMR5,0xfffff014,0x7,0x16bb0
0.366543,AIC,ICCR,0xfffff128,0x20,0x16bb4
0.366543,AIC,IECR,0xfffff120,0x20,0x16bb8
0.366544,AIC,ISCR,0xfffff12c,0x20,0x16c18
0.366544,TC1,RC,0xfffe005c,0x190,0x13584
0.366544,PIO,OER,0xffff0010,0x70000,0x15804
0.366545,PIO,IFDR,0xffff0024,0x70000,0x15820
0.366545,PIO,MDDR,0xffff0054,0x70000,0x15834
0.366545,PIO,IDR,0xffff0044,0x70000,0x15868
0.366545,PIO,PER,0xffff0000,0x70000,0x15870
0.366546,PIO,CODR,0xffff0034,0x10000,0x15890
0.366546,PIO,CODR,0xffff0034,0x20000,0x15890
0.366546,PIO,CODR,0xffff0034,0x40000,0x15890
0.366547,PIO,OER,0xffff0010,0x38,0x15804
0.366547,PIO,IFDR,0xffff0024,0x38,0x15820
0.366548,PIO,MDDR,0xffff0054,0x38,0x15834
0.366548,PIO,IDR,0xffff0044,0x38,0x15868
0.366548,PIO,PER,0xffff0000,0x38,0x15870
0.366548,PIO,SODR,0xffff0030,0x8,0x15898
0.366549,PIO,SODR,0xffff0030,0x10,0x15898
0.366551,AIC,IDCR,0xfffff124,0x1,0x2b5a4
0.366552,AIC,IDCR,0xfffff124,0x10,0x11f3c
0.366553,PS,PCDR,0xffff4008,0x4,0x15b98
0.366554,PIO,ODR,0xffff0014,0xe000,0x1580c
0.366554,PIO,IFDR,0xffff0024,0xe000,0x15820
0.366555,PIO,MDDR,0xffff0054,0xe000,0x15834
0.366555,PIO,IDR,0xffff0044,0xe000,0x15868
0.366555,PIO,PER,0xffff0000,0xe000,0x15870
0.366555,US0,IDR,0xfffd000c,0xffffffff,0x16734
0.366555,US0,RCR,0xfffd0034,0x0,0x16740
0.366555,US0,TCR,0xfffd003c,0x0,0x16748
0.366556,US0,CR,0xfffd0000,0xac,0x16754
0.366557,PS,PCER,0xffff4004,0x4,0x15b80
0.366558,PIO,PDR,0xffff0004,0xc000,0x15880
0.366558,US0,CR,0xfffd0000,0xac,0x166b4
0.366558,US0,RCR,0xfffd0034,0x0,0x166c0
0.366558,US0,TCR,0xfffd003c,0x0,0x166c8
0.366559,US0,BRGR,0xfffd0020,0x2b,0x166d0
0.366559,US0,MR,0xfffd0004,0x8c0,0x166d8
0.366559,US0,RTOR,0xfffd0028,0x0,0x166e0
0.366559,US0,CR,0xfffd0000,0x50,0x166ec
0.366560,AIC,IDCR,0xfffff124,0x4,0x16ba0
0.366560,AIC,SVR2,0xfffff088,0x16900,0x16ba8
0.366560,AIC,SMR2,0xfffff008,0x41,0x16bb0
0.366560,AIC,ICCR,0xfffff128,0x4,0x16bb4
0.366560,AIC,IECR,0xfffff120,0x4,0x16bb8
0.366560,US0,IER,0xfffd0008,0x3,0x16564
0.367485,PS,PCDR,0xffff4008,0x8,0x15b98
0.367486,PIO,ODR,0xffff0014,0x700000,0x1580c
0.367486,PIO,IFDR,0xffff0024,0x700000,0x15820
0.367486,PIO,MDDR,0xffff0054,0x700000,0x15834
0.367486,PIO,IDR,0xffff0044,0x700000,0x15868
0.367486,PIO,PER,0xffff0000,0x700000,0x15870
0.367487,US1,IDR,0xfffcc00c,0xffffffff,0x16734
0.367487,US1,RCR,0xfffcc034,0x0,0x16740
0.367487,US1,TCR,0xfffcc03c,0x0,0x16748
0.367487,US1,CR,0xfffcc000,0xac,0x16754
0.367489,PS,PCER,0xffff4004,0x8,0x15b80
0.367489,PIO,PDR,0xffff0004,0x600000,0x15880
0.367490,US1,CR,0xfffcc000,0xac,0x166b4
0.367490,US1,RCR,0xfffcc034,0x0,0x166c0
0.367490,US1,TCR,0xfffcc03c,0x0,0x166c8
0.367490,US1,BRGR,0xfffcc020,0x104,0x166d0
0.367490,US1,MR,0xfffcc004,0x8c0,0x166d8
0.367490,US1,RTOR,0xfffcc028,0x0,0x166e0
0.367490,US1,CR,0xfffcc000,0x50,0x166ec
0.367491,AIC,IDCR,0xfffff124,0x8,0x16ba0
0.367491,AIC,SVR3,0xfffff08c,0x16a00,0x16ba8
0.367491,AIC,SMR3,0xfffff00c,0x42,0x16bb0
0.367491,AIC,ICCR,0xfffff128,0x8,0x16bb4
0.367491,AIC,IECR,0xfffff120,0x8,0x16bb8
0.367492,US1,IER,0xfffcc008,0x3,0x116dc
0.367493,AIC,IDCR,0xfffff124,0x10000,0x33420
0.367494,AIC,IECR,0xfffff120,0x10000,0x33434
0.975496,US1,IDR,0xfffcc00c,0x2,0x162dc
0.975499,US0,IDR,0xfffd000c,0x2,0x162dc
0.979237,AIC,IDCR,0xfffff124,0x10,0x11f3c
0.979245,AIC,IECR,0xfffff120,0x0,0x11f6c
0.979247,AIC,IDCR,0xfffff124,0x10,0x11f3c
0.979248,AIC,IECR,0xfffff120,0x0,0x11f6c
0.979250,AIC,IDCR,0xfffff124,0x10,0x11f3c
0.979251,AIC,IECR,0xfffff120,0x0,0x11f6c
0.981837,AIC,IDCR,0xfffff124,0x10,0x11f3c
0.981846,AIC,IECR,0xfffff120,0x0,0x11f6c
0.981848,AIC,IDCR,0xfffff124,0x10,0x11f3c
0.981848,AIC,IECR,0xfffff120,0x0,0x11f6c
0.981850,AIC,IDCR,0xfffff124,0x10,0x11f3c
0.981851,AIC,IECR,0xfffff120,0x0,0x11f6c
0.987385,AIC,IDCR,0xfffff124,0x10,0x11f3c
0.987730,AIC,IDCR,0xfffff124,0x10,0x11f3c
0.987731,AIC,IECR,0xfffff120,0x0,0x11f6c
0.987731,AIC,IECR,0xfffff120,0x0,0x11f6c
0.987750,AIC,IDCR,0xfffff124,0x10,0x11f3c
0.987904,AIC,IECR,0xfffff120,0x0,0x11f6c
0.987905,AIC,IDCR,0xfffff124,0x10,0x11f3c
0.988088,AIC,IECR,0xfffff120,0x0,0x11f6c
0.988089,AIC,IDCR,0xfffff124,0x10,0x11f3c
0.988237,AIC,IECR,0xfffff120,0x0,0x11f6c
0.988271,AIC,IDCR,0xfffff124,0x10,0x11f3c
0.988272,AIC,IECR,0xfffff120,0x0,0x11f6c
0.988581,AIC,IDCR,0xfffff124,0x10,0x11f3c
0.988600,AIC,IECR,0xfffff120,0x0,0x11f6c
0.988606,AIC,IDCR,0xfffff124,0x10,0x11f3c
0.988637,AIC,IDCR,0xfffff124,0x10,0x11f3c
0.988640,AIC,IECR,0xfffff120,0x0,0x11f6c
0.988641,AIC,IDCR,0xfffff124,0x10,0x11f3c
0.988644,AIC,IECR,0xfffff120,0x0,0x11f6c
0.988645,AIC,IDCR,0xfffff124,0x10,0x11f3c
0.988648,AIC,IECR,0xfffff120,0x0,0x11f6c
0.988649,AIC,IDCR,0xfffff124,0x10,0x11f3c
0.988652,AIC,IECR,0xfffff120,0x0,0x11f6c
0.988653,AIC,IDCR,0xfffff124,0x10,0x11f3c
0.988656,AIC,IECR,0xfffff120,0x0,0x11f6c
0.988657,AIC,IDCR,0xfffff124,0x10,0x11f3c
0.988660,AIC,IECR,0xfffff120,0x0,0x11f6c
0.988661,AIC,IDCR,0xfffff124,0x10,0x11f3c
0.988664,AIC,IECR,0xfffff120,0x0,0x11f6c
0.988665,AIC,IDCR,0xfffff124,0x10,0x11f3c
0.988668,AIC,IECR,0xfffff120,0x0,0x11f6c
0.988669,AIC,IDCR,0xfffff124,0x10,0x11f3c
0.988672,AIC,IECR,0xfffff120,0x0,0x11f6c
0.988673,AIC,IDCR,0xfffff124,0x10,0x11f3c
0.988676,AIC,IECR,0xfffff120,0x0,0x11f6c
0.988677,AIC,IDCR,0xfffff124,0x10,0x11f3c
0.988680,AIC,IECR,0xfffff120,0x0,0x11f6c
0.988681,AIC,IDCR,0xfffff124,0x10,0x11f3c
0.988684,AIC,IECR,0xfffff120,0x0,0x11f6c
0.988685,AIC,IDCR,0xfffff124,0x10,0x11f3c
0.988688,AIC,IECR,0xfffff120,0x0,0x11f6c
0.988689,AIC,IDCR,0xfffff124,0x10,0x11f3c
0.988692,AIC,IECR,0xfffff120,0x0,0x11f6c
0.988693,AIC,IDCR,0xfffff124,0x10,0x11f3c
0.988696,AIC,IECR,0xfffff120,0x0,0x11f6c
0.988697,AIC,IDCR,0xfffff124,0x10,0x11f3c
0.988700,AIC,IECR,0xfffff120,0x0,0x11f6c
0.988701,AIC,IDCR,0xfffff124,0x10,0x11f3c
0.988704,AIC,IECR,0xfffff120,0x0,0x11f6c
0.988705,AIC,IDCR,0xfffff124,0x10,0x11f3c
0.988708,AIC,IECR,0xfffff120,0x0,0x11f6c
0.988709,AIC,IDCR,0xfffff124,0x10,0x11f3c
0.988712,AIC,IECR,0xfffff120,0x0,0x11f6c
0.988713,AIC,IDCR,0xfffff124,0x10,0x11f3c
0.988716,AIC,IECR,0xfffff120,0x0,0x11f6c
0.988717,AIC,IDCR,0xfffff124,0x10,0x11f3c
0.988720,AIC,IECR,0xfffff120,0x0,0x11f6c
0.988721,AIC,IDCR,0xfffff124,0x10,0x11f3c
0.988724,AIC,IECR,0xfffff120,0x0,0x11f6c
0.988725,AIC,IDCR,0xfffff124,0x10,0x11f3c
0.988728,AIC,IECR,0xfffff120,0x0,0x11f6c
0.988729,AIC,IDCR,0xfffff124,0x10,0x11f3c
0.988732,AIC,IECR,0xfffff120,0x0,0x11f6c
0.988733,AIC,IDCR,0xfffff124,0x10,0x11f3c
0.988736,AIC,IECR,0xfffff120,0x0,0x11f6c
0.988737,AIC,IDCR,0xfffff124,0x10,0x11f3c
0.988740,AIC,IECR,0xfffff120,0x0,0x11f6c
0.988741,AIC,IDCR,0xfffff124,0x10,0x11f3c
0.988744,AIC,IECR,0xfffff120,0x0,0x11f6c
0.988745,AIC,IDCR,0xfffff124,0x10,0x11f3c
0.988748,AIC,IECR,0xfffff120,0x0,0x11f6c
0.988749,AIC,IDCR,0xfffff124,0x10,0x11f3c
0.988752,AIC,IECR,0xfffff120,0x0,0x11f6c
0.988753,AIC,IDCR,0xfffff124,0x10,0x11f3c
0.988756,AIC,IECR,0xfffff120,0x0,0x11f6c
0.988757,AIC,IDCR,0xfffff124,0x10,0x11f3c
0.988760,AIC,IECR,0xfffff120,0x0,0x11f6c
0.988761,AIC,IDCR,0xfffff124,0x10,0x11f3c
0.988763,AIC,IECR,0xfffff120,0x0,0x11f6c
0.988765,AIC,IDCR,0xfffff124,0x10,0x11f3c
0.988767,AIC,IECR,0xfffff120,0x0,0x11f6c
0.988769,AIC,IDCR,0xfffff124,0x10,0x11f3c
0.988771,AIC,IECR,0xfffff120,0x0,0x11f6c
0.988795,AIC,IDCR,0xfffff124,0x10,0x11f3c
0.988798,AIC,IECR,0xfffff120,0x0,0x11f6c
0.988799,AIC,IDCR,0xfffff124,0x10,0x11f3c
0.988802,AIC,IECR,0xfffff120,0x0,0x11f6c
0.988803,AIC,IDCR,0xfffff124,0x10,0x11f3c
0.988806,AIC,IECR,0xfffff120,0x0,0x11f6c
0.988807,AIC,IDCR,0xfffff124,0x10,0x11f3c
0.988810,AIC,IECR,0xfffff120,0x0,0x11f6c
0.988811,AIC,IDCR,0xfffff124,0x10,0x11f3c
0.988814,AIC,IECR,0xfffff120,0x0,0x11f6c
0.988815,AIC,IDCR,0xfffff124,0x10,0x11f3c
0.988818,AIC,IECR,0xfffff120,0x0,0x11f6c
0.988819,AIC,IDCR,0xfffff124,0x10,0x11f3c
0.988822,AIC,IECR,0xfffff120,0x0,0x11f6c
0.988823,AIC,IDCR,0xfffff124,0x10,0x11f3c
0.988826,AIC,IECR,0xfffff120,0x0,0x11f6c
0.988827,AIC,IDCR,0xfffff124,0x10,0x11f3c
0.988830,AIC,IECR,0xfffff120,0x0,0x11f6c
0.988831,AIC,IDCR,0xfffff124,0x10,0x11f3c
0.988834,AIC,IECR,0xfffff120,0x0,0x11f6c
0.988835,AIC,IDCR,0xfffff124,0x10,0x11f3c
0.988838,AIC,IECR,0xfffff120,0x0,0x11f6c
0.988839,AIC,IDCR,0xfffff124,0x10,0x11f3c
0.988842,AIC,IECR,0xfffff120,0x0,0x11f6c
0.988843,AIC,IDCR,0xfffff124,0x10,0x11f3c
0.988846,AIC,IECR,0xfffff120,0x0,0x11f6c
0.988847,AIC,IDCR,0xfffff124,0x10,0x11f3c
0.988850,AIC,IECR,0xfffff120,0x0,0x11f6c
0.988851,AIC,IDCR,0xfffff124,0x10,0x11f3c
0.988854,AIC,IECR,0xfffff120,0x0,0x11f6c
0.988855,AIC,IDCR,0xfffff124,0x10,0x11f3c
0.988858,AIC,IECR,0xfffff120,0x0,0x11f6c
0.988859,AIC,IDCR,0xfffff124,0x10,0x11f3c
0.988862,AIC,IECR,0xfffff120,0x0,0x11f6c
0.988863,AIC,IDCR,0xfffff124,0x10,0x11f3c
0.988865,AIC,IECR,0xfffff120,0x0,0x11f6c
0.988867,AIC,IDCR,0xfffff124,0x10,0x11f3c
0.988869,AIC,IECR,0xfffff120,0x0,0x11f6c
0.988871,AIC,IDCR,0xfffff124,0x10,0x11f3c
0.988873,AIC,IECR,0xfffff120,0x0,0x11f6c
0.988875,AIC,IDCR,0xfffff124,0x10,0x11f3c
0.988877,AIC,IECR,0xfffff120,0x0,0x11f6c
0.988879,AIC,IDCR,0xfffff124,0x10,0x11f3c
0.988881,AIC,IECR,0xfffff120,0x0,0x11f6c
0.988882,AIC,IDCR,0xfffff124,0x10,0x11f3c
0.988885,AIC,IECR,0xfffff120,0x0,0x11f6c
0.988886,AIC,IDCR,0xfffff124,0x10,0x11f3c
0.988889,AIC,IECR,0xfffff120,0x0,0x11f6c
0.988890,AIC,IDCR,0xfffff124,0x10,0x11f3c
0.988893,AIC,IECR,0xfffff120,0x0,0x11f6c
0.988894,AIC,IDCR,0xfffff124,0x10,0x11f3c
0.988897,AIC,IECR,0xfffff120,0x0,0x11f6c
0.988898,AIC,IDCR,0xfffff124,0x10,0x11f3c
0.988901,AIC,IECR,0xfffff120,0x0,0x11f6c
0.988902,AIC,IDCR,0xfffff124,0x10,0x11f3c
0.988905,AIC,IECR,0xfffff120,0x0,0x11f6c
0.988906,AIC,IDCR,0xfffff124,0x10,0x11f3c
0.988909,AIC,IECR,0xfffff120,0x0,0x11f6c
0.988910,AIC,IDCR,0xfffff124,0x10,0x11f3c
0.988913,AIC,IECR,0xfffff120,0x0,0x11f6c
0.988915,AIC,IDCR,0xfffff124,0x10,0x11f3c
0.988918,AIC,IECR,0xfffff120,0x0,0x11f6c
0.988919,AIC,IDCR,0xfffff124,0x10,0x11f3c
0.988922,AIC,IECR,0xfffff120,0x0,0x11f6c
0.988923,AIC,IDCR,0xfffff124,0x10,0x11f3c
0.988926,AIC,IECR,0xfffff120,0x0,0x11f6c
0.988927,AIC,IDCR,0xfffff124,0x10,0x11f3c
0.988931,AIC,IECR,0xfffff120,0x0,0x11f6c
0.988932,AIC,IDCR,0xfffff124,0x10,0x11f3c
0.988935,AIC,IECR,0xfffff120,0x0,0x11f6c
0.988936,AIC,IDCR,0xfffff124,0x10,0x11f3c
0.988939,AIC,IECR,0xfffff120,0x0,0x11f6c
0.988940,AIC,IDCR,0xfffff124,0x10,0x11f3c
0.988944,AIC,IECR,0xfffff120,0x0,0x11f6c
0.988945,AIC,IDCR,0xfffff124,0x10,0x11f3c
0.988948,AIC,IECR,0xfffff120,0x0,0x11f6c
0.988949,AIC,IDCR,0xfffff124,0x10,0x11f3c
0.988952,AIC,IECR,0xfffff120,0x0,0x11f6c
0.988953,AIC,IDCR,0xfffff124,0x10,0x11f3c
0.988957,AIC,IECR,0xfffff120,0x0,0x11f6c
0.988958,AIC,IDCR,0xfffff124,0x10,0x11f3c
0.988961,AIC,IECR,0xfffff120,0x0,0x11f6c
0.988962,AIC,IDCR,0xfffff124,0x10,0x11f3c
0.988965,AIC,IECR,0xfffff120,0x0,0x11f6c
0.988966,AIC,IDCR,0xfffff124,0x10,0x11f3c
0.988970,AIC,IECR,0xfffff120,0x0,0x11f6c
0.988971,AIC,IDCR,0xfffff124,0x10,0x11f3c
0.988974,AIC,IECR,0xfffff120,0x0,0x11f6c
0.988975,AIC,IDCR,0xfffff124,0x10,0x11f3c
0.988978,AIC,IECR,0xfffff120,0x0,0x11f6c
0.988979,AIC,IDCR,0xfffff124,0x10,0x11f3c
0.988983,AIC,IECR,0xfffff120,0x0,0x11f6c
0.988984,AIC,IDCR,0xfffff124,0x10,0x11f3c
0.988987,AIC,IECR,0xfffff120,0x0,0x11f6c
0.988988,AIC,IDCR,0xfffff124,0x10,0x11f3c
0.988991,AIC,IECR,0xfffff120,0x0,0x11f6c
0.988992,AIC,IDCR,0xfffff124,0x10,0x11f3c
0.988996,AIC,IECR,0xfffff120,0x0,0x11f6c
0.988997,AIC,IDCR,0xfffff124,0x10,0x11f3c
0.989000,AIC,IECR,0xfffff120,0x0,0x11f6c
0.989001,AIC,IDCR,0xfffff124,0x10,0x11f3c
0.989004,AIC,IECR,0xfffff120,0x0,0x11f6c
0.989005,AIC,IDCR,0xfffff124,0x10,0x11f3c
0.989009,AIC,IECR,0xfffff120,0x0,0x11f6c
0.989010,AIC,IDCR,0xfffff124,0x10,0x11f3c
0.989013,AIC,IECR,0xfffff120,0x0,0x11f6c
0.989014,AIC,IDCR,0xfffff124,0x10,0x11f3c
0.989017,AIC,IECR,0xfffff120,0x0,0x11f6c
0.989018,AIC,IDCR,0xfffff124,0x10,0x11f3c
0.989022,AIC,IECR,0xfffff120,0x0,0x11f6c
0.989045,AIC,IDCR,0xfffff124,0x10,0x11f3c
0.989048,AIC,IECR,0xfffff120,0x0,0x11f6c
0.989050,AIC,IDCR,0xfffff124,0x10,0x11f3c
0.989053,AIC,IECR,0xfffff120,0x0,0x11f6c
0.989054,AIC,IDCR,0xfffff124,0x10,0x11f3c
0.989057,AIC,IECR,0xfffff120,0x0,0x11f6c
0.989058,AIC,IDCR,0xfffff124,0x10,0x11f3c
0.989061,AIC,IECR,0xfffff120,0x0,0x11f6c
0.989062,AIC,IDCR,0xfffff124,0x10,0x11f3c
0.989066,AIC,IECR,0xfffff120,0x0,0x11f6c
0.989067,AIC,IDCR,0xfffff124,0x10,0x11f3c
0.989070,AIC,IECR,0xfffff120,0x0,0x11f6c
0.989071,AIC,IDCR,0xfffff124,0x10,0x11f3c
0.989074,AIC,IECR,0xfffff120,0x0,0x11f6c
0.989075,AIC,IECR,0xfffff120,0x0,0x11f6c
0.989083,AIC,IDCR,0xfffff124,0x10,0x11f3c
0.989092,AIC,IECR,0xfffff120,0x0,0x11f6c
0.989094,AIC,IDCR,0xfffff124,0x10,0x11f3c
0.989094,AIC,IECR,0xfffff120,0x0,0x11f6c
0.989096,AIC,IDCR,0xfffff124,0x10,0x11f3c
0.989097,AIC,IECR,0xfffff120,0x0,0x11f6c
0.989107,AIC,IDCR,0xfffff124,0x10,0x11f3c
0.989108,AIC,IECR,0xfffff120,0x0,0x11f6c
0.991168,AIC,IECR,0xfffff120,0x1,0x2b5c0
0.991168,AIC,IECR,0xfffff120,0x10,0x11f58
0.991335,AIC,IDCR,0xfffff124,0x10,0x11f3c
0.991336,AIC,IDCR,0xfffff124,0x10,0x11f3c
0.991337,AIC,IECR,0xfffff120,0x0,0x11f6c
0.991556,AIC,IECR,0xfffff120,0x10,0x11f6c
0.991713,AIC,IDCR,0xfffff124,0x10,0x11f3c
0.991716,AIC,IDCR,0xfffff124,0x10,0x11f3c
0.991716,AIC,IECR,0xfffff120,0x0,0x11f6c
0.991717,AIC,IECR,0xfffff120,0x10,0x11f6c
1.377572,US1,IER,0xfffcc008,0x3,0x1619c
1.385860,US1,IDR,0xfffcc00c,0x2,0x162dc
1.393785,US1,IER,0xfffcc008,0x3,0x1619c
1.395845,US1,IDR,0xfffcc00c,0x2,0x162dc
1.410080,US1,IER,0xfffcc008,0x3,0x1619c
1.419141,US1,IDR,0xfffcc00c,0x2,0x162dc
1.426366,US1,IER,0xfffcc008,0x3,0x1619c
1.434948,US1,IDR,0xfffcc00c,0x2,0x162dc
1.442079,US1,IER,0xfffcc008,0x3,0x1619c
1.450756,US1,IDR,0xfffcc00c,0x2,0x162dc
1.458120,US1,IER,0xfffcc008,0x3,0x1619c
1.475716,US1,IDR,0xfffcc00c,0x2,0x162dc
1.476499,US1,IER,0xfffcc008,0x3,0x1619c
1.476911,US1,IDR,0xfffcc00c,0x2,0x162dc
1.490387,US1,IER,0xfffcc008,0x3,0x1619c
1.535621,US1,IDR,0xfffcc00c,0x2,0x162dc
1.536724,US1,IER,0xfffcc008,0x3,0x1619c
1.557252,US1,IDR,0xfffcc00c,0x2,0x162dc
1.558230,US1,IER,0xfffcc008,0x3,0x1619c
1.600516,US1,IDR,0xfffcc00c,0x2,0x162dc
1.601428,US1,IER,0xfffcc008,0x3,0x1619c
1.613828,US1,IDR,0xfffcc00c,0x2,0x162dc
1.614590,US1,IER,0xfffcc008,0x3,0x1619c
1.614960,US1,IDR,0xfffcc00c,0x2,0x162dc
1.618489,US1,IER,0xfffcc008,0x3,0x1619c
1.618879,US1,IDR,0xfffcc00c,0x2,0x162dc
1.635088,US1,IER,0xfffcc008,0x3,0x1619c
1.637124,US1,IDR,0xfffcc00c,0x2,0x162dc
