call_site,kind,caller_fn,caller_name,api,api_addr,coil,group,group_coils,group_source,leff_ids,ms,pattern,pattern_bits,on_ms,off_ms,strength,min_setting,start_fn,end_fn,sync,waits,unresolved_args,decompile,tag
0xa9c,bl,0xa78,FUN_00000a78,coil_drive_pulse,0x2bc8,,,,,,64,,,,,,,,0xab0,1,0,coil arg,"FUN_00002bc8(*param_1,0x40,0,0xab0,param_1,1);",code
0x2b88,bl,0x2b60,FUN_00002b60,coil_queue_pulse,0x2ac0,,,,,,,,,,,,,,,,0,coil ms start_fn end_fn arg sync,"FUN_00002ac0(param_1,param_2,param_3,param_4,param_5,param_6);",code
0x2cd8,bl,0x2cb0,FUN_00002cb0,coil_drive_pulse,0x2bc8,,,,,,,,,,,,,,,,0,coil ms start_fn end_fn arg sync,"FUN_00002bc8(param_1,param_2,param_3,param_4,param_5,param_6);",code
0x2e1c,bl,0x2de0,FUN_00002de0,coil_drive_pattern,0x2d18,,,,,,,,,,,,,,,,0,coil ms pattern bits start_fn end_fn arg sync,"FUN_00002d18(param_1,param_2,param_3,param_4,param_5,param_6,param_7,param_8);",code
0x2f7c,bl,0x2f34,FUN_00002f34,coil_drive_onoff,0x2e5c,,,,,,,,,,,,,,,,0,coil ms on_ms off_ms start_fn end_fn arg sync,"FUN_00002e5c(param_1,param_2,param_3,param_4,param_5,param_6,param_7,param_8);",code
0x312c,bl,0x30a8,FUN_000030a8,coil_drive_pulse_wait,0x2cb0,,,,,,,,,,,,,,,1,1,coil ms start_fn end_fn arg,"FUN_00002cb0(param_1,*(short *)((int)puVar1 + 0x12),0,0,0,1);",code
0x3630,bl,0x3560,FUN_00003560,coil_drive_pulse_wait,0x2cb0,,,,,,,,,,,,,,,1,1,coil ms start_fn end_fn arg,"FUN_00002cb0(*(undefined1 *)(iVar1 + 0x23),*(short *)((int)pvVar3 + 0x12),0,0,0,1);",code
0x3b50,bl,0x3a8c,FUN_00003a8c,coil_drive_pulse_wait,0x2cb0,,,,,,,,,,,,,,,1,1,coil ms start_fn end_fn arg,"FUN_00002cb0(*(undefined1 *)(iVar3 + 0x1b),*(short *)((int)pvVar2 + 0x12),0,0,0,1);",code
0x4050,bl,0x3f88,FUN_00003f88,coil_drive_pulse_wait,0x2cb0,,,,,,,,,,,,,,,1,1,coil ms start_fn end_fn arg,"FUN_00002cb0(*(undefined1 *)(iVar3 + 0x17),*(short *)((int)pvVar2 + 0x12),0,0,0,1);",code
0x4494,bl,0x442c,FUN_0000442c,coil_drive_pulse,0x2bc8,,,,,,,,,,,,,,,1,0,coil ms,"FUN_00002bc8(uVar2 & 0xff,uVar3 & 0xffff,0,0,0,1);",code
0x4570,bl,0x442c,FUN_0000442c,coil_drive_pattern,0x2d18,,,,,,,,,,,,,0x1,0x1,1,0,coil ms pattern bits,"FUN_00002d18(uVar3 & 0xff,uVar4 & 0xffff,uVar2,uVar5 & 0xff,0,0,0,1);",code
0x45f8,bl,0x442c,FUN_0000442c,coil_drive_onoff,0x2e5c,,,,,,,,,,,,,,,1,0,coil ms on_ms off_ms start_fn end_fn arg,"FUN_00002e5c(uVar2 & 0xff,uVar3 & 0xffff,uVar4 & 0xffff,uVar5 & 0xffff,0,0,0,1);",code
0x4630,bl,0x442c,FUN_0000442c,coil_off,0x2fbc,,,,,,,,,,,,,,,,0,coil,FUN_00002fbc(uVar2 & 0xff);,code
0x467c,bl,0x442c,FUN_0000442c,coil_on,0x3034,,,,,,,,,,,,,,,,0,coil,FUN_00003034(uVar2 & 0xff);,code
0x6958,bl,0x6870,FUN_00006870,coil_pulse_stop,0x6a20,,,,,,,,,,,,,,,,0,coil,FUN_00006a20(*(undefined1 *)(puVar9 + 1));,code
0x69b0,bl,0x6970,coil_pulse,coil_drive_pulse,0x2bc8,,,,,,,,,,,,,,,0,0,coil ms,"FUN_00002bc8(coil,time,0,0,0,0);",code
0x6a10,bl,0x69c0,coil_pulse_fn,coil_drive_pattern,0x2d18,,,,,,,,32,,,,,,,0,0,coil ms pattern,"FUN_00002d18(coil,time,p3,0x20,0,0,0,0);",code
0x6a4c,bl,0x6a20,FUN_00006a20,coil_off,0x2fbc,,,,,,,,,,,,,,,,0,coil,FUN_00002fbc(param_1);,code
0x6b78,bl,0x6b34,FUN_00006b34,coil_pulse,0x6970,,,,,,,,,,,,,,,0,0,coil ms,"coil_pulse(*pbVar3,param_2);",code
0x6bf0,bl,0x6b94,FUN_00006b94,coil_pulse_fn,0x69c0,,,,,,,,,,,,,,,0,0,coil ms pattern,"coil_pulse_fn(*pbVar3,param_2,param_3);",code
0x6c50,bl,0x6c14,FUN_00006c14,coil_pulse_stop,0x6a20,,,,,,,,,,,,,,,,0,coil,FUN_00006a20(*pcVar3);,code
0x72b4,bl,0x71f4,FUN_000071f4,coil_drive_pulse_wait,0x2cb0,,,,,,,,,,,,,,,1,1,coil ms start_fn end_fn arg,"FUN_00002cb0(*(undefined1 *)(iVar2 + 0x2a),*(short *)((int)pvVar1 + 0x12),0,0,0,1);",code
0x8a18,bl,0x898c,FUN_0000898c,coilgroup_stop,0x6c0c,,,,,,,,,,,,,,,,0,group,FUN_00006c0c(*(short *)(&DAT_040e23ec + uVar5 * 0xc));,code
0xa8e4,bl,0xa844,FUN_0000a844,coil_drive_pulse,0x2bc8,,,,,,,,,,,,,,,,0,coil ms start_fn end_fn arg sync,"FUN_00002bc8((&UNK_040e2142)[iVar4],*(undefined2 *)(&UNK_040e213e + iVar4),0,0,0,1
                              );",code
0x105a0,bl,0x104a0,FUN_000104a0,coil_off,0x2fbc,,,,,,,,,,,,,,,,0,coil,FUN_00002fbc((&DAT_040f4558)[iVar1]);,code
0x105a8,bl,0x104a0,FUN_000104a0,coil_off,0x2fbc,,,,,,,,,,,,,,,,0,coil,FUN_00002fbc((&DAT_040f4559)[iVar1]);,code
0x1b4a8,bl,0x1b418,FUN_0001b418,coil_drive_pulse,0x2bc8,,,,,,64,,,,,,,,,1,0,coil start_fn end_fn arg,"FUN_00002bc8(DAT_00036f60,0x40,0,0,0,1);",code
0x23b98,bl,0x23a84,FUN_00023a84,coil_off,0x2fbc,,,,,,,,,,,,,,,,0,coil,,code
0x23ba0,bl,0x23a84,FUN_00023a84,coil_off,0x2fbc,,,,,,,,,,,,,,,,0,coil,,code
0x23bc0,bl,0x23a84,FUN_00023a84,coil_drive_pulse,0x2bc8,,,,,,1024,,,,,,,,,1,0,coil start_fn end_fn arg,,code
0x23c54,bl,0x23a84,FUN_00023a84,coil_drive_pulse,0x2bc8,,,,,,360,,,,,,,,,1,0,coil start_fn end_fn arg,,code
0x23d1c,bl,0x23c6c,FUN_00023c6c,coil_drive_pulse_wait,0x2cb0,,,,,,360,,,,,,,,,1,1,coil,"FUN_00002cb0(*(undefined1 *)(puVar2 + 2),0x168,0,0,0,1);",code
0x23d68,bl,0x23c6c,FUN_00023c6c,coil_drive_pulse_wait,0x2cb0,,,,,,360,,,,,,,,,1,1,coil,"FUN_00002cb0(*(undefined1 *)((int)puVar2 + 10),0x168,0,0,0,1);",code
0x23db4,bl,0x23c6c,FUN_00023c6c,coil_drive_pulse_wait,0x2cb0,,,,,,1024,,,,,,,,,1,1,coil,"FUN_00002cb0(*(undefined1 *)((int)puVar2 + 9),0x400,0,0,0,1);",code
0x1001960,bl,0x100195c,FUN_0100195c,coil_pulse,0x6970,,,,,,,,,,,,,,,0,0,coil ms,"coil_pulse(param_1,param_2);",code
0x100196c,bl,0x100195c,FUN_0100195c,coil_pulse,0x6970,25,,,,,48,,,,,,,,,0,0,,"coil_pulse(0x19,0x30);",code
0x1001980,bl,0x100195c,FUN_0100195c,coil_pulse,0x6970,28,,,,,48,,,,,,,,,0,0,,"coil_pulse(0x1c,0x30);",code
0x100198c,bl,0x100195c,FUN_0100195c,coil_pulse,0x6970,19,,,,,48,,,,,,,,,0,0,,"coil_pulse(0x13,0x30);",code
0x1002320,bl,0x10022d8,deff_071_terminate_clu,shaker_run,0x10289b8,8,,,,,384,,,,,2,2,,,,0,,"shaker_run(2,2);",code
0x1002584,bl,0x1002574,FUN_01002574,coil_pulse,0x6970,28,,,,,48,,,,,,,,,0,0,,"coil_pulse(0x1c,0x30);",code
0x1002590,bl,0x1002574,FUN_01002574,coil_pulse,0x6970,25,,,,,48,,,,,,,,,0,0,,"coil_pulse(0x19,0x30);",code
0x10025a4,bl,0x1002574,FUN_01002574,coil_pulse,0x6970,28,,,,,48,,,,,,,,,0,0,,"coil_pulse(0x1c,0x30);",code
0x10025b0,bl,0x1002574,FUN_01002574,coil_pulse,0x6970,19,,,,,48,,,,,,,,,0,0,,"coil_pulse(0x13,0x30);",code
0x1002ab0,bl,0x1002a74,deff_073_clu_award,shaker_run,0x10289b8,8,,,,,384,,,,,2,2,,,,0,,"shaker_run(2,2);",code
0x1003c60,bl,0x1003c30,deff138_way_combo,shaker_run,0x10289b8,8,,,,,384,,,,,2,3,,,,0,,"shaker_run(2,3);",code
0x1003e80,bl,0x1003e40,leff_161,coilgroup_pulse_fn,0x6b94,,9,17 18,leff table +8 (leff_current_info 0x8d90): leff 161 -> group 9,161,200,,,,,,,,,0,0,pattern,"FUN_00006b94(uVar3,200,*puVar1);",code
0x1003ef4,bl,0x1003eb0,deff139_eol_jackpot,shaker_run,0x10289b8,8,,,,,384,,,,,2,3,,,,0,,"shaker_run(2,3);",code
0x1005200,bl,0x10051c4,leff_057_eol_lit_flashers,coil_pulse_fn,0x69c0,17,,,,57,200,,,,,,,,,0,0,pattern,"coil_pulse_fn(0x11,200,*piVar1);",code
0x1005214,bl,0x10051c4,leff_057_eol_lit_flashers,coil_pulse_fn,0x69c0,18,,,,57,200,,,,,,,,,0,0,pattern,"coil_pulse_fn(0x12,200,*piVar1);",code
0x1005690,bl,0x1005658,leff_060_eol_disc_flashers,coil_pulse,0x6970,31,,,,60,32,,,,,,,,,0,0,,"coil_pulse(0x1f,0x20);",code
0x10056a0,bl,0x1005658,leff_060_eol_disc_flashers,coil_pulse,0x6970,32,,,,60,32,,,,,,,,,0,0,,"coil_pulse(0x20,0x20);",code
0x1005828,bl,0x10057e0,deff_058_eol_jackpot,shaker_run,0x10289b8,8,,,,,384,,,,,2,2,,,,0,,"shaker_run(2,2);",code
0x1005a90,bl,0x1005a48,deff_059_eol_double_jackpot,shaker_run,0x10289b8,8,,,,,384,,,,,2,2,,,,0,,"shaker_run(2,2);",code
0x1005d90,bl,0x1005d44,deff_060_eol_disc_add_a_ball,shaker_run,0x10289b8,8,,,,,384,,,,,2,2,,,,0,,"shaker_run(2,2);",code
0x10064e8,bl,0x10064c4,task_a8_disc_motor_run,coil_on,0x3034,30,,,,,,,,,,,,,,,0,,FUN_00003034(0x1e);,code
0x1006518,bl,0x10064c4,task_a8_disc_motor_run,coil_drive_pulse_wait,0x2cb0,5,,,,,,,,,,,,,,,1,ms start_fn end_fn arg sync,"FUN_00002cb0(5,(uint)bVar1 * 0x3e80000 >> 0x10,0,0,0,0);",code
0x1006528,bl,0x10064c4,task_a8_disc_motor_run,coil_on,0x3034,5,,,,,,,,,,,,,,,0,,FUN_00003034(5);,code
0x1006558,bl,0x1006534,FUN_01006534,coil_off,0x2fbc,22,,,,,,,,,,,,,,,0,,FUN_00002fbc(0x16);,code
0x1006564,bl,0x1006534,FUN_01006534,coil_on,0x3034,22,,,,,,,,,,,,,,,0,,FUN_00003034(0x16);,code
0x10065d0,bl,0x10065ac,disc_motor_stop,coil_off,0x2fbc,5,,,,,,,,,,,,,,,0,,,code
0x10065d8,bl,0x10065ac,disc_motor_stop,coil_off,0x2fbc,30,,,,,,,,,,,,,,,0,,,code
0x10065e4,b (tail call),0x10065ac,disc_motor_stop,coil_off,0x2fbc,22,,,,,,,,,,,,,,,0,,,code
0x1006670,bl,0x1006660,leff_076,coil_pulse,0x6970,,,,,76,64,,,,,,,,,0,0,coil,"coil_pulse(coil,0x40);",code
0x1007958,bl,0x100791c,leff_043,coil_pulse_fn,0x69c0,26,,,,43,100,,,,,,,,,0,0,pattern,"coil_pulse_fn(0x1a,100,p3);",code
0x1007968,bl,0x100791c,leff_043,coil_pulse_fn,0x69c0,27,,,,43,100,,,,,,,,,0,0,pattern,"coil_pulse_fn(0x1b,100,p3);",code
0x1007a7c,bl,0x1007a44,deff_046_disc,shaker_run,0x10289b8,8,,,,,384,,,,,2,2,,,,0,,"shaker_run(2,2);",code
0x1007cc0,bl,0x1007ca4,FUN_01007ca4,coil_pulse_fn,0x69c0,26,,,,,250,,,,,,,,,0,0,pattern,"coil_pulse_fn(0x1a,0xfa,*(int *)(&DAT_040d27c0 + *param_1 * 4));",code
0x1007cd4,bl,0x1007ca4,FUN_01007ca4,coil_pulse_fn,0x69c0,27,,,,,250,,,,,,,,,0,0,pattern,"coil_pulse_fn(0x1b,0xfa,*(int *)(&DAT_040d27c0 + *param_1 * 4));",code
0x1007d14,bl,0x1007cf8,FUN_01007cf8,coil_pulse_fn,0x69c0,31,,,,,250,,,,,,,,,0,0,pattern,"coil_pulse_fn(0x1f,0xfa,*(int *)(&DAT_040d27c0 + *param_1 * 4));",code
0x1007d28,bl,0x1007cf8,FUN_01007cf8,coil_pulse_fn,0x69c0,31,,,,,250,,,,,,,,,0,0,pattern,"coil_pulse_fn(0x1f,0xfa,*(int *)(&DAT_040d27c0 + *param_1 * 4));",code
0x1007d78,bl,0x1007d4c,FUN_01007d4c,coil_pulse,0x6970,19,,,,,48,,,,,,,,,0,0,,"coil_pulse(0x13,0x30);",code
0x1007d9c,bl,0x1007d4c,FUN_01007d4c,coil_pulse,0x6970,28,,,,,48,,,,,,,,,0,0,,"coil_pulse(0x1c,0x30);",code
0x1007dc0,bl,0x1007d4c,FUN_01007d4c,coil_pulse,0x6970,25,,,,,48,,,,,,,,,0,0,,"coil_pulse(0x19,0x30);",code
0x100841c,bl,0x10083ec,leff_046,coilgroup_pulse,0x6b24,,22,26 27,leff table +8 (leff_current_info 0x8d90): leff 46 -> group 22,46,32,,,,,,,,,0,0,,"coilgroup_pulse(group,0x20);",code
0x100896c,bl,0x1008920,deff_048_disc_multiball,shaker_run,0x10289b8,8,,,,,384,,,,,2,2,,,,0,,"shaker_run(2,2);",code
0x1008b34,bl,0x1008afc,FUN_01008afc,coil_pulse,0x6970,,,,,,48,,,,,,,,,0,0,coil,,code
0x1008c60,bl,0x1008c1c,deff_049_disc_multiball,shaker_run,0x10289b8,8,,,,,384,,,,,2,2,,,,0,,"shaker_run(2,2);",code
0x1008e30,bl,0x1008df8,FUN_01008df8,coil_pulse,0x6970,,,,,,48,,,,,,,,,0,0,coil,,code
0x1008f6c,bl,0x1008f18,deff_050_super_jackpot,shaker_run,0x10289b8,8,,,,,1024,,,,,3,1,,,,0,,"shaker_run(3,1);",code
0x10090c0,bl,0x1009088,FUN_01009088,coil_pulse,0x6970,,,,,,48,,,,,,,,,0,0,coil,,code
0x1009350,bl,0x1009340,leff_051,coil_pulse,0x6970,26,,,,51,32,,,,,,,,,0,0,,,code
0x100935c,bl,0x1009340,leff_051,coil_pulse,0x6970,27,,,,51,32,,,,,,,,,0,0,,,code
0x10098b0,bl,0x1009880,leff_054,coilgroup_pulse,0x6b24,,23,26 27,leff table +8 (leff_current_info 0x8d90): leff 54 -> group 23,54,32,,,,,,,,,0,0,,"coilgroup_pulse(group,0x20);",code
0x10099bc,bl,0x1009978,deff_054_disc,shaker_run,0x10289b8,8,,,,,384,,,,,2,2,,,,0,,"shaker_run(2,2);",code
0x100a968,b (tail call),0x100a900,FUN_0100a900,coil_off,0x2fbc,,,,,,,,,,,,,,,,0,coil,,code
0x100aa6c,bl,0x100aa48,FUN_0100aa48,coil_drive_pulse,0x2bc8,,,,,,128,,,,,,,,0x100aa80,1,0,coil arg,"FUN_00002bc8(*param_1,0x80,0,&LAB_0100aa80,param_1,1);",code
0x100b170,bl,0x100b148,FUN_0100b148,shaker_run,0x10289b8,8,,,,,200,,,,,1,3,,,,0,,"shaker_run(1,3);",code
0x100be98,bl,0x100be74,FUN_0100be74,coil_drive_pulse,0x2bc8,,,,,,64,,,,,,,,,1,0,coil,"FUN_00002bc8(*param_1,0x40,0,0,0,1);",code
0x100c784,bl,0x100c748,leff_132,coil_pulse_fn,0x69c0,20,,,,132,100,,,,,,,,,0,0,pattern,"coil_pulse_fn(0x14,100,p3);",code
0x100c794,bl,0x100c748,leff_132,coil_pulse_fn,0x69c0,21,,,,132,100,,,,,,,,,0,0,pattern,"coil_pulse_fn(0x15,100,p3);",code
0x100cb60,bl,0x100cb50,FUN_0100cb50,shaker_run,0x10289b8,8,,,,,384,,,,,2,2,,,,0,,"shaker_run(2,2);",code
0x100cd78,bl,0x100cd68,FUN_0100cd68,shaker_run,0x10289b8,8,,,,,384,,,,,2,2,,,,0,,"shaker_run(2,2);",code
0x100cfa4,bl,0x100cf94,FUN_0100cf94,shaker_run,0x10289b8,8,,,,,384,,,,,2,2,,,,0,,"shaker_run(2,2);",code
0x100d8dc,bl,0x100d890,deff_136_shoot_roving_arrow,shaker_run,0x10289b8,8,,,,,384,,,,,2,3,,,,0,,"shaker_run(2,3);",code
0x100db38,bl,0x100daec,deff_137_flynn_found,shaker_run,0x10289b8,8,,,,,384,,,,,2,3,,,,0,,"shaker_run(2,3);",code
0x1012b20,bl,0x1012aec,FUN_01012aec,coil_pulse,0x6970,,,,,,64,,,,,,,,,0,0,coil,"coil_pulse(coil,0x40);",code
0x1014410,bl,0x10143b8,FUN_010143b8,shaker_run,0x10289b8,8,,,,,384,,,,,2,2,,,,0,,"shaker_run(2,2);",code
0x10147b4,bl,0x101476c,deff_078_gem_award,shaker_run,0x10289b8,8,,,,,384,,,,,2,2,,,,0,,"shaker_run(2,2);",code
0x10149cc,bl,0x1014924,leff_084,coil_pulse,0x6970,19,,,,84,18,,,,,,,,,0,0,,"coil_pulse(0x13,0x12);",code
0x1015bd8,bl,0x1015ba0,FUN_01015ba0,coil_drive_pulse_wait,0x2cb0,,,,,,32,,,,,,,,,1,1,coil,"FUN_00002cb0(uVar1,0x20,0,0,0,1);",code
0x1015c68,bl,0x1015c28,FUN_01015c28,coil_pulse_fn,0x69c0,,,,,,1000,,,,,,,,,0,0,coil pattern,"coil_pulse_fn(param_4,1000,*(int *)(&DAT_00036ff0 + (uint)*pbVar1 * 4));",code
0x1015ccc,bl,0x1015c84,FUN_01015c84,coilgroup_pulse_fn,0x6b94,,,,,,1000,,,,,,,,,0,0,group pattern,"FUN_00006b94(param_1,1000,*(undefined4 *)(&DAT_00036ff0 + (uint)*pbVar1 * 4));",code
0x1015eb4,bl,0x1015e60,FUN_01015e60,coil_pulse,0x6970,,,,,,64,,,,,,,,,0,0,coil,"coil_pulse(coil,0x40);",code
0x10194b8,bl,0x10194a4,FUN_010194a4,coil_pulse,0x6970,19,,,,,48,,,,,,,,,0,0,,"coil_pulse(0x13,0x30);",code
0x10194d8,bl,0x10194a4,FUN_010194a4,coil_pulse,0x6970,25,,,,,48,,,,,,,,,0,0,,"coil_pulse(0x19,0x30);",code
0x1019544,bl,0x10194fc,FUN_010194fc,coil_pulse_fn,0x69c0,28,,,,,750,,,,,,,,,0,0,pattern,"coil_pulse_fn(0x1c,0x2ee,*piVar1);",code
0x1019564,bl,0x10194fc,FUN_010194fc,coil_pulse,0x6970,28,,,,,64,,,,,,,,,0,0,,"coil_pulse(0x1c,0x40);",code
0x1019eac,bl,0x1019e74,deff_087_jackpot,shaker_run,0x10289b8,8,,,,,384,,,,,2,2,,,,0,,"shaker_run(2,2);",code
0x101a078,bl,0x101a05c,leff_095,coil_pulse_fn,0x69c0,19,,,,95,50,,,,,,,,,0,0,pattern,"coil_pulse_fn(0x13,0x32,*piVar1);",code
0x101a0a0,bl,0x101a05c,leff_095,coil_pulse_fn,0x69c0,25,,,,95,50,,,,,,,,,0,0,pattern,"coil_pulse_fn(0x19,0x32,*piVar1);",code
0x101a0c8,bl,0x101a05c,leff_095,coil_pulse_fn,0x69c0,28,,,,95,50,,,,,,,,,0,0,pattern,"coil_pulse_fn(0x1c,0x32,*piVar1);",code
0x101a0f0,bl,0x101a05c,leff_095,coil_pulse,0x6970,25,,,,95,48,,,,,,,,,0,0,,"coil_pulse(0x19,0x30);",code
0x101a110,bl,0x101a05c,leff_095,coil_pulse,0x6970,19,,,,95,48,,,,,,,,,0,0,,"coil_pulse(0x13,0x30);",code
0x101a28c,bl,0x101a248,deff_088_super_jackpot,shaker_run,0x10289b8,8,,,,,384,,,,,2,2,,,,0,,"shaker_run(2,2);",code
0x101a404,bl,0x101a3f4,leff_096,coil_pulse,0x6970,25,,,,96,48,,,,,,,,,0,0,,,code
0x101a418,bl,0x101a3f4,leff_096,coil_pulse,0x6970,19,,,,96,48,,,,,,,,,0,0,,,code
0x101a42c,bl,0x101a3f4,leff_096,coil_pulse,0x6970,28,,,,96,48,,,,,,,,,0,0,,,code
0x101a604,bl,0x101a5c0,deff_089_double,shaker_run,0x10289b8,8,,,,,384,,,,,2,2,,,,0,,"shaker_run(2,2);",code
0x101a7a0,bl,0x101a790,leff_097,coil_pulse,0x6970,25,,,,97,48,,,,,,,,,0,0,,,code
0x101a7b4,bl,0x101a790,leff_097,coil_pulse,0x6970,19,,,,97,48,,,,,,,,,0,0,,,code
0x101a7c8,bl,0x101a790,leff_097,coil_pulse,0x6970,28,,,,97,48,,,,,,,,,0,0,,,code
0x101bc58,bl,0x101bbc0,FUN_0101bbc0,coil_queue_pulse_wait,0x2b60,1,,,,,64,,,,,,,,,1,1,,"FUN_00002b60(1,0x40,0,0,0,1);",code
0x101bcd4,bl,0x101bc7c,FUN_0101bc7c,coil_queue_pulse_wait,0x2b60,2,,,,,64,,,,,,,0x101bc6c,,1,1,,"FUN_00002b60(2,0x40,&LAB_0101bc6c,0,uVar1,1);",code
0x101bf2c,bl,0x101bdd0,FUN_0101bdd0,coil_drive_onoff,0x2e5c,4,,,,,64,,,1,1,,,,,1,0,,"FUN_00002e5c(4,0x40,1,1,0,0,0,1);",code
0x101bf60,bl,0x101bf48,leff_035,coilgroup_pulse,0x6b24,18,5,18,leff table +8 (leff_current_info 0x8d90): leff 35 -> group 5,35,48,,,,,,,,,0,0,,"coilgroup_pulse(group,0x30);",code
0x101bf9c,bl,0x101bf78,leff_036,coilgroup_pulse_fn,0x6b94,18,5,18,leff table +8 (leff_current_info 0x8d90): leff 36 -> group 5,36,100,,,,,,,,,0,0,pattern,"FUN_00006b94(uVar2,100,*puVar1);",code
0x101cb50,b (tail call),0x101cb2c,FUN_0101cb2c,coil_pulse,0x6970,,,,,,32,,,,,,,,,0,0,coil,,code
0x101dc44,bl,0x101dc30,FUN_0101dc30,coil_pulse,0x6970,19,,,,,48,,,,,,,,,0,0,,"coil_pulse(0x13,0x30);",code
0x101dc50,bl,0x101dc30,FUN_0101dc30,coil_pulse,0x6970,21,,,,,48,,,,,,,,,0,0,,"coil_pulse(0x15,0x30);",code
0x101dc70,bl,0x101dc30,FUN_0101dc30,coil_pulse,0x6970,25,,,,,48,,,,,,,,,0,0,,"coil_pulse(0x19,0x30);",code
0x101dc7c,bl,0x101dc30,FUN_0101dc30,coil_pulse,0x6970,20,,,,,48,,,,,,,,,0,0,,"coil_pulse(0x14,0x30);",code
0x101dcc8,bl,0x101dca0,FUN_0101dca0,coil_pulse_fn,0x69c0,28,,,,,750,,,,,,,,,0,0,pattern,"coil_pulse_fn(0x1c,0x2ee,*piVar1);",code
0x101e35c,bl,0x101e320,deff_068_double,shaker_run,0x10289b8,8,,,,,384,,,,,2,2,,,,0,,"shaker_run(2,2);",code
0x101e690,bl,0x101e654,deff_069_double,shaker_run,0x10289b8,8,,,,,1024,,,,,3,1,,,,0,,"shaker_run(3,1);",code
0x101ec90,bl,0x101ec4c,deff_066_quorra_multiball,shaker_run,0x10289b8,8,,,,,200,,,,,1,3,,,,0,,"shaker_run(1,3);",code
0x101ed9c,bl,0x101ed8c,leff_070,coil_pulse,0x6970,29,,,,70,24,,,,,,,,,0,0,,"coil_pulse(0x1d,0x18);",code
0x101eef8,bl,0x101eeb0,deff_067_quorra_multiball,shaker_run,0x10289b8,8,,,,,384,,,,,2,2,,,,0,,"shaker_run(2,2);",code
0x1021180,bl,0x102114c,leff_101,coilgroup_pulse_fn,0x6b94,29,6,29,leff table +8 (leff_current_info 0x8d90): leff 101 -> group 6,101,100,,,,,,,,,0,0,pattern,"FUN_00006b94(uVar2,100,*puVar1);",code
0x10211b0,bl,0x10211a0,leff_104,coil_pulse,0x6970,29,,,,104,24,,,,,,,,,0,0,,"coil_pulse(0x1d,0x18);",code
0x10211c4,bl,0x10211a0,leff_104,coil_pulse,0x6970,26,,,,104,24,,,,,,,,,0,0,,"coil_pulse(0x1a,0x18);",code
0x10211d8,bl,0x10211a0,leff_104,coil_pulse,0x6970,27,,,,104,24,,,,,,,,,0,0,,"coil_pulse(0x1b,0x18);",code
0x1021250,bl,0x102120c,deff_109_disc,shaker_run,0x10289b8,8,,,,,384,,,,,2,2,,,,0,,"shaker_run(2,2);",code
0x1021548,bl,0x10214e4,leff_105,coil_pulse,0x6970,,,,,105,48,,,,,,,,,0,0,coil,"coil_pulse(coil,0x30);",code
0x1021730,bl,0x1021700,leff_107,coilgroup_pulse,0x6b24,,16,26 27,leff table +8 (leff_current_info 0x8d90): leff 107 -> group 16,107,32,,,,,,,,,0,0,,"coilgroup_pulse(group,0x20);",code
0x1021d60,bl,0x1021d48,FUN_01021d48,coil_pulse,0x6970,26,,,,,24,,,,,,,,,0,0,,"coil_pulse(0x1a,0x18);",code
0x1021d74,bl,0x1021d48,FUN_01021d48,coil_pulse,0x6970,27,,,,,24,,,,,,,,,0,0,,"coil_pulse(0x1b,0x18);",code
0x1026850,bl,0x1026814,leff_134,coil_pulse_fn,0x69c0,17,,,,134,200,,,,,,,,,0,0,pattern,"coil_pulse_fn(0x11,200,*piVar1);",code
0x1026864,bl,0x1026814,leff_134,coil_pulse_fn,0x69c0,18,,,,134,200,,,,,,,,,0,0,pattern,"coil_pulse_fn(0x12,200,*piVar1);",code
0x102690c,bl,0x10268c4,deff_113_sea_of,shaker_run,0x10289b8,8,,,,,1024,,,,,3,2,,,,0,,"shaker_run(3,2);",code
0x10270e0,bl,0x10270a4,deff_115,shaker_run,0x10289b8,8,,,,,1024,,,,,3,2,,,,0,,"shaker_run(3,2);",code
0x1027608,bl,0x10275d4,deff_116,shaker_run,0x10289b8,8,,,,,1024,,,,,3,2,,,,0,,"shaker_run(3,2);",code
0x1027730,bl,0x10276fc,deff_117,shaker_run,0x10289b8,8,,,,,1024,,,,,3,2,,,,0,,"shaker_run(3,2);",code
0x1027854,bl,0x1027820,deff_118,shaker_run,0x10289b8,8,,,,,1024,,,,,3,2,,,,0,,"shaker_run(3,2);",code
0x1027a98,bl,0x1027a64,deff_119,shaker_run,0x10289b8,8,,,,,1024,,,,,3,2,,,,0,,"shaker_run(3,2);",code
0x1027bbc,bl,0x1027b88,deff_120,shaker_run,0x10289b8,8,,,,,1024,,,,,3,2,,,,0,,"shaker_run(3,2);",code
0x1027ce0,bl,0x1027cac,deff_121,shaker_run,0x10289b8,8,,,,,1024,,,,,3,2,,,,0,,"shaker_run(3,2);",code
0x1027e04,bl,0x1027dd0,deff_122,shaker_run,0x10289b8,8,,,,,1024,,,,,3,2,,,,0,,"shaker_run(3,2);",code
0x1027f28,bl,0x1027ef4,deff_123,shaker_run,0x10289b8,8,,,,,1024,,,,,3,2,,,,0,,"shaker_run(3,2);",code
0x1028050,bl,0x102801c,deff_124,shaker_run,0x10289b8,8,,,,,1024,,,,,3,2,,,,0,,"shaker_run(3,2);",code
0x1028188,bl,0x1028140,deff_125_sea_of,shaker_run,0x10289b8,8,,,,,1024,,,,,3,2,,,,0,,"shaker_run(3,2);",code
0x1028418,bl,0x10283cc,deff_126_sea_of,shaker_run,0x10289b8,8,,,,,1024,,,,,3,2,,,,0,,"shaker_run(3,2);",code
0x102899c,bl,0x1028924,FUN_01028924,coil_drive_pulse,0x2bc8,8,,,,,,,,,,,,,,1,0,ms,"FUN_00002bc8(8,*(undefined2 *)(&DAT_040d3998 + param_1 * 4),0,0,0,1);",code
0x1029da8,bl,0x1029d94,leff_033,coilgroup_pulse,0x6b24,26,3,26,leff table +8 (leff_current_info 0x8d90): leff 33 -> group 3,33,32,,,,,,,,,0,0,,"coilgroup_pulse(group,0x20);",code
0x102a10c,bl,0x102a0f8,leff_034,coilgroup_pulse,0x6b24,19,4,19,leff table +8 (leff_current_info 0x8d90): leff 34 -> group 4,34,32,,,,,,,,,0,0,,"coilgroup_pulse(group,0x20);",code
0x102ac2c,bl,0x102ac1c,leff_075,coil_pulse,0x6970,26,,,,75,24,,,,,,,,,0,0,,"coil_pulse(0x1a,0x18);",code
0x102ac40,bl,0x102ac1c,leff_075,coil_pulse,0x6970,27,,,,75,24,,,,,,,,,0,0,,"coil_pulse(0x1b,0x18);",code
0x102faac,bl,0x102fa7c,leff_164_portal_lit_flasher,coilgroup_pulse,0x6b24,18,13,18,leff table +8 (leff_current_info 0x8d90): leff 164 -> group 13,164,32,,,,,,,,,0,0,,"coilgroup_pulse(group,0x20);",code
0x102fb34,bl,0x102faec,deff_140_portal_intro,shaker_run,0x10289b8,8,,,,,1024,,,,,3,1,,,,0,,"shaker_run(3,1);",code
0x102fe98,bl,0x102fe38,FUN_0102fe38,coil_pulse,0x6970,18,,,,,48,,,,,,,,,0,0,,,code
0x103044c,bl,0x103041c,leff_167_portal_super_flashers,coilgroup_pulse,0x6b24,,14,26 27,leff table +8 (leff_current_info 0x8d90): leff 167 -> group 14,167,32,,,,,,,,,0,0,,"coilgroup_pulse(group,0x20);",code
0x1030560,bl,0x1030514,deff_142_portal_award,shaker_run,0x10289b8,8,,,,,384,,,,,2,2,,,,0,,"shaker_run(2,2);",code
0x10306f0,bl,0x10306b8,FUN_010306b8,coil_pulse,0x6970,,,,,,48,,,,,,,,,0,0,coil,,code
0x1030820,bl,0x10307d8,deff_143_portal_super_jackpot,shaker_run,0x10289b8,8,,,,,1024,,,,,3,1,,,,0,,"shaker_run(3,1);",code
0x10309f0,bl,0x10309b8,FUN_010309b8,coil_pulse,0x6970,,,,,,48,,,,,,,,,0,0,coil,,code
0x1030b1c,bl,0x1030ad8,deff_144_portal_bonus_award,shaker_run,0x10289b8,8,,,,,1024,,,,,3,1,,,,0,,"shaker_run(3,1);",code
0x1030c28,bl,0x1030bf0,FUN_01030bf0,coil_pulse,0x6970,,,,,,48,,,,,,,,,0,0,coil,,code
0x1031158,bl,0x1031138,task_cc_zen_flasher,coil_pulse,0x6970,17,,,,,18,,,,,,,,,0,0,,"coil_pulse(0x11,0x12);",code
0x1031474,bl,0x1031450,leff_117_zen,coilgroup_pulse_fn,0x6b94,,8,20 21 17,leff table +8 (leff_current_info 0x8d90): leff 117 -> group 8,117,100,,,,,,,,,0,0,pattern,"FUN_00006b94(uVar2,100,*puVar1);",code
0x10314a8,bl,0x1031490,leff_118,coilgroup_pulse,0x6b24,,8,20 21 17,leff table +8 (leff_current_info 0x8d90): leff 118 -> group 8,118,64,,,,,,,,,0,0,,"coilgroup_pulse(group,0x40);",code
0x1031ca4,b (tail call),0x1031b88,zfs_score_hit,shaker_run,0x10289b8,8,,,,,200,,,,,1,3,,,,0,,,code
0x1031e3c,bl,0x1031e28,leff_126,coilgroup_pulse,0x6b24,28,12,28,leff table +8 (leff_current_info 0x8d90): leff 126 -> group 12,126,32,,,,,,,,,0,0,,"coilgroup_pulse(group,0x20);",code
0x10321fc,bl,0x10321b4,leff_125_zfs_chase,coilgroup_pulse_fn,0x6b94,28,11,28,leff table +8 (leff_current_info 0x8d90): leff 125 -> group 11,125,150,,,,,,,,,0,0,pattern,"FUN_00006b94(uVar3,0x96,*(undefined4 *)(&DAT_040d6f18 + iVar1));",code
0x1032240,bl,0x1032228,deff_093_zuse_ready_unused,shaker_run,0x10289b8,8,,,,,384,,,,,2,2,,,,0,,"shaker_run(2,2);",code
0x1032550,bl,0x1032510,deff_094_zfs_intro,shaker_run,0x10289b8,8,,,,,384,,,,,2,2,,,,0,,"shaker_run(2,2);",code
0x1032d50,bl,0x1032d38,deff_097_zfs_all_targets_value,shaker_run,0x10289b8,8,,,,,384,,,,,2,2,,,,0,,"shaker_run(2,2);",code
0x1032ef8,bl,0x1032ebc,deff_098_zfs_time_extended,shaker_run,0x10289b8,8,,,,,384,,,,,2,2,,,,0,,"shaker_run(2,2);",code
0x1033318,bl,0x1033308,leff_130,coil_pulse,0x6970,28,,,,130,32,,,,,,,,,0,0,,,code
0x1033dc8,bl,0x1033da8,FUN_01033da8,coilgroup_pulse,0x6b24,,,,,,32,,,,,,,,,0,0,group,"coilgroup_pulse(group,0x20);",code
0x103eb20,bl,0x103ead4,FUN_0103ead4,coil_drive_pulse_wait,0x2cb0,,,,,,,,,,,,,,,1,1,coil ms start_fn end_fn arg,"FUN_00002cb0(*(undefined1 *)(DAT_000372c0 + 0x30),
                 *(undefined2 *)(*(int *)(DAT_000372c0 + 0x34) + 0x10),0,0,0,1);",code
0x103eef0,bl,0x103eb8c,FUN_0103eb8c,coil_off,0x2fbc,,,,,,,,,,,,,,,,0,coil,FUN_00002fbc(uVar4);,code
0x103ef64,bl,0x103ef18,FUN_0103ef18,coil_drive_pulse_wait,0x2cb0,,,,,,,,,,,,,,,1,1,coil ms start_fn end_fn arg,"FUN_00002cb0(*(undefined1 *)(DAT_000372c0 + 0x30),
                 *(undefined2 *)(*(int *)(DAT_000372c0 + 0x34) + 0x10),0,0,0,1);",code
0x103f430,bl,0x103f040,FUN_0103f040,coil_off,0x2fbc,,,,,,,,,,,,,,,,0,coil,FUN_00002fbc(uVar4);,code
0x103f4f8,bl,0x103f47c,FUN_0103f47c,coil_off,0x2fbc,,,,,,,,,,,,,,,,0,coil,FUN_00002fbc(DAT_0003948a);,code
0x103fae4,bl,0x103f7ac,FUN_0103f7ac,coil_off,0x2fbc,,,,,,,,,,,,,,,,0,coil,FUN_00002fbc(DAT_0003948a);,code
0x1040e60,bl,0x1040e14,FUN_01040e14,coil_drive_pulse_wait,0x2cb0,,,,,,,,,,,,,,,1,1,coil ms start_fn end_fn arg,"FUN_00002cb0(*(undefined1 *)(DAT_000372c0 + 0x30),
                 *(undefined2 *)(*(int *)(DAT_000372c0 + 0x34) + 0x10),0,0,0,1);",code
0x1041240,bl,0x1040edc,FUN_01040edc,coil_off,0x2fbc,,,,,,,,,,,,,,,,0,coil,FUN_00002fbc(uVar4);,code
0x10412b4,bl,0x1041268,FUN_01041268,coil_drive_pulse_wait,0x2cb0,,,,,,,,,,,,,,,1,1,coil ms start_fn end_fn arg,"FUN_00002cb0(*(undefined1 *)(DAT_000372c0 + 0x30),
                 *(undefined2 *)(*(int *)(DAT_000372c0 + 0x34) + 0x10),0,0,0,1);",code
0x10417a0,bl,0x10413b0,FUN_010413b0,coil_off,0x2fbc,,,,,,,,,,,,,,,,0,coil,FUN_00002fbc(uVar4);,code
