coil,name,register,reg_address,bit,desc_addr,flags_hex,flags_decoded,f_0x1,f_0x2,f_0x4,f_0x8,f_0x40,f_0x80,f_0x100,f_0x400,f_0x800,f_0x2000,f_0x4000,f_0x10000,test_pulse_ms,test_fn,test_fn_name,ballsearch_ms,ballsearch_fn,devices_on_driver,wire_color_1,wire_color_1_msg,wire_color_2,wire_color_2_msg,desc_tag,kind,kind_note,kind_tag,auto_rules,game_calls,game_call_sites,observed_first_on_ms,observed_pwm_on_period_ms,observed_runs,observed_tag,mpf_default_pulse_ms,mpf_default_hold_power,mpf_pulse_power,mpf_recycle_ms,mpf_note,mpf_evidence,mpf_tag
1,TROUGH UP-KICKER,SOL_B,0x02400021,0,0x40e0f7c,0x00010040,ball_device_kicker solenoid,0,0,0,0,1,0,0,0,0,0,0,1,64,,,0,,1,YEL-VIO,0x3d,BRN-BLK,0x56,code,pulse,ball device 1 (trough) kicker,inferred,"ball device 1 @0x40e4218 (switches [22, 21, 20, 19, 18]): kick 64 ms, FUN_00002b60 queued, sync [code]",coil_queue_pulse_wait 64ms x1,0x101bc58,64 65 66,,4,observed,64,,,,trough eject,"ball device 1 kick fn 0x0101bbc0 -> FUN_00002b60(1, 64, sync) [code]; observed 64-65 ms",inferred (recommendation from the code/observed values in mpf_evidence)
2,AUTO LAUNCH,SOL_B,0x02400021,1,0x40e0f98,0x00010040,ball_device_kicker solenoid,0,0,0,0,1,0,0,0,0,0,0,1,64,,,0,,1,YEL-VIO,0x3d,BRN-RED,0x57,code,pulse,ball device 2 (shooter lane) auto launch,inferred,"ball device 2 @0x40e423c (switches [23]): kick 64 ms, FUN_00002b60 queued, sync [code]",coil_queue_pulse_wait 64ms x1,0x101bcd4,64 65,,6,observed,64,,,,auto launch,"ball device 2 kick fn 0x0101bc7c -> FUN_00002b60(2, 64, sync) [code]; observed 64 ms",inferred (recommendation from the code/observed values in mpf_evidence)
3,DROP TARGET BANK,SOL_B,0x02400021,2,0x40e0fb4,0x00010000,solenoid,0,0,0,0,0,0,0,0,0,0,0,1,64,,,0,,1,YEL-VIO,0x3d,BRN-YEL,0x59,code,pulse,"drop target bank reset (drop_bank object, coil 3)",inferred,"drop bank object tron_drop_bank (drop_bank_init 0x0100af3c, coil 3, switch list 0x040d3d04): reset pulse 64 ms via 0x0100be74 [code; vtable link inferred]",,,64,,1,observed,64,,,,drop target reset,"drop bank class vtable 0x39ae4 -> 0x0100be74: FUN_00002bc8(coil, 64, sync) [code]; coil 3 from drop_bank_init(&tron_drop_bank,3,...) call 0x0100b2e4 [code], vtable link [inferred]",inferred (recommendation from the code/observed values in mpf_evidence)
4,VIDEO GAME EJECT,SOL_B,0x02400021,3,0x40e0fd0,0x00010040,ball_device_kicker solenoid,0,0,0,0,1,0,0,0,0,0,0,1,64,,,0,,1,YEL-VIO,0x3d,BRN-YEL,0x59,code,pulse,ball device 3 (video game eject / VUK) kicker,inferred,"ball device 3 @0x40e4260 (switches [11]): kick 64 ms, FUN_00002e5c on 1 / off 1, sync [code]",coil_drive_onoff 64ms on 1/off 1 x1,0x101bf2c,1 64,1.0/2.0 1.0/2.03 1.03/2.03,7,observed,64,,0.5,,soft kick: 1 ms on / 1 ms off for 64 ms,"ball device 3 kick fn 0x0101bdd0 -> FUN_00002e5c(4, 64, on 1, off 1, sync) at 0x0101bf2c [code]; observed 32 x 1 ms pulses at 2 ms period",inferred (recommendation from the code/observed values in mpf_evidence)
5,DISC MOTOR POWER,SOL_B,0x02400021,4,0x40e0fec,0x00010000,solenoid,0,0,0,0,0,0,0,0,0,0,0,1,0,0x10067d8,FUN_010067d8,0,,1,BRN,0x49,BRN-GRN,0x5a,code,motor,"disc motor power, held on (or timed) by task_a8_disc_motor_run 0x010064c4",inferred,,coil_drive_pulse_wait ?ms x1; coil_on (hold) x1,0x1006518 0x1006528,944,,1,observed,,1.0,,,motor: enable/disable (hold full power),"task_a8_disc_motor_run 0x010064c4: coil_on(5) or timed FUN_00002cb0(5, secs*1000) [code]",inferred (recommendation from the code/observed values in mpf_evidence)
6,RECOGNIZER 3-BANK MOTOR/RELAY,SOL_B,0x02400021,5,0x40e1008,0x00004100,motor_or_long relay,0,0,0,0,0,0,1,0,0,0,1,0,0,0x1022398,,0,,1,YEL-VIO,0x3d,BRN-BLU,0x5b,code,motor,"Recognizer 3-bank motor, held on until the up/down switch 53/52 (bank_motor object FUN_00018004, init 0x01022544)",inferred,"bank motor object @RAM 0x3b404 (FUN_00018004, init 0x01022544): on until switch 53 (up) / 52 (down) [code]",,,626 627 628 629,,8,observed,,1.0,,,motor: enable until position switch,bank motor object (FUN_00018004) drives the output directly from the IO interrupt [code]; observed 626-629 ms runs in the ball sim,inferred (recommendation from the code/observed values in mpf_evidence)
7,ORBIT UP/DOWN POST,SOL_B,0x02400021,6,0x40e1024,0x00010000,solenoid,0,0,0,0,0,0,0,0,0,0,0,1,64,,,0,,1,YEL-VIO,0x3d,BRN-VIO,0x5c,code,pulse_hold,"orbit post: 64 ms pulse then pattern hold (post object, FUN_00000a78 / end callback 0x00000ab0)",inferred,"post object orbit_post_obj (FUN_01009e94(&orbit_post_obj,7,0x4e,...) 0x00000b04): raise = 64 ms + hold pattern 1/7 for obj+0xc*16 ms (class 0x39908, FUN_00000a78); the alternative class 0x39c00 uses 128 ms + 1/12 (FUN_0100aa48 / 0x0100aa80) [code]",,,64 66 67 68 69,1.0/7.01 1.01/7.05 1.02/7.13 1.02/7.15,8,observed,64,0.143,,,post: 64 ms then hold 1 ms on / 6 ms off,"FUN_00000a78: FUN_00002bc8(7, 64, end_fn 0xab0) [code]; 0xab0 switches the slot to pattern 1 over 7 bits for obj+0xc*16 ms [code]; observed 64-68 ms + 1.0/7.0 ms for 1.5-2.0 s",inferred (recommendation from the code/observed values in mpf_evidence)
8,SHAKER MOTOR (OPTIONAL),SOL_B,0x02400021,7,0x40e1040,0x00000100,motor_or_long,0,0,0,0,0,0,1,0,0,0,0,0,1000,,,0,,1,RED-WHT,0x47,BRN-GRY,0x5d,code,motor,"shaker motor, timed on (shaker_run 0x010289b8 -> FUN_01028924)",inferred,,shaker_run 384ms x29; shaker_run 1024ms x18; shaker_run 200ms x3; coil_drive_pulse ?ms x1,0x1002320 0x1002ab0 0x1003c60 0x1003ef4 0x1005828 0x1005a90 0x1005d90 0x1007a7c 0x100896c 0x1008c60 0x1008f6c 0x10099bc 0x100b170 0x100cb60 0x100cd78 0x100cfa4 0x100d8dc 0x100db38 0x1014410 0x10147b4 ...,203 390 1000 1040,,4,observed,,1.0,,,shaker: enable for 200/384/1024 ms (strength 1/2/3),table 0x040d3998 [code]; observed 203/390/1040 ms,inferred (recommendation from the code/observed values in mpf_evidence)
9,LEFT BUMPER,SOL_A,0x02400020,0,0x40e105c,0x00012000,bumper solenoid,0,0,0,0,0,0,0,0,0,1,0,1,64,,,64,,1,YEL-VIO,0x3d,BLU-BRN,0x4d,code,autofire,pop bumper (bumper rule 1),inferred,"bumper rule 1 @0x40f0a68: switch 30, pulse 32 ms (+16 after early release), recycle 16 ms, debounce 2 ms [code]",,,30 32 33 49 64 65,,9,observed,32,,,16,pop bumper autofire,"bumper rule 0x040f0a68: pulse 32, recycle 16, extend 16, debounce 2 [code]; observed 30-49 ms",inferred (recommendation from the code/observed values in mpf_evidence)
10,RIGHT BUMPER,SOL_A,0x02400020,1,0x40e1078,0x00012000,bumper solenoid,0,0,0,0,0,0,0,0,0,1,0,1,64,,,64,,1,YEL-VIO,0x3d,BLU-RED,0x4e,code,autofire,pop bumper (bumper rule 2),inferred,"bumper rule 2 @0x40f0a74: switch 31, pulse 32 ms (+16 after early release), recycle 16 ms, debounce 2 ms [code]",,,49 64 65,,6,observed,32,,,16,pop bumper autofire,bumper rule 0x040f0a74 [code]; observed 49 ms (30 ms switch closure),inferred (recommendation from the code/observed values in mpf_evidence)
11,BOTTOM BUMPER,SOL_A,0x02400020,2,0x40e1094,0x00012000,bumper solenoid,0,0,0,0,0,0,0,0,0,1,0,1,64,,,64,,1,YEL-VIO,0x3d,BLU-ORG,0x4f,code,autofire,pop bumper (bumper rule 3),inferred,"bumper rule 3 @0x40f0a80: switch 32, pulse 32 ms (+16 after early release), recycle 16 ms, debounce 2 ms [code]",,,49 64 65,,6,observed,32,,,16,pop bumper autofire,bumper rule 0x040f0a80 [code]; observed 49 ms (30 ms switch closure),inferred (recommendation from the code/observed values in mpf_evidence)
12,UPPER LEFT FLIPPER,SOL_A,0x02400020,3,0x40e10b0,0x00010008,flipper solenoid,0,0,0,1,0,0,0,0,0,0,0,1,64,,,0,,1,RED-YEL,0x42,BLU-YEL,0x50,code,flipper,upper left flipper (flipper rule 2),inferred,"flipper rule 2 @0x40e2064: button 0x8d (alt 0x89), EOS 0x00, pulse 40 ms, hold 1 on/11 off ms (duty 0.083), EOS cut 8 ms [code]",,,64,,1,observed,40,0.083,,,flipper: 40 ms then 1 ms on / 11 ms off,flipper rule 0x040e2064 [code]; not driven in the emulator (its button D12 is not mapped by libpinmame),inferred (recommendation from the code/observed values in mpf_evidence)
13,LEFT SLINGSHOT,SOL_A,0x02400020,4,0x40e10cc,0x00010000,solenoid,0,0,0,0,0,0,0,0,0,0,0,1,64,,,64,,1,YEL-VIO,0x3d,BLU-GRN,0x51,code,autofire,slingshot (sling rule 1),inferred,"sling rule 1 @0x40f0a94: switch 26, pulse 32 ms, recycle 192 ms [code]",,,34 64 65,,12,observed,32,,,192,slingshot autofire,"sling rule 0x040f0a94: pulse 32, recycle 192 [code]; observed 33.5-33.8 ms",inferred (recommendation from the code/observed values in mpf_evidence)
14,RIGHT SLINGSHOT,SOL_A,0x02400020,5,0x40e10e8,0x00010000,solenoid,0,0,0,0,0,0,0,0,0,0,0,1,64,,,64,,1,YEL-VIO,0x3d,BLU-BLK,0x52,code,autofire,slingshot (sling rule 2),inferred,"sling rule 2 @0x40f0a9c: switch 27, pulse 32 ms, recycle 192 ms [code]",,,34 64,,10,observed,32,,,192,slingshot autofire,sling rule 0x040f0a9c [code]; observed 33.8 ms,inferred (recommendation from the code/observed values in mpf_evidence)
15,LEFT FLIPPER,SOL_A,0x02400020,6,0x40e1104,0x00010008,flipper solenoid,0,0,0,1,0,0,0,0,0,0,0,1,64,,,0,,1,GRY-YEL,0x20,ORG-GRY,0x54,code,flipper,left flipper (flipper rule 0),inferred,"flipper rule 0 @0x40e204c: button 0x89, EOS 0x8a, pulse 40 ms, hold 1 on/11 off ms (duty 0.083), EOS cut 8 ms [code]",,,40 41 64,1.01/12.25,3,observed,40,0.083,,,flipper: 40 ms then 1 ms on / 11 ms off,flipper rule 0x040e204c [code]; observed 40.4-41.2 ms then 1.0 ms every 12.2 ms,inferred (recommendation from the code/observed values in mpf_evidence)
16,RIGHT FLIPPER,SOL_A,0x02400020,7,0x40e1120,0x00010008,flipper solenoid,0,0,0,1,0,0,0,0,0,0,0,1,64,,,0,,1,BLU-YEL,0x50,ORG-VIO,0x55,code,flipper,right flipper (flipper rule 1),inferred,"flipper rule 1 @0x40e2058: button 0x8b, EOS 0x8c, pulse 40 ms, hold 1 on/11 off ms (duty 0.083), EOS cut 8 ms [code]",,,40 41 64,1.03/12.14,3,observed,40,0.083,,,flipper: 40 ms then 1 ms on / 11 ms off,flipper rule 0x040e2058 [code]; observed 40.0-40.5 ms then 1.0 ms every 12.1 ms,inferred (recommendation from the code/observed values in mpf_evidence)
17,ZEN FLASHER,SOL_C,0x02400022,0,0x40e113c,0x00000004,flasher,0,0,1,0,0,0,0,0,0,0,0,0,64,,,0,,1,ORG,0x4a,VIO-BRN,0x5e,code,flasher,flash lamp,inferred,,coil_pulse_fn 200ms pattern (var) x2; coilgroup_pulse_fn 200ms pattern (var) x1; coil_pulse 18ms x1; coilgroup_pulse_fn 100ms pattern (var) x1; coilgroup_pulse 64ms x1,0x1003e80 0x1005200 0x1026850 0x1031158 0x1031474 0x10314a8,48 49 64,,4,observed,64,,,,"flasher: game code pulses {18: 1, 64: 1}; test 64 ms",most common constant coil_pulse/coilgroup_pulse time for this flasher in coil_calls.csv [code]; observed 48-49 ms for 48 ms calls,inferred (recommendation from the code/observed values in mpf_evidence)
18,FLASH: VIDEO GAME,SOL_C,0x02400022,1,0x40e1158,0x00000004,flasher,0,0,1,0,0,0,0,0,0,0,0,0,64,,,64,,1,ORG,0x4a,VIO-RED,0x5f,code,flasher,flash lamp,inferred,,coil_pulse_fn 200ms pattern (var) x2; coilgroup_pulse_fn 200ms pattern (var) x1; coilgroup_pulse 48ms x1; coilgroup_pulse_fn 100ms pattern (var) x1; coilgroup_pulse 32ms x1; coil_pulse 48ms x1,0x1003e80 0x1005214 0x101bf60 0x101bf9c 0x1026864 0x102faac 0x102fe98,1 48 49 64,1.0/2.01 1.0/4.01 2.13/4.08 2.16/4.14,20,observed,48,,,,"flasher: game code pulses {48: 2, 32: 1}; test 64 ms",most common constant coil_pulse/coilgroup_pulse time for this flasher in coil_calls.csv [code]; observed 48-49 ms for 48 ms calls,inferred (recommendation from the code/observed values in mpf_evidence)
19,FLASH: LEFT RAMP,SOL_C,0x02400022,2,0x40e1174,0x00000004,flasher,0,0,1,0,0,0,0,0,0,0,0,0,64,,,0,,2,ORG,0x4a,VIO-ORG,0x60,code,flasher,flash lamp,inferred,,coil_pulse 48ms x8; coil_pulse 18ms x1; coil_pulse_fn 50ms pattern (var) x1; coilgroup_pulse 32ms x1,0x100198c 0x10025b0 0x1007d78 0x10149cc 0x10194b8 0x101a078 0x101a110 0x101a418 0x101a7b4 0x101dc44 0x102a10c,49 64,,2,observed,48,,,,"flasher: game code pulses {48: 8, 18: 1, 32: 1}; test 64 ms",most common constant coil_pulse/coilgroup_pulse time for this flasher in coil_calls.csv [code]; observed 48-49 ms for 48 ms calls,inferred (recommendation from the code/observed values in mpf_evidence)
20,FLASH: BOTTOM ARCH (LEFT),SOL_C,0x02400022,3,0x40e1190,0x00000004,flasher,0,0,1,0,0,0,0,0,0,0,0,0,64,,,0,,1,ORG,0x4a,VIO-WHT,0x67,code,flasher,flash lamp,inferred,,coil_pulse_fn 100ms pattern (var) x1; coil_pulse 48ms x1; coilgroup_pulse_fn 100ms pattern (var) x1; coilgroup_pulse 64ms x1,0x100c784 0x101dc7c 0x1031474 0x10314a8,49 64,,2,observed,64,,,,"flasher: game code pulses {48: 1, 64: 1}; test 64 ms",most common constant coil_pulse/coilgroup_pulse time for this flasher in coil_calls.csv [code]; observed 48-49 ms for 48 ms calls,inferred (recommendation from the code/observed values in mpf_evidence)
21,FLASH: BOTTOM ARCH (RIGHT),SOL_C,0x02400022,4,0x40e11ac,0x00000004,flasher,0,0,1,0,0,0,0,0,0,0,0,0,64,,,0,,1,ORG,0x4a,VIO-GRN,0x62,code,flasher,flash lamp,inferred,,coil_pulse_fn 100ms pattern (var) x1; coil_pulse 48ms x1; coilgroup_pulse_fn 100ms pattern (var) x1; coilgroup_pulse 64ms x1,0x100c794 0x101dc50 0x1031474 0x10314a8,49 64,,2,observed,64,,,,"flasher: game code pulses {48: 1, 64: 1}; test 64 ms",most common constant coil_pulse/coilgroup_pulse time for this flasher in coil_calls.csv [code]; observed 48-49 ms for 48 ms calls,inferred (recommendation from the code/observed values in mpf_evidence)
22,DISC DIRECTION RELAY,SOL_C,0x02400022,5,0x40e11c8,0x00004000,relay,0,0,0,0,0,0,0,0,0,0,1,0,64,,,0,,1,BRN,0x49,VIO-BLK,0x64,code,relay,"disc direction relay, held (coil_on/coil_off in FUN_01006534)",inferred,,coil_on (hold) x1,0x1006564,64,,1,observed,,1.0,,,relay: enable/disable,coil_on/coil_off from FUN_01006534 [code],inferred (recommendation from the code/observed values in mpf_evidence)
23,RECOGNIZER MOTOR RELAY,SOL_C,0x02400022,6,0x40e11e4,0x00004100,motor_or_long relay,0,0,0,0,0,0,1,0,0,0,1,0,64,,,0,,1,RED,0x48,VIO-GRY,0x66,code,motor,"Recognizer motor relay, held until the next position switch 54-56 (motor object FUN_00016c40, init 0x01022f08)",inferred,"recognizer motor object @RAM 0x3b47c (FUN_00016c40, init 0x01022f08): on until the next of switches 54/55/56 [code]",,,8 15 18 19 64 522 524 525 527 530 1033 1538,,35,observed,,1.0,,,motor relay: enable until position switch,motor object FUN_00016c40 [code]; observed 18-530 ms runs,inferred (recommendation from the code/observed values in mpf_evidence)
24,OPTIONAL COIL,SOL_C,0x02400022,7,0x40e1200,0x00000082,power_exempt optional,0,1,0,0,0,1,0,0,0,0,0,0,0,,,0,,1,RED,0x48,VIO-GRY,0x66,code,pulse,"knocker queue (table 0x040e2130 record 1, FUN_0000a844): 80 ms per knock",inferred,"counter queue 1 @0x40e2144: 80 ms per count, gap 8 ticks [code]",,,80 81 82,,9,observed,80,,,,knocker,"table 0x040e2130 rec 1: 80 ms, gap 8 ticks [code]; observed 80-82 ms",inferred (recommendation from the code/observed values in mpf_evidence)
25,FLASH: RIGHT RAMP,FLSH_LMP,0x02400023,0,0x40e121c,0x00000004,flasher,0,0,1,0,0,0,0,0,0,0,0,0,64,,,0,,2,ORG,0x4a,BLK-BRN,0x68,code,flasher,flash lamp,inferred,,coil_pulse 48ms x8; coil_pulse_fn 50ms pattern (var) x1,0x100196c 0x1002590 0x1007dc0 0x10194d8 0x101a0a0 0x101a0f0 0x101a404 0x101a7a0 0x101dc70,49 64,,2,observed,48,,,,flasher: game code pulses {48: 8}; test 64 ms,most common constant coil_pulse/coilgroup_pulse time for this flasher in coil_calls.csv [code]; observed 48-49 ms for 48 ms calls,inferred (recommendation from the code/observed values in mpf_evidence)
26,FLASH: DISC (LEFT),FLSH_LMP,0x02400023,1,0x40e1238,0x00000004,flasher,0,0,1,0,0,0,0,0,0,0,0,0,64,,,0,,1,ORG,0x4a,BLK-RED,0x69,code,flasher,flash lamp,inferred,,coilgroup_pulse 32ms x5; coil_pulse 24ms x3; coil_pulse_fn 100ms pattern (var) x1; coil_pulse_fn 250ms pattern (var) x1; coil_pulse 32ms x1,0x1007958 0x1007cc0 0x100841c 0x1009350 0x10098b0 0x10211c4 0x1021730 0x1021d60 0x1029da8 0x102ac2c 0x103044c,4 49 64,4.0/8.14,3,observed,32,,,,"flasher: game code pulses {32: 6, 24: 3}; test 64 ms",most common constant coil_pulse/coilgroup_pulse time for this flasher in coil_calls.csv [code]; observed 48-49 ms for 48 ms calls,inferred (recommendation from the code/observed values in mpf_evidence)
27,FLASH: DISC (RIGHT),FLSH_LMP,0x02400023,2,0x40e1254,0x00000004,flasher,0,0,1,0,0,0,0,0,0,0,0,0,64,,,0,,1,ORG,0x4a,BLK-ORG,0x6a,code,flasher,flash lamp,inferred,,coilgroup_pulse 32ms x4; coil_pulse 24ms x3; coil_pulse_fn 100ms pattern (var) x1; coil_pulse_fn 250ms pattern (var) x1; coil_pulse 32ms x1,0x1007968 0x1007cd4 0x100841c 0x100935c 0x10098b0 0x10211d8 0x1021730 0x1021d74 0x102ac40 0x103044c,4 49 64,4.0/8.14,3,observed,32,,,,"flasher: game code pulses {32: 5, 24: 3}; test 64 ms",most common constant coil_pulse/coilgroup_pulse time for this flasher in coil_calls.csv [code]; observed 48-49 ms for 48 ms calls,inferred (recommendation from the code/observed values in mpf_evidence)
28,FLASH: BACKPANEL,FLSH_LMP,0x02400023,3,0x40e1270,0x00000004,flasher,0,0,1,0,0,0,0,0,0,0,0,0,64,,,0,,2,ORG,0x4a,BLK-YEL,0x6b,code,flasher,flash lamp,inferred,,coil_pulse 48ms x6; coil_pulse_fn 750ms pattern (var) x2; coil_pulse 64ms x1; coil_pulse_fn 50ms pattern (var) x1; coilgroup_pulse 32ms x1; coilgroup_pulse_fn 150ms pattern (var) x1; coil_pulse 32ms x1,0x1001980 0x1002584 0x10025a4 0x1007d9c 0x1019544 0x1019564 0x101a0c8 0x101a42c 0x101a7c8 0x101dcc8 0x1031e3c 0x10321fc 0x1033318,49 64,,2,observed,48,,,,"flasher: game code pulses {48: 6, 64: 1, 32: 2}; test 64 ms",most common constant coil_pulse/coilgroup_pulse time for this flasher in coil_calls.csv [code]; observed 48-49 ms for 48 ms calls,inferred (recommendation from the code/observed values in mpf_evidence)
29,FLASH: RECOGNIZER,FLSH_LMP,0x02400023,4,0x40e128c,0x00000004,flasher,0,0,1,0,0,0,0,0,0,0,0,0,64,,,0,,1,ORG,0x4a,BLK-GRN,0x6c,code,flasher,flash lamp,inferred,,coil_pulse 24ms x2; coilgroup_pulse_fn 100ms pattern (var) x1,0x101ed9c 0x1021180 0x10211b0,29 49 64,1.9/3.86,3,observed,24,,,,flasher: game code pulses {24: 2}; test 64 ms,most common constant coil_pulse/coilgroup_pulse time for this flasher in coil_calls.csv [code]; observed 48-49 ms for 48 ms calls,inferred (recommendation from the code/observed values in mpf_evidence)
30,DISC MOTOR RELAY,FLSH_LMP,0x02400023,5,0x40e12a8,0x00010000,solenoid,0,0,0,0,0,0,0,0,0,0,0,1,64,,,0,,1,BRN,0x49,BLK-BLU,0x6e,code,relay,"disc motor relay, held while the disc spins (task_a8_disc_motor_run)",inferred,,coil_on (hold) x1,0x10064e8,64 944,,2,observed,,1.0,,,relay: enable/disable,coil_on/coil_off in task_a8_disc_motor_run / disc_motor_stop [code],inferred (recommendation from the code/observed values in mpf_evidence)
31,FLASH: RED DISC,FLSH_LMP,0x02400023,6,0x40e12c4,0x00000004,flasher,0,0,1,0,0,0,0,0,0,0,0,0,64,,,0,,2,ORG,0x4a,BLK-VIO,0x6f,code,flasher,flash lamp,inferred,,coil_pulse_fn 250ms pattern (var) x2; coil_pulse 32ms x1,0x1005690 0x1007d14 0x1007d28,4 49 64,4.0/8.14,3,observed,32,,,,flasher: game code pulses {32: 1}; test 64 ms,most common constant coil_pulse/coilgroup_pulse time for this flasher in coil_calls.csv [code]; observed 48-49 ms for 48 ms calls,inferred (recommendation from the code/observed values in mpf_evidence)
32,FLASH: BLUE DISC,FLSH_LMP,0x02400023,7,0x40e12e0,0x00000004,flasher,0,0,1,0,0,0,0,0,0,0,0,0,64,,,0,,2,ORG,0x4a,BLK-GRY,0x70,code,flasher,flash lamp,inferred,,coil_pulse 32ms x1,0x10056a0,4 49 64,4.0/8.14,3,observed,32,,,,flasher: game code pulses {32: 1}; test 64 ms,most common constant coil_pulse/coilgroup_pulse time for this flasher in coil_calls.csv [code]; observed 48-49 ms for 48 ms calls,inferred (recommendation from the code/observed values in mpf_evidence)
33,AUX 1: TICKET ADVANCE,AUX_DRV via ESTB strobe,0x02400026 + strobe bit 0x40 on 0x0240002B,0,0x40e12fc,0x00000c01,aux no_cycle_test hidden_in_tests,1,0,0,0,0,0,0,1,1,0,0,0,64,,,0,,1,RED,0x48,WHT,0x4b,code,aux,ticket dispenser advance output (device 0x040f455c),inferred,"ticket device @0x40f455c: advance, on until notch switch 0x93 [code]",,,64,,1,observed,64,,,,ticket advance (aux bus),service test value +0x10 = 64 [code]; ticket device drives it from the IO interrupt,inferred (recommendation from the code/observed values in mpf_evidence)
34,AUX 2: TICKET METER,AUX_DRV via ESTB strobe,0x02400026 + strobe bit 0x40 on 0x0240002B,1,0x40e1318,0x00000c81,aux optional no_cycle_test hidden_in_tests,1,0,0,0,0,1,0,1,1,0,0,0,64,,,0,,1,RED,0x48,BRN,0x49,code,aux,"ticket/coin meter, 100 ms per count (table 0x040e2130 record 2)",inferred,"counter queue 2 @0x40e2158: 100 ms per count, gap 16 ticks [code]",,,64,,1,observed,100,,,,meter (aux bus),"table 0x040e2130 rec 2: 100 ms per count, gap 16 ticks [code]",inferred (recommendation from the code/observed values in mpf_evidence)
35,AUX 3: TICKET ENABLE,AUX_DRV via ESTB strobe,0x02400026 + strobe bit 0x40 on 0x0240002B,2,0x40e1334,0x00000c01,aux no_cycle_test hidden_in_tests,1,0,0,0,0,0,0,1,1,0,0,0,64,,,0,,1,GRY-RED,0x1e,BLK-WHT,0x71,code,aux,"ticket dispenser enable, held while dispensing (device 0x040f455c)",inferred,"ticket device @0x40f455c: enable, held while dispensing [code]",,,64,,1,observed,,1.0,,,"ticket enable (aux bus), held while dispensing",device 0x040f455c [code],inferred (recommendation from the code/observed values in mpf_evidence)
36,,,,,,,,,,,,,,,,,,,,,,,,,,,,,,code,undefined,no descriptor: table count 0x24 at RAM 0x36c4c covers coils 0-35; FUN_000029a0 accepts 1-40 and would index past the table (into 0x040e1350),,,,,,,,,,,,,,,
37,,,,,,,,,,,,,,,,,,,,,,,,,,,,,,code,undefined,no descriptor: table count 0x24 at RAM 0x36c4c covers coils 0-35; FUN_000029a0 accepts 1-40 and would index past the table (into 0x040e1350),,,,,,,,,,,,,,,
38,,,,,,,,,,,,,,,,,,,,,,,,,,,,,,code,undefined,no descriptor: table count 0x24 at RAM 0x36c4c covers coils 0-35; FUN_000029a0 accepts 1-40 and would index past the table (into 0x040e1350),,,,,,,,,,,,,,,
39,,,,,,,,,,,,,,,,,,,,,,,,,,,,,,code,undefined,no descriptor: table count 0x24 at RAM 0x36c4c covers coils 0-35; FUN_000029a0 accepts 1-40 and would index past the table (into 0x040e1350),,,,,,,,,,,,,,,
40,,,,,,,,,,,,,,,,,,,,,,,,,,,,,,code,undefined,no descriptor: table count 0x24 at RAM 0x36c4c covers coils 0-35; FUN_000029a0 accepts 1-40 and would index past the table (into 0x040e1350),,,,,,,,,,,,,,,
