deff,name,mpf_event,shows,rom_trigger,priority,background_loop,rom_text,animation_frames,run_ms,rendered_in_emulation,seen_in_emulated_play,sounds_heard,sounds_in_code,tube_light_show,lamp_effect_in_code,lamp_effect_show,shaker,observed_on_switches,library_animations,started_by_code,switches_reaching_start (depth),rom_function
1,deff_001_attract_score_display,,"Attract mode: game over, credits, high scores (background effect)",attract mode,1,yes,,0,12001,yes,8,,,,,,,,anim_004_img1439,FUN_000015d4 FUN_000015dc,sw15_tournament_start(4) sw37_l_ramp_exit(5) sw34_r_ramp_exit(5) sw39_right_inner_loop(5) sw12_zen_rollover(6) sw46_right_orbit(6) sw23_shooter_lane(6) sw32_bottom_bumper(6),0x1034364
2,deff_002_volume,tron_volume,VOLUME n,volume buttons (service),248,,USE -/+ TO ADJUST VOLUME / VOLUME %d,1,5025,yes,0,,,,,,,,,FUN_0000fa34 FUN_0000fa3c FUN_0000fad0 FUN_0000fec0,sw15_tournament_start(3) sw37_l_ramp_exit(4) sw34_r_ramp_exit(4) sw39_right_inner_loop(4) sw12_zen_rollover(5) sw46_right_orbit(5) sw23_shooter_lane(5) sw32_bottom_bumper(5),0x103815c
3,deff_003_technician_alert,tron_technician_alert,Technician alert / service menu prompt,service,253,,TECHNICIAN ALERT - (%d/%d) / NO / TECHNICIAN ALERTS / SERVICE MENU,0,12010,yes,0,0x00c@0ms,,,,,,,,FUN_0000f9a8 FUN_0000f9b0,,0x1037a6c
4,deff_004_coil_power_disabled,tron_coil_power_disabled,50V / 20V DISABLED,service: coil power off (coin door open),247,,50V / 20V DISABLED,0,12000,yes,0,0x010@256ms 0x010@512ms 0x010@768ms 0x010@1024ms 0x010@1280ms,0x010,,,,,,,,,0x1036f1c
5,deff_005_boot_version,,Boot screen: TRON L.E. / U.S.A. / V1.74 / ENGLISH,power on,254,,,0,2045,yes,4,,,,,,,,,FUN_00007a68 FUN_00007a70,,0x103703c
6,deff_006_frequency_test,,Line frequency readout,service/diagnostic,192,,%06d / %d HZ,0,5008,yes,0,,,,,,,,,,,0x10374f4
7,deff_007_wrong_country,,THIS MACHINE WILL NOT OPERATE IN THIS COUNTRY,boot check,255,,THIS MACHINE WILL NOT / OPERATE IN THIS COUNTRY / PLEASE / CONTACT YOUR DISTRIBUTOR,0,12000,yes,0,,,,,,,,,FUN_00006180,sw15_tournament_start(3) sw37_l_ramp_exit(4) sw34_r_ramp_exit(4) sw39_right_inner_loop(4) sw12_zen_rollover(5) sw46_right_orbit(5) sw23_shooter_lane(5) sw32_bottom_bumper(5),0x1036c14
8,deff_008_hw_sw_mismatch,,HARDWARE/SOFTWARE MISMATCH,boot check,255,,THIS GAME HAS A / HARDWARE/SOFTWARE / MISMATCH / PLEASE CONTACT STERN PINBALL,0,12000,yes,0,,,,,,,,,FUN_0000aafc,sw15_tournament_start(3) sw37_l_ramp_exit(4) sw34_r_ramp_exit(4) sw39_right_inner_loop(4) sw12_zen_rollover(5) sw46_right_orbit(5) sw23_shooter_lane(5) sw32_bottom_bumper(5),0x1036da0
9,deff_009_number_entry,,n/10 - 10 counter display,OS utility (unknown use),73,,,0,2512,yes,0,,,,,,,,,,,0x1036ce0
10,deff_010_coin_credit,,Credits screen (same display as effects 15 and 17),coin inserted,239,,credits / PRESS START / INSERT COINS,0,3184,yes,144,,,,,,,,,FUN_00004a50,,0x1000000
11,deff_011_locating_pinballs,,LOCATING PINBALLS / PLEASE WAIT,ball search,224,,,0,12015,yes,0,,,,,,,,,task_ball_search,sw15_tournament_start(3),0x10345bc
12,deff_012_message,,Generic text message (%s),OS message,241,,%s,0,5008,yes,0,,,,,,,,,FUN_0001c264 FUN_0001c668 FUN_0001ca3c FUN_0001d05c FUN_0001d6d8,,0x10350e8
13,deff_013_pinball_missing,,PINBALL MISSING / PLEASE WAIT,ball missing at game start,240,,PINBALL MISSING / PLEASE WAIT...,0,3008,yes,0,,,,,,,,,FUN_0001f79c FUN_0001f7a4,sw15_tournament_start(5) sw37_l_ramp_exit(6) sw34_r_ramp_exit(6) sw39_right_inner_loop(6),0x103520c
14,deff_014_score_refresh,,Score display refresh,score change,64,,,0,12000,yes,0,,,,,,,,,FUN_0002dcc0,,0x10344d8
15,deff_015_start_button,,Credits screen (same display as effects 10 and 17),start button without enough credits,238,,credits / PRESS START / INSERT COINS,0,3184,yes,0,,,,,,,,,task_start_button,,0x1000000
16,deff_016_tournament_game,,TOURNAMENT GAME / credits,tournament start button,238,,TOURNAMENT GAME / %d CREDIT%P1//S/% FOR A / CREDIT%P1//S/% FOR A,0,2071,yes,0,,,,,,,,,sw15_tournament_start,,0x1035e48
17,deff_017_service_credits,,Credits screen (same display as effects 10 and 15),service credit button,248,,credits / PRESS START / INSERT COINS,0,3184,yes,0,,,,,,,,,on_service_credits,,0x1000000
18,deff_018_bump_n_win,tron_bump_n_win,BUMP 'N' WIN score,Bump'n'Win feature (operator option),96,,BUMP 'N' WIN / BUMP 'N' WIN SCORE,27,4096,yes,0,,,,,,,,anim_001_img0208 anim_003_img0212,on_lost_ball_game_starts start_button_handler sw15_tournament_start,,0x1036030
19,deff_019_score_display,,Main in-game score display: BALL n / score (background effect),"in game, default display",1,yes,"BALL %d / %,02lu",0,12000,yes,911,,,,,,,1 (T)RON / 2 T(R)ON / 3 TR(O)N / 4 TRO(N) / 7 (Z)USE / 8 Z(U)SE / 13 ZUS(E) / 12 ZEN ROLLOVER / 24 LEFT OUTLANE / 28 CL(U) / 44 LEFT SPINNER / 49 RECOGNIZ. 3-BANK (L) / 41 DISC OPTO / 37 L. RAMP EXIT / 34 R. RAMP EXIT / 43 LEFT ORBIT / 46 RIGHT ORBIT / 39 RIGHT INNER LOOP / 35 L. RAMP ENTRANCE / 51 RECOGNIZ. 3-BANK (R) / 50 RECOGNIZ. 3-BANK (C) / 38 R. RAMP ENTRANCE / 48 ZU(S)E / 31 RIGHT BUMPER / 14 C(L)U / 27 RIGHT SLINGSHOT / 25 (C)LU / 26 LEFT SLINGSHOT / 36 RIGHT ORBIT SPINNER / 30 LEFT BUMPER / 11 VIDEO GAME EJECT,,FUN_00020650 FUN_00020658,sw15_tournament_start(2) sw41_disc_opto(6),0x1023a98
20,deff_020_ball_saved,,BALL SAVED / KEEP SHOOTING,ball save (outlane drain during ball save),223,,BALL SAVED / KEEP SHOOTING,0,2540,yes,0,,,,,,,,,on_total_balls_saved,sw29_right_outlane(1) sw24_left_outlane(1) sw41_disc_opto(5) sw51_recogniz_3_bank_r(6) sw39_right_inner_loop(6) sw50_recogniz_3_bank_c(6) sw49_recogniz_3_bank_l(6) sw15_tournament_start(6),0x10344f4
21,deff_021_tilt,,TILT (background effect),tilt,1,yes,TILT,0,12000,yes,0,,,,,,,,,,,0x1035d40
22,deff_022_unused,,(empty: the function only returns),none: unused in v1.74 (effect function is a bare return; the tilt warning on screen is effect 23),243,,,0,308,no,0,,,,,,,,,,,0x1035d3c
23,deff_023_danger,,DANGER,tilt warning,241,,DANGER,0,1040,yes,0,,,,,,,,,,,0x1035db8
24,deff_024_slam_tilt,,SLAM TILT,slam tilt,251,,SLAM TILT,0,5008,yes,0,,,,,,,,,FUN_00023e40,,0x1035ccc
25,deff_025_bonus,tron_bonus,TOTAL BONUS,end of ball bonus,242,,"TOTAL BONUS / %,02lu",0,1242,yes,38,0x0b6@0ms 0x0ba@356ms,0x0ba,leff_105@356ms,0x14,lampfx_020_bonus_lamps_off,,,,FUN_00020764,sw41_disc_opto(5) sw29_right_outlane(6) sw24_left_outlane(6) sw51_recogniz_3_bank_r(6) sw39_right_inner_loop(6) sw50_recogniz_3_bank_c(6) sw49_recogniz_3_bank_l(6) sw15_tournament_start(6),0x1001374
26,deff_026_shoot_again,tron_shoot_again,PLAYER n SHOOT AGAIN,extra ball / shoot again,208,,PLAYER %d / SHOOT AGAIN,0,1833,yes,7,0x11b@0ms,0x11b,,,,,,,FUN_00020650 FUN_00020658,sw15_tournament_start(2) sw41_disc_opto(6),0x101254c
27,deff_027_instant_info,,INSTANT INFO,"instant info (flipper buttons held; not captured, flipper buttons were not driven)",16,,,0,308,no,0,,,,,,,,,FUN_0001b144,sw15_tournament_start(4) sw37_l_ramp_exit(5) sw34_r_ramp_exit(5) sw39_right_inner_loop(5) sw12_zen_rollover(6) sw46_right_orbit(6) sw23_shooter_lane(6) sw32_bottom_bumper(6),0x1035090
28,deff_028_replay,,REPLAY,replay score reached,240,,,0,2612,yes,9,,,,,,,,,FUN_00022c80,,0x1012640
29,deff_029_bump_n_win_award,,BUMP 'N' WIN award,Bump'n'Win,240,,BUMP 'N' WIN,0,2618,yes,0,,,,,,,,,FUN_00024938,,0x10126d4
30,deff_030_tickets,tron_tickets,n TICKET(S),ticket dispenser award,240,,%u / TICKET%P1//S/%,41,2182,yes,0,0x11c@0ms 0x11d@732ms,0x11c 0x11d 0x11e,,,,,,anim_143_img8131,FUN_00021cd8,,0x1012994
31,deff_031_enter_initials,,PLAYER n ENTER INITIALS,high score entry,244,,,0,1841,yes,6,,,,,,,,,FUN_0001ad4c,,0x1034d34
32,deff_032_high_score_value,tron_high_score_value,High score value,high score entry,244,,PLAYER %d - ENTER INITIALS / %u,1,12010,yes,6,,,,,,,,,FUN_0001ad4c,,0x10346e8
33,deff_033_high_score_player,,PLAYER n (high score),high score awarded,244,,PLAYER %d,0,2353,yes,5,,,,,,,,,on_high_score_awards,,0x1034f88
34,deff_034_tournament_not_qualified,,"SORRY, YOU DID NOT QUALIFY",tournament end,244,,"SORRY, / YOU DID NOT QUALIFY / PLEASE TRY AGAIN!",0,2817,yes,0,,,,,,,,,FUN_0002511c,,0x1036a5c
35,deff_035_tournament_qualified,tron_tournament_qualified,PLAYER n YOU QUALIFIED!,tournament end,244,,YOU QUALIFIED! / PLAYER %d,1,1840,yes,0,,,,,,,,anim_002_img0210,FUN_00024c34,,0x1036244
36,deff_036_tournament_place,tron_tournament_place,nTH PLACE,tournament end,244,,%P1/FIRST/SECOND/THIRD/FOURTH/FIFTH//% PLACE,1,12011,yes,0,,,,,,,,,FUN_00024c34,,0x103649c
37,deff_037_tournament_rank,tron_tournament_rank,PLAYER n YOU ARE IN nTH PLACE!,tournament end,244,,PLAYER %d / YOU ARE IN %P1/1ST/2ND/3RD/4TH/5TH//% PLACE!,1,1648,yes,0,,,,,,,,anim_001_img0208,FUN_00024c34,,0x10369bc
38,deff_038_match,tron_match,MATCH sequence,end of game match,245,,"MATCH / %,02lu / %,02lu",64,6238,yes,4,0x01c@0ms 0x041@320ms 0x03f@966ms 0x040@3093ms 0x042@4190ms,0x01c 0x03f 0x040 0x041 0x042 0x043 0x045,,,,,,anim_046_img3647,FUN_0001b660,,0x102cdd8
39,deff_039_competition_ready,,COMPETITION MODE READY / PRESS START NOW,competition mode,80,,COMPETITION MODE / READY / PRESS START NOW / %d,0,6129,yes,0,,,,,,,,,FUN_00019f20,,0x1035288
40,deff_040_player_up,,PLAYER n (you're up),start of each player's ball,207,,PLAYER %d / YOU'RE UP,0,2615,yes,0,,0x0f9 0x0fa 0x0fb 0x0fc,,,,,2 T(R)ON / 35 L. RAMP ENTRANCE,,FUN_0100f1d8,,0x100f604
41,deff_041_left_spinner_value,,LEFT SPINNER = value,left spinner (sw44),133,,"LEFT SPINNER = / %,02lu / %,02lu",0,1680,yes,285,,,,,,,44 LEFT SPINNER / 43 LEFT ORBIT,,FUN_01029ab0,sw44_left_spinner(2),0x1029c74
42,deff_042_right_spinner_value,,RIGHT SPINNER = value,right orbit spinner (sw36),133,,"RIGHT SPINNER = / %,02lu / %,02lu",0,1680,yes,238,,,,,,,36 RIGHT ORBIT SPINNER / 46 RIGHT ORBIT,,FUN_01029e2c,sw36_right_orbit_spinner(2),0x1029fd8
43,deff_043_pop_bumpers,,n MORE POP BUMPERS = value,pop bumpers (sw30-32),128,,"%d MORE / POP BUMPERS = / %,02lu / %,02lu",0,2781,yes,293,,,,,,,30 LEFT BUMPER / 32 BOTTOM BUMPER / 31 RIGHT BUMPER,,FUN_0101c3a4 FUN_0101c3ac,sw32_bottom_bumper(1) sw30_left_bumper(1) sw31_right_bumper(1),0x101c65c
44,deff_044_bumper_level_complete,,LEVEL n COMPLETED,pop bumper level completed (sw30-32),129,,"LEVEL %d COMPLETED / %,02lu",0,2715,yes,8,,,,,,,30 LEFT BUMPER / 32 BOTTOM BUMPER,,FUN_0101c3a4 FUN_0101c3ac,sw32_bottom_bumper(1) sw30_left_bumper(1) sw31_right_bumper(1),0x101c800
45,deff_045_light_cycle_maze,,LIGHT CYCLE MAZE video mode,"Light Cycle Maze video mode. Its start path (FUN_0102e584) has no caller in v1.74, so the trigger is unknown and it is possibly unused (not verified). Not linked to Flynn's Arcade",208,yes,"%d / END / LIGHT CYCLE MAZE / %,02lu / %d WAVE%P1//S/% / %d ITEM%P1//S/% COLLECTED / LEFT FLIPPER MOVES / RIGHT FLIPPER TURNS / FINISH BEFORE TIME RUNS OUT / WAVE %d COMPLETE / LIGHT CYCLE MAZE END / LIGHT CYCLE MAZE AWARD / EXTRA BALL IS LIT / %s COLLECTED / QUIT",0,308,no,0,,0x082 0x083 0x084 0x085,,,,,,,,,0x102dd50
46,deff_046_disc_multiball_intro,tron_disc_multiball_intro,DISC MULTIBALL intro animation,Disc Multiball start,192,,DISC / MULTIBALL,57,5144,yes,3,0x056@0ms,0x056 0x057 0x058 0x059,leff_042@0ms,0x2c,lampfx_044_disc_multiball_intro,strength 2 if setting>=2,41 DISC OPTO,anim_073_img4572,,,0x1007a44
47,deff_047_disc_multiball_running,tron_disc_multiball_running,DISC MULTIBALL status: shoot recognizer / spinning disc (background),during Disc Multiball,1,yes,"DISC MULTIBALL / %d / SHOOT RECOGNIZER / %d / SHOOT SPINNING DISC / SHOOT SPINNING DISC / SUPER=%,02lu",93,12001,yes,230,,,,,,,41 DISC OPTO / 39 RIGHT INNER LOOP / 46 RIGHT ORBIT / 35 L. RAMP ENTRANCE / 25 (C)LU / 38 R. RAMP ENTRANCE / 3 TR(O)N / 36 RIGHT ORBIT SPINNER / 43 LEFT ORBIT / 30 LEFT BUMPER / 48 ZU(S)E / 28 CL(U) / 44 LEFT SPINNER / 8 Z(U)SE / 26 LEFT SLINGSHOT / 50 RECOGNIZ. 3-BANK (C) / 4 TRO(N) / 12 ZEN ROLLOVER,anim_022_img2787,,,0x1007f34
48,deff_048_disc_multiball_jackpot,tron_disc_multiball_jackpot,DISC MULTIBALL JACKPOT,"Disc Multiball jackpot (disc opto sw41, right inner loop sw39, recognizer bank)",193,,"DISC MULTIBALL / JACKPOT / %,02lu",29,2823,yes,80,0x05a@0ms 0x05c@587ms 0x05b@1420ms,0x05a 0x05b,leff_044@0ms,0x30,lampfx_048_disc_multiball_jackpot,strength 2 if setting>=2,41 DISC OPTO / 39 RIGHT INNER LOOP / 46 RIGHT ORBIT / 35 L. RAMP ENTRANCE / 38 R. RAMP ENTRANCE / 43 LEFT ORBIT / 44 LEFT SPINNER,anim_074_img4629 anim_075_img4640 anim_076_img4669 anim_077_img4692 anim_078_img4708 anim_079_img4742 anim_080_img4753 anim_081_img4790 anim_082_img4822 anim_083_img4884 anim_084_img4916 anim_085_img4981,FUN_01007244,sw50_recogniz_3_bank_c(1) sw41_disc_opto(1) sw39_right_inner_loop(1) sw51_recogniz_3_bank_r(1) sw49_recogniz_3_bank_l(1) sw46_right_orbit(2) sw34_r_ramp_exit(2) sw37_l_ramp_exit(2),0x1008920
49,deff_049_disc_multiball_jackpot_2,tron_disc_multiball_jackpot_2,DISC MULTIBALL JACKPOT (variant),Disc Multiball jackpot,194,,"DISC MULTIBALL / JACKPOT / %,02lu",39,3311,yes,2,0x05d@0ms 0x05c@589ms 0x05b@1911ms,0x05b 0x05d,leff_045@0ms,0x31,lampfx_049_disc_multiball_jackpot_2,strength 2 if setting>=2,50 RECOGNIZ. 3-BANK (C),anim_075_img4640 anim_076_img4669 anim_077_img4692 anim_079_img4742,FUN_01007244,sw50_recogniz_3_bank_c(1) sw41_disc_opto(1) sw39_right_inner_loop(1) sw51_recogniz_3_bank_r(1) sw49_recogniz_3_bank_l(1) sw46_right_orbit(2) sw34_r_ramp_exit(2) sw37_l_ramp_exit(2),0x1008c1c
50,deff_050_disc_multiball_super_jackpot,tron_disc_multiball_super_jackpot,SUPER JACKPOT,Disc Multiball super jackpot,195,,"SUPER JACKPOT / %,02lu",0,3018,yes,0,0x05e@0ms 0x05f@1467ms 0x060@1956ms,0x05e 0x05f 0x060,leff_046@0ms,0x32,lampfx_050_disc_multiball_super_jackpot,strength 3 if setting>=1,,,FUN_01007244,sw50_recogniz_3_bank_c(1) sw41_disc_opto(1) sw39_right_inner_loop(1) sw51_recogniz_3_bank_r(1) sw49_recogniz_3_bank_l(1) sw46_right_orbit(2) sw34_r_ramp_exit(2) sw37_l_ramp_exit(2),0x1008f18
51,deff_051_disc_multiball_total,tron_disc_multiball_total,Disc Multiball TOTAL,Disc Multiball end,207,,"DISC MULTIBALL / TOTAL: / %,02lu",1,3645,yes,2,0x061@0ms,0x061,leff_047@0ms,0x33,lampfx_051_disc_multiball_total,,,anim_015_img2747,,,0x10091a8
52,deff_052_disc_multiball_restart,tron_disc_multiball_restart,DISC MULTIBALL RESTART,Disc Multiball restart offer,192,,DISC / MULTIBALL / RESTART,0,2777,yes,3,0x02c@0ms,0x02c,leff_048@0ms,0x34,lampfx_052_disc_multiball_restart,,,,,,0x1009490
53,deff_053_disc_multiball_restart_running,tron_disc_multiball_restart_running,DISC MULTIBALL RESTART / SHOOT DISC n (background),during multiball restart,1,yes,DISC MULTIBALL / RESTART / SHOOT DISC / %d,62,12003,yes,27,,,,,,,1 (T)RON / 3 TR(O)N / 46 RIGHT ORBIT,anim_022_img2787,,,0x10096d0
54,deff_054_disc_multiball_restarted,tron_disc_multiball_restarted,DISC MULTIBALL (restarted),Disc Multiball restart made,193,,DISC / MULTIBALL,0,2280,yes,2,0x030@0ms 0x031@0ms,0x030 0x031,leff_050@0ms,0x37,lampfx_055_disc_multiball_restarted,strength 2 if setting>=2,41 DISC OPTO,,,,0x1009978
55,deff_055_multiball_lit,tron_multiball_lit,MULTIBALL IS LIT / n MORE TO LIGHT / EXTRA BALL,ramp exits (sw34/sw37) progress toward End of Line multiball,159,,MULTIBALL + E.B. / EXTRA BALL / %u MORE TO / LIGHT MULTIBALL / MULTIBALL / IS LIT,1,2180,yes,208,,,leff_086@0ms,0x38,,,37 L. RAMP EXIT / 34 R. RAMP EXIT / 35 L. RAMP ENTRANCE / 38 R. RAMP ENTRANCE,,FUN_010042d0,sw34_r_ramp_exit(2) sw37_l_ramp_exit(2),0x100461c
56,deff_056_end_of_line_intro,tron_end_of_line_intro,END OF LINE MULTIBALL intro,End of Line (Daft Punk) Multiball start,192,,END OF LINE / MULTIBALL,30,4121,yes,2,0x024@0ms,0x024 0x025 0x026,leff_087@0ms,0x3a,lampfx_058_end_of_line_intro,,,anim_144_img8151,,,0x1005260
57,deff_057_end_of_line_running,tron_end_of_line_running,SWITCHES = value (background),during End of Line Multiball,1,yes,"SWITCHES=%,02lu",123,12002,yes,106,,,,,,,41 DISC OPTO / 39 RIGHT INNER LOOP / 35 L. RAMP ENTRANCE / 43 LEFT ORBIT / 38 R. RAMP ENTRANCE / 2 T(R)ON / 3 TR(O)N / 46 RIGHT ORBIT,anim_144_img8151,,,0x1005524
58,deff_058_end_of_line_jackpot,tron_end_of_line_jackpot,JACKPOT,End of Line Multiball jackpot,196,,"JACKPOT / %,02lu",1,2209,yes,11,0x027@0ms,0x027,leff_089@0ms,0x3d,lampfx_061_end_of_line_jackpot,strength 2 if setting>=2,35 L. RAMP ENTRANCE,anim_144_img8151,,,0x10057e0
59,deff_059_end_of_line_double_jackpot,tron_end_of_line_double_jackpot,DOUBLE JACKPOT,End of Line Multiball double jackpot,197,,"DOUBLE JACKPOT / %,02lu",1,2223,yes,7,0x028@0ms,0x028,leff_090@0ms,0x3e,lampfx_062_end_of_line_double_jackpot,strength 2 if setting>=2,38 R. RAMP ENTRANCE,anim_144_img8151,,,0x1005a48
60,deff_060_end_of_line_add_ball,tron_end_of_line_add_ball,BALL ADDED / n MORE FOR ADD-A-BALL,"End of Line Multiball add-a-ball (disc, ramps)",195,,"%,02lu / BALL ADDED / %u MORE FOR / ADD-A-BALL",1,2225,yes,12,,,leff_091@0ms,0x3f,lampfx_063_end_of_line_add_ball,strength 2 if setting>=2,41 DISC OPTO,anim_144_img8151,FUN_01004e94,sw41_disc_opto(1) sw34_r_ramp_exit(2) sw37_l_ramp_exit(2),0x1005d44
61,deff_061_end_of_line_total,tron_end_of_line_total,END OF LINE MULTIBALL TOTAL,End of Line Multiball end,207,,"END OF LINE / MULTIBALL / TOTAL: / %,02lu",0,3203,yes,2,,,leff_092@0ms,0x40,lampfx_064_end_of_line_total,,,,,,0x1006010
62,deff_062_quorra_progress,tron_quorra_progress,n TO LIGHT QUORRA MULTIBALL,Quorra advance (left spinner sw44 area),161,,%d / TO LIGHT / QUORRA / MULTIBALL,9,2052,yes,98,0x063@0ms,0x063,leff_032@0ms,0x41,lampfx_065_quorra_progress,,44 LEFT SPINNER / 43 LEFT ORBIT,anim_021_img2786,FUN_0101f410,sw44_left_spinner(2),0x101d33c
63,deff_063_quorra_lit,tron_quorra_lit,QUORRA MULTIBALL IS LIT,Quorra Multiball lit,161,,QUORRA / MULTIBALL / IS LIT,9,2043,yes,22,0x064@0ms 0x065@980ms,0x064 0x065,leff_033@0ms,0x42,lampfx_066_quorra_lit,,44 LEFT SPINNER / 43 LEFT ORBIT,anim_021_img2786,FUN_0101f410,sw44_left_spinner(2),0x101d6b4
64,deff_064_quorra_multiball_intro,tron_quorra_multiball_intro,QUORRA MULTIBALL intro,Quorra Multiball start,194,,QUORRA / MULTIBALL,31,3860,yes,16,0x066@0ms 0x067@1904ms,0x066 0x067 0x068,leff_034@0ms,0x43,lampfx_067_quorra_multiball_intro,,,anim_086_img5010,,,0x101d990
65,deff_065_quorra_multiball_running,tron_quorra_multiball_running,QUORRA MULTIBALL status (background),during Quorra Multiball,1,yes,"QUORRA MULTIBALL / SUPER=%,02lu / %d / ALL JACKPOTS / DOUBLED",1,12011,yes,1036,,,,,,,46 RIGHT ORBIT / 44 LEFT SPINNER / 35 L. RAMP ENTRANCE / 12 ZEN ROLLOVER / 43 LEFT ORBIT / 30 LEFT BUMPER / 7 (Z)USE / 49 RECOGNIZ. 3-BANK (L) / 38 R. RAMP ENTRANCE / 14 C(L)U / 39 RIGHT INNER LOOP / 51 RECOGNIZ. 3-BANK (R) / 4 TRO(N) / 50 RECOGNIZ. 3-BANK (C) / 3 TR(O)N / 13 ZUS(E) / 1 (T)RON / 2 T(R)ON / 27 RIGHT SLINGSHOT / 25 (C)LU / 48 ZU(S)E / 28 CL(U) / 8 Z(U)SE / 26 LEFT SLINGSHOT / 41 DISC OPTO / 36 RIGHT ORBIT SPINNER / 32 BOTTOM BUMPER / 11 VIDEO GAME EJECT / 31 RIGHT BUMPER,anim_104_img5998,,,0x101de30
66,deff_066_quorra_add_ball_progress,tron_quorra_add_ball_progress,QUORRA MULTIBALL n MORE TO ADD BALL,Quorra Multiball shots,194,,QUORRA MULTIBALL / %d MORE TO / ADD BALL,0,2050,yes,45,0x069@519ms,0x069,leff_036@0ms,0x46,lampfx_070_quorra_add_ball_progress,strength 1 if setting>=3,49 RECOGNIZ. 3-BANK (L) / 50 RECOGNIZ. 3-BANK (C) / 51 RECOGNIZ. 3-BANK (R),,FUN_0101d0b4,sw51_recogniz_3_bank_r(1) sw39_right_inner_loop(1) sw50_recogniz_3_bank_c(1) sw49_recogniz_3_bank_l(1) sw44_left_spinner(2),0x101ec4c
67,deff_067_quorra_ball_added,tron_quorra_ball_added,QUORRA MULTIBALL BALL ADDED,Quorra Multiball add-a-ball,194,,QUORRA MULTIBALL / BALL / ADDED,0,2053,yes,18,0x06a@0ms 0x06b@1043ms,0x06a 0x06b,leff_037@0ms,0x47,lampfx_071_quorra_ball_added,strength 2 if setting>=2,51 RECOGNIZ. 3-BANK (R) / 49 RECOGNIZ. 3-BANK (L) / 50 RECOGNIZ. 3-BANK (C),,FUN_0101d0b4,sw51_recogniz_3_bank_r(1) sw39_right_inner_loop(1) sw50_recogniz_3_bank_c(1) sw49_recogniz_3_bank_l(1) sw44_left_spinner(2),0x101eeb0
68,deff_068_quorra_jackpot,tron_quorra_jackpot,(DOUBLE) JACKPOT,Quorra Multiball jackpot,195,,"DOUBLE / JACKPOT / %,02lu / JACKPOT",37,3844,yes,103,0x06c@0ms 0x06d@1806ms,0x06c 0x06d 0x06e 0x06f,leff_038@0ms,0x48,,strength 2 if setting>=2,44 LEFT SPINNER / 43 LEFT ORBIT,anim_088_img5054 anim_089_img5065 anim_090_img5102,FUN_0101d0b4,sw51_recogniz_3_bank_r(1) sw39_right_inner_loop(1) sw50_recogniz_3_bank_c(1) sw49_recogniz_3_bank_l(1) sw44_left_spinner(2),0x101e320
69,deff_069_quorra_super_jackpot,tron_quorra_super_jackpot,(DOUBLE) SUPER JACKPOT,Quorra Multiball super jackpot,196,,"DOUBLE / SUPER JACKPOT / %,02lu / SUPER / JACKPOT",45,4377,yes,52,0x070@0ms 0x071@2199ms,0x070 0x071 0x072 0x073,leff_039@0ms,0x49,,strength 3 if setting>=1,39 RIGHT INNER LOOP,anim_095_img5524 anim_098_img5626,FUN_0101d0b4,sw51_recogniz_3_bank_r(1) sw39_right_inner_loop(1) sw50_recogniz_3_bank_c(1) sw49_recogniz_3_bank_l(1) sw44_left_spinner(2),0x101e654
70,deff_070_quorra_total,tron_quorra_total,QUORRA MULTIBALL TOTAL,Quorra Multiball end,207,,"QUORRA / MULTIBALL / TOTAL: / %,02lu",1,2420,yes,15,0x074@0ms 0x075@1462ms,0x074 0x075,leff_040@0ms,0x4a,lampfx_074_quorra_total,,,anim_018_img2770,,,0x101e9b0
71,deff_071_clu_intro,tron_clu_intro,TERMINATE CLU / SHOOT CLU HELMET SHOTS,CLU hurry-up start,177,,TERMINATE CLU / SHOOT / CLU HELMET SHOTS,14,2156,yes,9,0x087@0ms 0x088@964ms,0x087 0x088,leff_022@0ms,0x4d,lampfx_077_clu_intro,strength 2 if setting>=2,,anim_110_img6355,,,0x10022d8
72,deff_072_clu_running,,TERMINATE CLU timer (background),during CLU hurry-up,1,yes,"TERMINATE CLU / %d / SHOOT CLU HELMET SHOTS / %,02lu",0,12005,yes,80,,,,,,,38 R. RAMP ENTRANCE / 43 LEFT ORBIT / 44 LEFT SPINNER / 25 (C)LU / 39 RIGHT INNER LOOP / 46 RIGHT ORBIT / 35 L. RAMP ENTRANCE,,,,0x100276c
73,deff_073_clu_award,tron_clu_award,CLU hurry-up award value,CLU hurry-up shot made,176,,"%,02lu",13,2333,yes,21,0x089@0ms 0x08a@636ms,0x089 0x08a 0x08b,leff_024@0ms,0x4f,lampfx_079_clu_award,strength 2 if setting>=2,44 LEFT SPINNER / 46 RIGHT ORBIT / 43 LEFT ORBIT,anim_111_img6369,on_clu_hurryup_awards,sw46_right_orbit(2) sw34_r_ramp_exit(2) sw44_left_spinner(2) sw43_left_orbit(2) sw28_cl_u(3) sw14_c_l_u(3) sw25_c_lu(3) sw36_right_orbit_spinner(3),0x1002a74
74,deff_074_clu_total,tron_clu_total,TERMINATE CLU TOTAL,CLU hurry-up end,178,,"TERMINATE / CLU / TOTAL: / %,02lu",1,2422,yes,8,0x08c@0ms 0x08d@1170ms,0x08c 0x08d,leff_025@0ms,0x50,lampfx_080_clu_total,,38 R. RAMP ENTRANCE,anim_014_img2743,,,0x1002d24
75,deff_075_gem_progress,tron_gem_progress,n MORE TO START FOLLOW GEM,right inner loop (sw39),163,,%d / MORE TO START / FOLLOW GEM,1,2185,yes,74,0x08e@0ms,0x08e,leff_016@0ms,0x51,,,39 RIGHT INNER LOOP,anim_109_img6351,FUN_01013a08,sw39_right_inner_loop(1),0x10140f8
76,deff_076_gem_intro,tron_gem_intro,"Follow Gem intro (hand, SHOOT RIGHT INNER LOOP)",Follow Gem hurry-up start,177,,,20,2529,yes,22,0x090@0ms 0x091@976ms,,leff_017@0ms,,lampfx_082_gem_intro,strength 2 if setting>=2,39 RIGHT INNER LOOP,anim_142_img8110,,,0x10143b4
77,deff_077_gem_running,,FOLLOW GEM timer (background),during Follow Gem,1,yes,"FOLLOW GEM / %d / SHOOT RIGHT INNER LOOP / %,02lu",0,12007,yes,797,,,,,,,41 DISC OPTO / 37 L. RAMP EXIT / 46 RIGHT ORBIT / 39 RIGHT INNER LOOP / 25 (C)LU / 36 RIGHT ORBIT SPINNER / 30 LEFT BUMPER / 43 LEFT ORBIT / 32 BOTTOM BUMPER / 38 R. RAMP ENTRANCE / 51 RECOGNIZ. 3-BANK (R) / 2 T(R)ON / 35 L. RAMP ENTRANCE / 44 LEFT SPINNER / 7 (Z)USE / 26 LEFT SLINGSHOT / 48 ZU(S)E / 49 RECOGNIZ. 3-BANK (L) / 50 RECOGNIZ. 3-BANK (C) / 12 ZEN ROLLOVER / 27 RIGHT SLINGSHOT / 14 C(L)U / 13 ZUS(E) / 1 (T)RON / 8 Z(U)SE / 3 TR(O)N / 28 CL(U) / 4 TRO(N) / 31 RIGHT BUMPER,,,,0x101461c
78,deff_078_gem_award,tron_gem_award,FOLLOW GEM n FOLLOWINGS,Follow Gem shot made (right inner loop sw39),176,,"FOLLOW GEM / %d FOLLOWING%P1//S/% / %,02lu",20,2519,yes,67,0x092@0ms,0x092,leff_019@0ms,0x54,lampfx_084_gem_award,strength 2 if setting>=2,39 RIGHT INNER LOOP,anim_142_img8110,on_gem_hurryup_awards,sw39_right_inner_loop(1),0x101476c
79,deff_079_gem_total,tron_gem_total,FOLLOW GEM TOTAL,Follow Gem end,178,,"FOLLOW / GEM / TOTAL: / %,02lu",1,2423,yes,22,0x094@0ms 0x095@1464ms,0x094 0x095,leff_020@0ms,0x55,lampfx_085_gem_total,,37 L. RAMP EXIT / 46 RIGHT ORBIT,anim_017_img2766,,,0x1014af4
80,deff_080_hurryup_progress,tron_hurryup_progress,n MORE TO LIGHT HURRY-UP / HURRY-UP IS LIT,"CLU targets (sw14, sw25, sw28)",159,,%d MORE / TO LIGHT HURRY-UP / HURRY-UP / IS LIT,1,2082,yes,14,,,,,,,28 CL(U) / 25 (C)LU,,FUN_01016b0c FUN_01016d14,sw28_cl_u(1) sw14_c_l_u(1) sw25_c_lu(1),0x1017230
81,deff_081_special_lit,tron_special_lit,SPECIAL IS LIT,special lit,128,,SPECIAL IS LIT,0,2231,yes,0,0x0a0@0ms 0x0a1@2054ms,0x0a0 0x0a1,,,,,,,FUN_01016f14,,0x10174f4
82,deff_082_special,tron_special,SPECIAL,special collected at outlane (sw24/sw29),159,,SPECIAL,0,2228,yes,0,0x09f@2051ms,0x09f,,,,,,,FUN_01016e58,sw29_right_outlane(1) sw24_left_outlane(1),0x1017590
83,deff_083_light_cycle_progress,tron_light_cycle_progress,n MORE LIGHT CYCLE,right inner loop / orbit / ramp shots toward Light Cycle,162,,%d MORE / TO LIGHT / LIGHT CYCLE,27,1986,yes,147,,,leff_051@0ms,0x5b,,,44 LEFT SPINNER / 37 L. RAMP EXIT / 34 R. RAMP EXIT / 43 LEFT ORBIT / 46 RIGHT ORBIT / 39 RIGHT INNER LOOP / 35 L. RAMP ENTRANCE / 38 R. RAMP ENTRANCE,anim_051_img3941 anim_052_img3944,FUN_010186bc,sw39_right_inner_loop(1) sw46_right_orbit(2) sw34_r_ramp_exit(2) sw37_l_ramp_exit(2) sw44_left_spinner(2) sw43_left_orbit(2) sw36_right_orbit_spinner(3),0x1018ba0
84,deff_084_light_cycle_lit,tron_light_cycle_lit,LIGHT CYCLE IS LIT,Light Cycle Multiball lit,162,,LIGHT CYCLE / MULTIBALL / IS LIT,51,4065,yes,29,0x0bf@0ms 0x0c0@2659ms,0x0bf 0x0c0,leff_052@0ms,0x5c,,,37 L. RAMP EXIT / 46 RIGHT ORBIT / 43 LEFT ORBIT / 35 L. RAMP ENTRANCE / 38 R. RAMP ENTRANCE / 39 RIGHT INNER LOOP,anim_025_img2957,FUN_010186bc,sw39_right_inner_loop(1) sw46_right_orbit(2) sw34_r_ramp_exit(2) sw37_l_ramp_exit(2) sw44_left_spinner(2) sw43_left_orbit(2) sw36_right_orbit_spinner(3),0x1018e48
85,deff_085_light_cycle_intro,tron_light_cycle_intro,LIGHT CYCLE intro,Light Cycle Multiball start (captured in emulated play),194,,LIGHT CYCLE / MULTIBALL,113,5475,yes (emulated play),24,0x0c3@323ms 0x0c1@780ms,0x0c1 0x0c3 0x0c4,leff_053@0ms,0x5d,lampfx_093_light_cycle_intro,,,anim_024_img2844,,,0x101921c
86,deff_086_light_cycle_running,tron_light_cycle_running,LIGHT CYCLE MULTIBALL status (background),during Light Cycle Multiball,1,yes,LIGHT CYCLE / MULTIBALL,185,12000,yes,463,,,,,,,27 RIGHT SLINGSHOT / 43 LEFT ORBIT / 35 L. RAMP ENTRANCE / 38 R. RAMP ENTRANCE / 25 (C)LU / 1 (T)RON / 8 Z(U)SE / 3 TR(O)N / 13 ZUS(E) / 39 RIGHT INNER LOOP / 12 ZEN ROLLOVER / 46 RIGHT ORBIT / 4 TRO(N) / 48 ZU(S)E / 30 LEFT BUMPER / 14 C(L)U / 44 LEFT SPINNER / 7 (Z)USE / 28 CL(U) / 49 RECOGNIZ. 3-BANK (L) / 2 T(R)ON / 36 RIGHT ORBIT SPINNER / 31 RIGHT BUMPER,anim_053_img4007 anim_054_img4034,,,0x1019788
87,deff_087_light_cycle_jackpot,tron_light_cycle_jackpot,JACKPOT,Light Cycle Multiball jackpot,195,,"JACKPOT / %,02lu",26,2701,yes,235,0x0c5@0ms 0x0c7@1277ms 0x0c6@1277ms,0x0c5 0x0c6 0x0c7,leff_055@0ms,0x5f,lampfx_095_light_cycle_jackpot,strength 2 if setting>=2,35 L. RAMP ENTRANCE / 38 R. RAMP ENTRANCE / 46 RIGHT ORBIT,anim_026_img3008 anim_028_img3110,,,0x1019e74
88,deff_088_light_cycle_super_jackpot,tron_light_cycle_super_jackpot,SUPER JACKPOT,Light Cycle Multiball super jackpot,195,,"SUPER JACKPOT / %,02lu",31,2915,yes,53,0x0c8@0ms 0x0c9@1517ms,0x0c8 0x0c9,leff_056@0ms,0x60,lampfx_096_light_cycle_super_jackpot,strength 2 if setting>=2,43 LEFT ORBIT / 38 R. RAMP ENTRANCE / 44 LEFT SPINNER / 39 RIGHT INNER LOOP,anim_026_img3008 anim_029_img3124,,,0x101a248
89,deff_089_light_cycle_double_super_jackpot,tron_light_cycle_double_super_jackpot,DOUBLE SUPER JACKPOT,Light Cycle Multiball,195,,"DOUBLE / SUPER JACKPOT / %,02lu",21,2428,yes,9,0x0ca@0ms 0x0cb@1027ms,0x0ca 0x0cb,leff_057@0ms,0x61,lampfx_097_light_cycle_double_super_jackpot,strength 2 if setting>=2,39 RIGHT INNER LOOP / 38 R. RAMP ENTRANCE,anim_027_img3089,,,0x101a5c0
90,deff_090_light_cycle_total,tron_light_cycle_total,LIGHT CYCLE MULTIBALL TOTAL,Light Cycle Multiball end,207,,"LIGHT CYCLE / MULTIBALL / TOTAL: / %,02lu",31,3203,yes,23,0x0cc@0ms 0x0cd@3026ms,0x0cc 0x0cd,leff_058@0ms,0x62,lampfx_098_light_cycle_total,,,,,,0x101a95c
91,deff_091_zuse_collect,tron_zuse_collect,COLLECT FOR FASTSCORING / SOS ITEM,"ZUSE targets (sw7, sw8, sw13, sw48)",128,,COLLECT / FOR FASTSCORING / COLLECT / FOR SOS ITEM,1,2052,yes,74,,,leff_026@0ms,,,,7 (Z)USE / 8 Z(U)SE / 13 ZUS(E) / 48 ZU(S)E,,FUN_01033790,sw13_zus_e(1) sw48_zu_s_e(1) sw08_z_u_se(1) sw07_z_use(1),0x1033b3c
92,deff_092_zuse_progress,tron_zuse_progress,n MORE FOR FASTSCORING,ZUSE targets,129,,%d MORE / FOR FASTSCORING,1,2035,yes,7,,,leff_027@0ms,,,,13 ZUS(E) / 7 (Z)USE,,FUN_01033790 FUN_010339fc,sw13_zus_e(1) sw48_zu_s_e(1) sw08_z_u_se(1) sw07_z_use(1),0x1033fbc
93,deff_093_zuse_ready,tron_zuse_ready,ZUSE FAST SCORING READY,ZUSE Fast Scoring lit,160,,ZUSE / FAST SCORING / READY,0,2282,yes,0,0x0ab@0ms 0x0ac@589ms,0x0ab 0x0ac,,,,strength 2 if setting>=2,,,FUN_0103184c,,0x1032228
94,deff_094_zuse_intro,tron_zuse_intro,FAST SCORING: ALL TARGETS SCORE n POINTS,ZUSE Fast Scoring start,176,,"FAST SCORING / ALL TARGETS / SCORE / %,02lu POINTS",1,4034,yes,9,0x0ad@0ms 0x0ae@1312ms,0x0ad 0x0ae,leff_029@0ms,0x7b,lampfx_123_zuse_intro,strength 2 if setting>=2,48 ZU(S)E / 13 ZUS(E),,,,0x1032510
95,deff_095_zuse_running,tron_zuse_running,ALL TARGETS = value (background),during ZUSE Fast Scoring,1,yes,"%u / ALL TARGETS=%,02lu",246,12001,yes,136,,,,,,,48 ZU(S)E / 12 ZEN ROLLOVER / 24 LEFT OUTLANE / 30 LEFT BUMPER / 39 RIGHT INNER LOOP / 27 RIGHT SLINGSHOT / 7 (Z)USE / 2 T(R)ON / 49 RECOGNIZ. 3-BANK (L) / 46 RIGHT ORBIT / 35 L. RAMP ENTRANCE / 25 (C)LU / 38 R. RAMP ENTRANCE / 26 LEFT SLINGSHOT / 51 RECOGNIZ. 3-BANK (R) / 50 RECOGNIZ. 3-BANK (C) / 8 Z(U)SE / 44 LEFT SPINNER / 43 LEFT ORBIT / 41 DISC OPTO,anim_023_img2798,,,0x10327d8
96,deff_096_zuse_target_hit,tron_zuse_target_hit,Fast scoring target hit value,any target during Fast Scoring,158,,"%luK / %u / ALL TARGETS=%,02lu",22,1063,yes,189,,,,,,,48 ZU(S)E / 12 ZEN ROLLOVER / 24 LEFT OUTLANE / 39 RIGHT INNER LOOP / 27 RIGHT SLINGSHOT / 25 (C)LU / 36 RIGHT ORBIT SPINNER / 43 LEFT ORBIT / 32 BOTTOM BUMPER / 38 R. RAMP ENTRANCE / 30 LEFT BUMPER / 51 RECOGNIZ. 3-BANK (R) / 2 T(R)ON / 35 L. RAMP ENTRANCE / 41 DISC OPTO / 44 LEFT SPINNER / 46 RIGHT ORBIT / 31 RIGHT BUMPER / 14 C(L)U / 50 RECOGNIZ. 3-BANK (C) / 26 LEFT SLINGSHOT / 4 TRO(N) / 49 RECOGNIZ. 3-BANK (L) / 8 Z(U)SE,anim_023_img2798,FUN_01031b88,sw29_right_outlane(2) sw12_zen_rollover(2) sw32_bottom_bumper(2) sw50_recogniz_3_bank_c(2) sw28_cl_u(2) sw27_right_slingshot(2) sw41_disc_opto(2) sw39_right_inner_loop(2),0x1032bd0
97,deff_097_zuse_all_targets,tron_zuse_all_targets,ALL TARGETS value,Fast Scoring,159,,"ALL / TARGETS / %,02lu",9,1793,yes,7,0x0af@0ms 0x0b0@979ms,0x0af 0x0b0,,,,strength 2 if setting>=2,48 ZU(S)E / 8 Z(U)SE,anim_097_img5609 anim_099_img5670,FUN_01031a5c,sw29_right_outlane(2) sw12_zen_rollover(2) sw32_bottom_bumper(2) sw50_recogniz_3_bank_c(2) sw28_cl_u(2) sw27_right_slingshot(2) sw41_disc_opto(2) sw39_right_inner_loop(2),0x1032d38
98,deff_098_zuse_time_extended,tron_zuse_time_extended,TIME EXTENDED,Fast Scoring time extended,160,,"%u / ALL TARGETS=%,02lu / TIME / EXTENDED",31,1534,yes,0,0x0b2@0ms 0x0b3@490ms,0x0b2 0x0b3,,0x80,lampfx_128_zuse_time_extended,strength 2 if setting>=2,,anim_023_img2798,FUN_01031ab8,sw29_right_outlane(2) sw12_zen_rollover(2) sw32_bottom_bumper(2) sw50_recogniz_3_bank_c(2) sw28_cl_u(2) sw27_right_slingshot(2) sw41_disc_opto(2) sw39_right_inner_loop(2),0x1032ebc
99,deff_099_zuse_total,tron_zuse_total,FAST SCORING TOTAL,Fast Scoring end (captured in emulated play),178,,"FAST SCORING / TOTAL: / %,02lu",1,2696,yes (emulated play),9,0x0b4@0ms,0x0b4,leff_031@0ms,0x82,lampfx_130_zuse_total,,24 LEFT OUTLANE,anim_020_img2780,,,0x10331ac
100,deff_100_zen,,ZEN,ZEN rollover (sw12),160,,ZEN,0,1226,yes,26,,,,0x75,,,12 ZEN ROLLOVER,,FUN_0103129c,sw12_zen_rollover(1),0x1031338
101,deff_101_skill_shot_left_ramp,tron_skill_shot_left_ramp,SKILL SHOT (left ramp),skill shot via left ramp exit sw37,193,,"SKILL SHOT / %,02lu",0,1207,yes,0,0x046@0ms,0x046,,0x6e,,,,,FUN_01028cb8,sw37_l_ramp_exit(2),0x10292c4
102,deff_102_skill_shot_right_ramp,tron_skill_shot_right_ramp,SKILL SHOT (right ramp),skill shot via right ramp exit sw34,193,,"SKILL SHOT / %,02lu",0,1205,yes,0,0x047@0ms,0x047,,0x70,,,,,FUN_01028ea4,sw34_r_ramp_exit(2),0x10294d0
103,deff_103_skill_shot,tron_skill_shot,SKILL SHOT (other),skill shot,193,,"SKILL SHOT / %,02lu",0,1205,yes,3,0x048@0ms,0x048,,0x72,,,,,,,0x1029668
104,deff_104_arcade_lit,tron_arcade_lit,FLYNN'S ARCADE IS LIT,"Flynn's Arcade becomes lit: the per-player arcade flag changes from off to on (code: FUN_0100ddb0, right orbit sw46 handler). Seen at game start because the arcade starts lit",159,,ARCADE IS LIT,63,3254,yes,41,0x0df@0ms,0x0df,,0x73,,,46 RIGHT ORBIT,anim_008_img2034,FUN_0100ddb0 FUN_0102a794 FUN_0102a798,sw46_right_orbit(1) sw36_right_orbit_spinner(2),0x100e3d0
105,deff_105_flynns_arcade_award,tron_flynns_arcade_award,"Flynn's Arcade mystery award: 3 cabinets scroll in, the picked award blinks","ball enters the VUK (sw11 VIDEO GAME EJECT) while Flynn's Arcade is lit; the game picks 1 of 12 awards (500K, advance Gem/CLU/ZUSE/Quorra/Disc/Light Cycle/Recognizer/Sea of Simulation, more time, light extra ball, light special) by weighted random",160,,"(no strings; award icons show level digits, msgs 0x61d-0x622)",19,2672,yes,32,0x0e4@0ms 0x0e1@0ms 0x0e3@883ms,0x0e1 0x0e3 0x0e4,,0x74,,,,,,,0x100e8bc
106,deff_106_tron_completed,tron_tron_completed,n TRON COMPLETED,TRON targets complete (sw1-4),159,,%d TRON / COMPLETED,0,2129,yes,49,0x04f@1952ms,0x04f,,,,,4 TRO(N) / 3 TR(O)N / 2 T(R)ON / 1 (T)RON,,FUN_0102c4c4,,0x102ca18
107,deff_107_timed_award,tron_timed_award,COLLECT FOR TIMED AWARD,TRON / right ramp area,128,,COLLECT / FOR TIMED AWARD,1,2035,yes,92,,,,,,,1 (T)RON / 2 T(R)ON / 3 TR(O)N / 4 TRO(N),,FUN_0102c588,,0x102c870
108,deff_108_disc_access_progress,tron_disc_access_progress,n MORE TO ACCESS DISC,Recognizer 3-bank (sw49-51),128,,%u MORE / TO ACCESS / DISC,30,1819,yes,47,0x0d1@975ms,0x0d1,leff_059@0ms,,,,49 RECOGNIZ. 3-BANK (L) / 51 RECOGNIZ. 3-BANK (R) / 50 RECOGNIZ. 3-BANK (C),anim_010_img2623 anim_011_img2653 anim_012_img2683 anim_013_img2713,FUN_010201e4,sw51_recogniz_3_bank_r(1) sw50_recogniz_3_bank_c(1) sw49_recogniz_3_bank_l(1),0x10209b0
109,deff_109_disc_battle_ready,tron_disc_battle_ready,DISC BATTLE READY,Recognizer battle lit,160,,DISC / BATTLE / READY,24,3776,yes,14,0x0d8@0ms 0x0d9@458ms 0x0da@1865ms,0x0d8 0x0da,leff_060@0ms,0x69,lampfx_105_disc_battle_ready,strength 2 if setting>=2,49 RECOGNIZ. 3-BANK (L) / 51 RECOGNIZ. 3-BANK (R) / 50 RECOGNIZ. 3-BANK (C),anim_055_img4050,on_recognizer_battle_started,sw51_recogniz_3_bank_r(2) sw50_recogniz_3_bank_c(2) sw49_recogniz_3_bank_l(2),0x102120c
110,deff_110_recognizer_battle_running,,RECOGNIZER BATTLE! SHOOT RECOGNIZER (background),during Recognizer battle,1,yes,RECOGNIZER BATTLE! / SHOOT RECOGNIZER,0,12013,yes,0,,,,,,,,,,,0x102160c
111,deff_111_disc_multiball_progress,tron_disc_multiball_progress,n MORE TO START DISC MULTIBALL (random film clip),disc opto (sw41) shots toward Disc Multiball (captured in emulated play),162,,%d / MORE TO START / DISC MULTIBALL,40,4121,yes (emulated play),32,,,leff_062@1ms,,,,41 DISC OPTO,anim_056_img4074 anim_057_img4106 anim_058_img4164 anim_059_img4176 anim_060_img4182 anim_061_img4230 anim_062_img4244 anim_063_img4295 anim_064_img4307 anim_066_img4361 anim_067_img4390 anim_068_img4430 anim_069_img4466 anim_070_img4487 anim_071_img4501 anim_072_img4542,FUN_01020da8,sw41_disc_opto(1),0x1021bac
112,deff_112_super_feature,tron_super_feature,SUPER POPS / SUPER SPINNERS / DOUBLE SCORING,Sea of Simulation award (captured in emulated play),176,,SUPER / POPS / DOUBLE / SCORING / SUPER / SPINNERS / ALL SCORES / DOUBLED / POPS SCORE / 3X / SPINNERS SCORE / 3X,1,4077,yes (emulated play),49,0x104@1324ms,0x100 0x102 0x104,,,,strength 2 if setting>=2,4 TRO(N) / 3 TR(O)N / 2 T(R)ON / 1 (T)RON,,FUN_0100c7bc,,0x100d108
113,deff_113_sea_of_simulation_intro,tron_sea_of_simulation_intro,SEA OF SIMULATION: COMPLETE ALL STAGES TO REACH THE PORTAL,Sea of Simulation start,208,,SEA OF / SIMULATION / COMPLETE / ALL STAGES / TO REACH / THE PORTAL,55,7142,yes,2,0x107@0ms 0x106@1764ms,0x106 0x107,leff_065@0ms,0x87,lampfx_135_sea_of_simulation_intro,strength 3 if setting>=2,,anim_116_img6677,,,0x10268c4
114,deff_114_sea_of_simulation_running,tron_sea_of_simulation_running,SEA OF SIMULATION (background),during Sea of Simulation,1,yes,SEA OF / SIMULATION,1,12014,yes,31,,0x112,,,,,43 LEFT ORBIT,anim_113_img6443,,,0x1026c70
115,deff_115_sea_of_simulation_value,tron_sea_of_simulation_value,Sea of Simulation value,Sea of Simulation (captured in emulated play),210,,"%,02lu",126,6388,yes (emulated play),4,0x109@0ms 0x109@3102ms,0x109,leff_067@0ms leff_067@3102ms,0x89,lampfx_137_sea_of_simulation_value,strength 3 if setting>=2,,anim_114_img6449,,,0x10270a4
116,deff_116_sea_stage_1,tron_sea_stage_1,Sea of Simulation stage animation 1,Sea of Simulation stage award,209,,,29,1594,yes,0,0x10a@0ms,0x10a 0x111,leff_068@0ms,0x8a,lampfx_138_sea_stage_1,strength 3 if setting>=2,,anim_117_img6732,FUN_010248ec,,0x10275d4
117,deff_117_sea_stage_2,tron_sea_stage_2,Sea of Simulation stage animation 2,Sea of Simulation stage award,209,,,29,1593,yes,0,0x10a@0ms,0x10a 0x111,leff_069@0ms,0x8b,lampfx_139_sea_stage_2,strength 3 if setting>=2,,anim_117_img6732,FUN_01024bb0,,0x10276fc
118,deff_118_sea_stage_3,tron_sea_stage_3,Sea of Simulation stage animation 3,Sea of Simulation stage award,209,,,29,1593,yes,4,0x10a@0ms,0x10a 0x111,leff_070@0ms,0x8c,lampfx_140_sea_stage_3,strength 3 if setting>=2,43 LEFT ORBIT,anim_117_img6732 anim_119_img6798,FUN_01024f34,,0x1027820
119,deff_119_sea_stage_4,tron_sea_stage_4,Sea of Simulation stage animation 4,Sea of Simulation stage award,209,,,37,1984,yes,1,0x10a@0ms,0x10a 0x111,leff_071@0ms,0x90,lampfx_144_sea_stage_4,strength 3 if setting>=2,,anim_117_img6732 anim_118_img6761,FUN_01025324,,0x1027a64
120,deff_120_sea_stage_5,tron_sea_stage_5,Sea of Simulation stage animation 5,Sea of Simulation stage award,209,,,29,1592,yes,0,0x10a@0ms,0x10a 0x111,leff_072@0ms,0x91,lampfx_145_sea_stage_5,strength 3 if setting>=2,,anim_117_img6732,FUN_0102564c,,0x1027b88
121,deff_121_sea_stage_6,tron_sea_stage_6,Sea of Simulation stage animation 6,Sea of Simulation stage award,209,,,29,1595,yes,0,0x10a@0ms,0x10a 0x111,leff_073@0ms,0x92,lampfx_146_sea_stage_6,strength 3 if setting>=2,,anim_117_img6732,FUN_010258f0,,0x1027cac
122,deff_122_sea_stage_7,tron_sea_stage_7,Sea of Simulation stage animation 7,Sea of Simulation stage award,209,,,29,1592,yes,0,0x10a@0ms,0x10a 0x111,leff_074@0ms,0x93,lampfx_147_sea_stage_7,strength 3 if setting>=2,,anim_117_img6732,FUN_01025c50,,0x1027dd0
123,deff_123_sea_stage_8,tron_sea_stage_8,Sea of Simulation stage animation 8,Sea of Simulation stage award,209,,,29,1593,yes,0,0x10a@0ms,0x10a 0x111,leff_075@0ms,0x94,lampfx_148_sea_stage_8,strength 3 if setting>=2,,anim_117_img6732,FUN_01025f64,,0x1027ef4
124,deff_124_sea_stage_9,tron_sea_stage_9,Sea of Simulation stage animation 9,Sea of Simulation stage award,209,,,29,1591,yes,0,0x10a@0ms,0x10a 0x111,leff_076@0ms,0x95,lampfx_149_sea_stage_9,strength 3 if setting>=2,,anim_117_img6732,FUN_01026228,,0x102801c
125,deff_125_sea_of_simulation_completed,tron_sea_of_simulation_completed,SEA OF SIMULATION COMPLETED,all stages done,211,,"SEA OF / SIMULATION / COMPLETED / %,02lu",165,10195,yes,0,0x113@8013ms,0x113,leff_077@0ms,0x96,lampfx_150_sea_of_simulation_completed,strength 3 if setting>=2,,anim_115_img6512,,,0x1028140
126,deff_126_sea_of_simulation_total,tron_sea_of_simulation_total,SEA OF SIMULATION TOTAL,Sea of Simulation end,212,,"SEA OF / SIMULATION / TOTAL: / %,02lu",1,4135,yes,2,0x115@0ms,0x114 0x115,leff_078@0ms,0x97,lampfx_151_sea_of_simulation_total,strength 3 if setting>=2,,anim_113_img6443,,,0x10283cc
127,deff_127_debug_image_viewer,,Debug image-sequence viewer (frame number only),none in game code (debug),176,,%u,0,12001,yes,0,,,,,,,,,,,0x1010b90
128,deff_128_clip_player_a,tron_clip_player_a,Clip player: plays film clip 0-29 by number,"none in game code (no deff_start(0x80) call site; debug clip viewer, inferred)",176,,,113,5548,yes,0,,,,,,,,anim_024_img2844,,,0x1011348
129,deff_129_clip_player_b,tron_clip_player_b,Clip player: plays film clip 30-73 by number,"none in game code (no deff_start(0x81) call site; debug clip viewer, inferred)",176,,,113,5549,yes,0,,,,,,,,anim_074_img4629 anim_075_img4640 anim_076_img4669 anim_077_img4692 anim_078_img4708,,,0x1011e24
130,deff_130_game_over_disc_progress,tron_game_over_disc_progress,GAME OVER / n MORE TO ACCESS DISC,end of game hint,176,,GAME OVER / %u MORE / TO ACCESS / DISC,30,2269,yes,0,,,,,,,,anim_010_img2623,,,0x1011e64
131,deff_131_clu_face,tron_clu_face,CLU face animation,CLU feature,176,,,1,2715,yes,0,,,,,,,,anim_014_img2743,,,0x1011fb0
132,deff_132_extra_ball_lit,tron_extra_ball_lit,EXTRA BALL IS LIT,extra ball lit,180,,EXTRA BALL / IS LIT,0,3198,yes,10,0x116@0ms 0x117@975ms,0x116 0x117,,0x98,,,34 R. RAMP EXIT,,,,0x1012284
133,deff_133_extra_ball,tron_extra_ball,EXTRA BALL,extra ball collected,181,,"EXTRA / BALL / %,02lu",60,3114,yes,7,0x119@0ms 0x11a@0ms,0x119 0x11a,,0x99,lampfx_153_extra_ball,,,anim_112_img6383,,,0x101237c
134,deff_134_left_ramp_big_bumps,,LEFT RAMP MADE / SHOOT LEFT ORBIT FOR BIG BUMPS,left ramp made: Big Bumps (pop bumper feature) offered at the left orbit,192,,LEFT RAMP MADE / SHOOT LEFT ORBIT / FOR BIG BUMPS,0,2127,yes,0,,,,,,,,,FUN_0101cc04,,0x101c934
135,deff_135_big_bumps,,n BIG BUMPS,pop bumpers big bumps (sw30-32),194,,"%d BIG BUMP%P1//S/% / %,02lu",0,858,yes,0,,,,0x9b,,,,,FUN_0101c3a4 FUN_0101c3ac,sw32_bottom_bumper(1) sw30_left_bumper(1) sw31_right_bumper(1),0x101ca38
136,deff_136_find_flynn_intro,tron_find_flynn_intro,SHOOT ROVING RED ARROW TO FIND FLYNN,Find Flynn start (ZEN rollover sw12),152,,SHOOT / ROVING / RED ARROW / TO / FIND FLYNN,1,1694,yes,60,,,leff_013@0ms,0x9c,,strength 2 if setting>=3,12 ZEN ROLLOVER,anim_016_img2762,on_find_flynn_started,sw12_zen_rollover(1),0x100d890
137,deff_137_flynn_found,tron_flynn_found,FLYNN FOUND,Find Flynn completed,159,,"FLYNN / FOUND / %,02lu",1,1693,yes,55,0x0e7@0ms,0x0e7,leff_015@0ms,0x9e,,strength 2 if setting>=3,46 RIGHT ORBIT / 35 L. RAMP ENTRANCE / 38 R. RAMP ENTRANCE / 43 LEFT ORBIT / 39 RIGHT INNER LOOP / 44 LEFT SPINNER,anim_016_img2762,on_find_flynn_completed,sw39_right_inner_loop(1) sw46_right_orbit(2) sw34_r_ramp_exit(2) sw37_l_ramp_exit(2) sw44_left_spinner(2) sw43_left_orbit(2) sw36_right_orbit_spinner(3),0x100daec
138,deff_138_combo,tron_combo,n WAY COMBO / JACKPOT,combo award,164,,"%u / WAY / COMBO / %,02lu / JACKPOT=%,02lu",0,2180,yes,121,0x127@0ms,0x127,,0xa0,,strength 2 if setting>=3,39 RIGHT INNER LOOP / 38 R. RAMP ENTRANCE / 44 LEFT SPINNER / 46 RIGHT ORBIT / 43 LEFT ORBIT,,on_combo_awards,sw39_right_inner_loop(1) sw46_right_orbit(2) sw34_r_ramp_exit(2) sw37_l_ramp_exit(2) sw44_left_spinner(2) sw43_left_orbit(2) sw36_right_orbit_spinner(3),0x1003c30
139,deff_139_end_of_line_jackpot_combo,tron_end_of_line_jackpot_combo,END OF LINE JACKPOT,combo / End of Line jackpot,176,,"END OF LINE / JACKPOT / %,02lu",1,1694,yes,9,,,,0xa2,,strength 2 if setting>=3,,anim_105_img6006,,,0x1003eb0
140,deff_140_portal_multiball_intro,tron_portal_multiball_intro,PORTAL MULTIBALL intro (Sea of Simulation bonus),Portal Multiball start,192,,"%,02lu / SEA OF SIMULATION / BONUS / PORTAL / MULTIBALL / COMPLETE ALL SHOTS / FOR / SUPER JACKPOT",68,5295,yes,0,0x077@0ms 0x078@3222ms,0x077 0x078,leff_080@0ms,0xa5,lampfx_165_portal_multiball_intro,strength 3 if setting>=1,,anim_121_img6897 anim_122_img7009,,,0x102faec
141,deff_141_portal_multiball_running,,PORTAL MULTIBALL status (background),during Portal Multiball,1,yes,"PORTAL MULTIBALL / SUPER JACKPOT LIT / SHOOT DISC / NEXT SHOT=%,02lu / ALL SHOTS=%,02lu",0,12013,yes,0,,,,,,,,,,,0x102ffa0
142,deff_142_portal_shot,tron_portal_shot,Portal shot value,"Portal Multiball shot (disc, inner loop, orbit)",193,,"%,02lu",36,3408,yes,0,0x079@0ms 0x07a@1710ms 0x07a@2200ms,0x079 0x07a,leff_082@0ms,0xa8,lampfx_168_portal_shot,strength 2 if setting>=2,,anim_131_img7510,FUN_0102f6c8,sw41_disc_opto(1) sw39_right_inner_loop(1) sw46_right_orbit(2) sw34_r_ramp_exit(2) sw37_l_ramp_exit(2) sw44_left_spinner(2) sw43_left_orbit(2) sw36_right_orbit_spinner(3),0x1030514
143,deff_143_portal_super_jackpot,tron_portal_super_jackpot,SUPER JACKPOT,Portal Multiball super jackpot,195,,"SUPER / JACKPOT / %,02lu",133,8938,yes,0,0x07b@0ms 0x07c@5284ms 0x07d@6262ms,0x07b 0x07c 0x07d,leff_083@0ms,0xa9,lampfx_169_portal_super_jackpot,strength 3 if setting>=1,,anim_141_img7977,FUN_0102f6c8,sw41_disc_opto(1) sw39_right_inner_loop(1) sw46_right_orbit(2) sw34_r_ramp_exit(2) sw37_l_ramp_exit(2) sw44_left_spinner(2) sw43_left_orbit(2) sw36_right_orbit_spinner(3),0x10307d8
144,deff_144_portal_jackpot,tron_portal_jackpot,Portal jackpot value,Portal Multiball jackpot,194,,"%,02lu",0,2185,yes,0,0x07e@0ms 0x07f@979ms,0x07e 0x07f,leff_084@0ms,0xaa,lampfx_170_portal_jackpot,strength 3 if setting>=1,,,FUN_0102f6c8,sw41_disc_opto(1) sw39_right_inner_loop(1) sw46_right_orbit(2) sw34_r_ramp_exit(2) sw37_l_ramp_exit(2) sw44_left_spinner(2) sw43_left_orbit(2) sw36_right_orbit_spinner(3),0x1030ad8
145,deff_145_portal_total,tron_portal_total,PORTAL MULTIBALL TOTAL,Portal Multiball end,196,,"PORTAL MULTIBALL / TOTAL: / %,02lu",0,2991,yes,0,0x080@0ms,0x080,leff_085@0ms,0xab,lampfx_171_portal_total,,,,,,0x1030d10
